ID,level,model_id,kappa_struct,CueType,Duration_ms,SessionF,kappa,kappa_lo,kappa_hi,circSD_deg,gamma,gamma_lo,gamma_hi,beta,beta_lo,beta_hi,p_target
P01,L0,L0_2k,2k,NR,50,1,1.5047632414194592,1.347568318085402,1.700648886408794,58.167013630268464,NA,NA,NA,NA,NA,NA,NA
P01,L0,L0_2k,2k,NR,50,2,1.594446944376608,1.390258960184438,1.8232058799763757,56.15284388703553,NA,NA,NA,NA,NA,NA,NA
P01,L0,L0_2k,2k,NR,50,3,2.3633925352064393,2.0585317910471383,2.673704196030824,43.53255571930255,NA,NA,NA,NA,NA,NA,NA
P01,L0,L0_2k,2k,NR,50,4,1.864040074643393,1.6529326404446072,2.1256632057680522,50.88215172895623,NA,NA,NA,NA,NA,NA,NA
P01,L0,L0_2k,2k,NR,50,5,1.9608333486751315,1.7210853452838193,2.229165197558586,49.23926628430907,NA,NA,NA,NA,NA,NA,NA
P01,L0,L0_2k,2k,NR,50,6,1.987899741035005,1.7366907656930588,2.266144651936668,48.8007637200951,NA,NA,NA,NA,NA,NA,NA
P01,L0,L0_2k,2k,NR,50,7,1.4889714788823492,1.305308570210233,1.674052082612395,58.53682034489422,NA,NA,NA,NA,NA,NA,NA
P01,L0,L0_2k,2k,NR,50,8,1.9927289625722184,1.7489453790331764,2.2732087138150043,48.72344936934359,NA,NA,NA,NA,NA,NA,NA
P01,L0,L0_2k,2k,NR,50,9,1.7925706121657785,1.5629068088756208,2.0362299314287475,52.1747112938727,NA,NA,NA,NA,NA,NA,NA
P01,L0,L0_2k,2k,NR,50,10,1.8941227195427521,1.6593373915693437,2.1471006656148672,50.35869058208917,NA,NA,NA,NA,NA,NA,NA
P01,L0,L0_2k,2k,NR,100,1,1.5047632414194592,1.347568318085402,1.700648886408794,58.167013630268464,NA,NA,NA,NA,NA,NA,NA
P01,L0,L0_2k,2k,NR,100,2,1.594446944376608,1.390258960184438,1.8232058799763757,56.15284388703553,NA,NA,NA,NA,NA,NA,NA
P01,L0,L0_2k,2k,NR,100,3,2.3633925352064393,2.0585317910471383,2.673704196030824,43.53255571930255,NA,NA,NA,NA,NA,NA,NA
P01,L0,L0_2k,2k,NR,100,4,1.864040074643393,1.6529326404446072,2.1256632057680522,50.88215172895623,NA,NA,NA,NA,NA,NA,NA
P01,L0,L0_2k,2k,NR,100,5,1.9608333486751315,1.7210853452838193,2.229165197558586,49.23926628430907,NA,NA,NA,NA,NA,NA,NA
P01,L0,L0_2k,2k,NR,100,6,1.987899741035005,1.7366907656930588,2.266144651936668,48.8007637200951,NA,NA,NA,NA,NA,NA,NA
P01,L0,L0_2k,2k,NR,100,7,1.4889714788823492,1.305308570210233,1.674052082612395,58.53682034489422,NA,NA,NA,NA,NA,NA,NA
P01,L0,L0_2k,2k,NR,100,8,1.9927289625722184,1.7489453790331764,2.2732087138150043,48.72344936934359,NA,NA,NA,NA,NA,NA,NA
P01,L0,L0_2k,2k,NR,100,9,1.7925706121657785,1.5629068088756208,2.0362299314287475,52.1747112938727,NA,NA,NA,NA,NA,NA,NA
P01,L0,L0_2k,2k,NR,100,10,1.8941227195427521,1.6593373915693437,2.1471006656148672,50.35869058208917,NA,NA,NA,NA,NA,NA,NA
P01,L0,L0_2k,2k,NR,150,1,1.5047632414194592,1.347568318085402,1.700648886408794,58.167013630268464,NA,NA,NA,NA,NA,NA,NA
P01,L0,L0_2k,2k,NR,150,2,1.594446944376608,1.390258960184438,1.8232058799763757,56.15284388703553,NA,NA,NA,NA,NA,NA,NA
P01,L0,L0_2k,2k,NR,150,3,2.3633925352064393,2.0585317910471383,2.673704196030824,43.53255571930255,NA,NA,NA,NA,NA,NA,NA
P01,L0,L0_2k,2k,NR,150,4,1.864040074643393,1.6529326404446072,2.1256632057680522,50.88215172895623,NA,NA,NA,NA,NA,NA,NA
P01,L0,L0_2k,2k,NR,150,5,1.9608333486751315,1.7210853452838193,2.229165197558586,49.23926628430907,NA,NA,NA,NA,NA,NA,NA
P01,L0,L0_2k,2k,NR,150,6,1.987899741035005,1.7366907656930588,2.266144651936668,48.8007637200951,NA,NA,NA,NA,NA,NA,NA
P01,L0,L0_2k,2k,NR,150,7,1.4889714788823492,1.305308570210233,1.674052082612395,58.53682034489422,NA,NA,NA,NA,NA,NA,NA
P01,L0,L0_2k,2k,NR,150,8,1.9927289625722184,1.7489453790331764,2.2732087138150043,48.72344936934359,NA,NA,NA,NA,NA,NA,NA
P01,L0,L0_2k,2k,NR,150,9,1.7925706121657785,1.5629068088756208,2.0362299314287475,52.1747112938727,NA,NA,NA,NA,NA,NA,NA
P01,L0,L0_2k,2k,NR,150,10,1.8941227195427521,1.6593373915693437,2.1471006656148672,50.35869058208917,NA,NA,NA,NA,NA,NA,NA
P01,L0,L0_2k,2k,NR,200,1,1.5047632414194592,1.347568318085402,1.700648886408794,58.167013630268464,NA,NA,NA,NA,NA,NA,NA
P01,L0,L0_2k,2k,NR,200,2,1.594446944376608,1.390258960184438,1.8232058799763757,56.15284388703553,NA,NA,NA,NA,NA,NA,NA
P01,L0,L0_2k,2k,NR,200,3,2.3633925352064393,2.0585317910471383,2.673704196030824,43.53255571930255,NA,NA,NA,NA,NA,NA,NA
P01,L0,L0_2k,2k,NR,200,4,1.864040074643393,1.6529326404446072,2.1256632057680522,50.88215172895623,NA,NA,NA,NA,NA,NA,NA
P01,L0,L0_2k,2k,NR,200,5,1.9608333486751315,1.7210853452838193,2.229165197558586,49.23926628430907,NA,NA,NA,NA,NA,NA,NA
P01,L0,L0_2k,2k,NR,200,6,1.987899741035005,1.7366907656930588,2.266144651936668,48.8007637200951,NA,NA,NA,NA,NA,NA,NA
P01,L0,L0_2k,2k,NR,200,7,1.4889714788823492,1.305308570210233,1.674052082612395,58.53682034489422,NA,NA,NA,NA,NA,NA,NA
P01,L0,L0_2k,2k,NR,200,8,1.9927289625722184,1.7489453790331764,2.2732087138150043,48.72344936934359,NA,NA,NA,NA,NA,NA,NA
P01,L0,L0_2k,2k,NR,200,9,1.7925706121657785,1.5629068088756208,2.0362299314287475,52.1747112938727,NA,NA,NA,NA,NA,NA,NA
P01,L0,L0_2k,2k,NR,200,10,1.8941227195427521,1.6593373915693437,2.1471006656148672,50.35869058208917,NA,NA,NA,NA,NA,NA,NA
P01,L0,L0_2k,2k,NR,250,1,1.5047632414194592,1.347568318085402,1.700648886408794,58.167013630268464,NA,NA,NA,NA,NA,NA,NA
P01,L0,L0_2k,2k,NR,250,2,1.594446944376608,1.390258960184438,1.8232058799763757,56.15284388703553,NA,NA,NA,NA,NA,NA,NA
P01,L0,L0_2k,2k,NR,250,3,2.3633925352064393,2.0585317910471383,2.673704196030824,43.53255571930255,NA,NA,NA,NA,NA,NA,NA
P01,L0,L0_2k,2k,NR,250,4,1.864040074643393,1.6529326404446072,2.1256632057680522,50.88215172895623,NA,NA,NA,NA,NA,NA,NA
P01,L0,L0_2k,2k,NR,250,5,1.9608333486751315,1.7210853452838193,2.229165197558586,49.23926628430907,NA,NA,NA,NA,NA,NA,NA
P01,L0,L0_2k,2k,NR,250,6,1.987899741035005,1.7366907656930588,2.266144651936668,48.8007637200951,NA,NA,NA,NA,NA,NA,NA
P01,L0,L0_2k,2k,NR,250,7,1.4889714788823492,1.305308570210233,1.674052082612395,58.53682034489422,NA,NA,NA,NA,NA,NA,NA
P01,L0,L0_2k,2k,NR,250,8,1.9927289625722184,1.7489453790331764,2.2732087138150043,48.72344936934359,NA,NA,NA,NA,NA,NA,NA
P01,L0,L0_2k,2k,NR,250,9,1.7925706121657785,1.5629068088756208,2.0362299314287475,52.1747112938727,NA,NA,NA,NA,NA,NA,NA
P01,L0,L0_2k,2k,NR,250,10,1.8941227195427521,1.6593373915693437,2.1471006656148672,50.35869058208917,NA,NA,NA,NA,NA,NA,NA
P01,L0,L0_2k,2k,NR,300,1,1.5047632414194592,1.347568318085402,1.700648886408794,58.167013630268464,NA,NA,NA,NA,NA,NA,NA
P01,L0,L0_2k,2k,NR,300,2,1.594446944376608,1.390258960184438,1.8232058799763757,56.15284388703553,NA,NA,NA,NA,NA,NA,NA
P01,L0,L0_2k,2k,NR,300,3,2.3633925352064393,2.0585317910471383,2.673704196030824,43.53255571930255,NA,NA,NA,NA,NA,NA,NA
P01,L0,L0_2k,2k,NR,300,4,1.864040074643393,1.6529326404446072,2.1256632057680522,50.88215172895623,NA,NA,NA,NA,NA,NA,NA
P01,L0,L0_2k,2k,NR,300,5,1.9608333486751315,1.7210853452838193,2.229165197558586,49.23926628430907,NA,NA,NA,NA,NA,NA,NA
P01,L0,L0_2k,2k,NR,300,6,1.987899741035005,1.7366907656930588,2.266144651936668,48.8007637200951,NA,NA,NA,NA,NA,NA,NA
P01,L0,L0_2k,2k,NR,300,7,1.4889714788823492,1.305308570210233,1.674052082612395,58.53682034489422,NA,NA,NA,NA,NA,NA,NA
P01,L0,L0_2k,2k,NR,300,8,1.9927289625722184,1.7489453790331764,2.2732087138150043,48.72344936934359,NA,NA,NA,NA,NA,NA,NA
P01,L0,L0_2k,2k,NR,300,9,1.7925706121657785,1.5629068088756208,2.0362299314287475,52.1747112938727,NA,NA,NA,NA,NA,NA,NA
P01,L0,L0_2k,2k,NR,300,10,1.8941227195427521,1.6593373915693437,2.1471006656148672,50.35869058208917,NA,NA,NA,NA,NA,NA,NA
P01,L0,L0_2k,2k,NR,350,1,1.5047632414194592,1.347568318085402,1.700648886408794,58.167013630268464,NA,NA,NA,NA,NA,NA,NA
P01,L0,L0_2k,2k,NR,350,2,1.594446944376608,1.390258960184438,1.8232058799763757,56.15284388703553,NA,NA,NA,NA,NA,NA,NA
P01,L0,L0_2k,2k,NR,350,3,2.3633925352064393,2.0585317910471383,2.673704196030824,43.53255571930255,NA,NA,NA,NA,NA,NA,NA
P01,L0,L0_2k,2k,NR,350,4,1.864040074643393,1.6529326404446072,2.1256632057680522,50.88215172895623,NA,NA,NA,NA,NA,NA,NA
P01,L0,L0_2k,2k,NR,350,5,1.9608333486751315,1.7210853452838193,2.229165197558586,49.23926628430907,NA,NA,NA,NA,NA,NA,NA
P01,L0,L0_2k,2k,NR,350,6,1.987899741035005,1.7366907656930588,2.266144651936668,48.8007637200951,NA,NA,NA,NA,NA,NA,NA
P01,L0,L0_2k,2k,NR,350,7,1.4889714788823492,1.305308570210233,1.674052082612395,58.53682034489422,NA,NA,NA,NA,NA,NA,NA
P01,L0,L0_2k,2k,NR,350,8,1.9927289625722184,1.7489453790331764,2.2732087138150043,48.72344936934359,NA,NA,NA,NA,NA,NA,NA
P01,L0,L0_2k,2k,NR,350,9,1.7925706121657785,1.5629068088756208,2.0362299314287475,52.1747112938727,NA,NA,NA,NA,NA,NA,NA
P01,L0,L0_2k,2k,NR,350,10,1.8941227195427521,1.6593373915693437,2.1471006656148672,50.35869058208917,NA,NA,NA,NA,NA,NA,NA
P01,L0,L0_2k,2k,R,50,1,5.886683999970748,5.271882706477014,6.559548209033802,24.802359231034078,NA,NA,NA,NA,NA,NA,NA
P01,L0,L0_2k,2k,R,50,2,6.212073202046969,5.42861961889022,7.121766231273488,24.07077997285865,NA,NA,NA,NA,NA,NA,NA
P01,L0,L0_2k,2k,R,50,3,9.258662042940298,7.89999281060606,10.563336962619452,19.389865411334704,NA,NA,NA,NA,NA,NA,NA
P01,L0,L0_2k,2k,R,50,4,7.284618170662469,6.3555375967579755,8.192427808563751,22.056772815996812,NA,NA,NA,NA,NA,NA,NA
P01,L0,L0_2k,2k,R,50,5,7.666344832559956,6.644255588681495,8.764249062148366,21.45449006995866,NA,NA,NA,NA,NA,NA,NA
P01,L0,L0_2k,2k,R,50,6,7.734943009736217,6.786378196379857,8.823985190036007,21.351450819502013,NA,NA,NA,NA,NA,NA,NA
P01,L0,L0_2k,2k,R,50,7,5.79877373956181,5.141425923897907,6.449278682084981,25.012012814409548,NA,NA,NA,NA,NA,NA,NA
P01,L0,L0_2k,2k,R,50,8,7.743311617924942,6.842877905588768,8.837900834904445,21.338982942756335,NA,NA,NA,NA,NA,NA,NA
P01,L0,L0_2k,2k,R,50,9,6.991326960262832,6.130815331239972,7.86739489168891,22.556086075440255,NA,NA,NA,NA,NA,NA,NA
P01,L0,L0_2k,2k,R,50,10,7.398716065602698,6.521609283887611,8.352665151248887,21.871400725808844,NA,NA,NA,NA,NA,NA,NA
P01,L0,L0_2k,2k,R,100,1,5.886683999970748,5.271882706477014,6.559548209033802,24.802359231034078,NA,NA,NA,NA,NA,NA,NA
P01,L0,L0_2k,2k,R,100,2,6.212073202046969,5.42861961889022,7.121766231273488,24.07077997285865,NA,NA,NA,NA,NA,NA,NA
P01,L0,L0_2k,2k,R,100,3,9.258662042940298,7.89999281060606,10.563336962619452,19.389865411334704,NA,NA,NA,NA,NA,NA,NA
P01,L0,L0_2k,2k,R,100,4,7.284618170662469,6.3555375967579755,8.192427808563751,22.056772815996812,NA,NA,NA,NA,NA,NA,NA
P01,L0,L0_2k,2k,R,100,5,7.666344832559956,6.644255588681495,8.764249062148366,21.45449006995866,NA,NA,NA,NA,NA,NA,NA
P01,L0,L0_2k,2k,R,100,6,7.734943009736217,6.786378196379857,8.823985190036007,21.351450819502013,NA,NA,NA,NA,NA,NA,NA
P01,L0,L0_2k,2k,R,100,7,5.79877373956181,5.141425923897907,6.449278682084981,25.012012814409548,NA,NA,NA,NA,NA,NA,NA
P01,L0,L0_2k,2k,R,100,8,7.743311617924942,6.842877905588768,8.837900834904445,21.338982942756335,NA,NA,NA,NA,NA,NA,NA
P01,L0,L0_2k,2k,R,100,9,6.991326960262832,6.130815331239972,7.86739489168891,22.556086075440255,NA,NA,NA,NA,NA,NA,NA
P01,L0,L0_2k,2k,R,100,10,7.398716065602698,6.521609283887611,8.352665151248887,21.871400725808844,NA,NA,NA,NA,NA,NA,NA
P01,L0,L0_2k,2k,R,150,1,5.886683999970748,5.271882706477014,6.559548209033802,24.802359231034078,NA,NA,NA,NA,NA,NA,NA
P01,L0,L0_2k,2k,R,150,2,6.212073202046969,5.42861961889022,7.121766231273488,24.07077997285865,NA,NA,NA,NA,NA,NA,NA
P01,L0,L0_2k,2k,R,150,3,9.258662042940298,7.89999281060606,10.563336962619452,19.389865411334704,NA,NA,NA,NA,NA,NA,NA
P01,L0,L0_2k,2k,R,150,4,7.284618170662469,6.3555375967579755,8.192427808563751,22.056772815996812,NA,NA,NA,NA,NA,NA,NA
P01,L0,L0_2k,2k,R,150,5,7.666344832559956,6.644255588681495,8.764249062148366,21.45449006995866,NA,NA,NA,NA,NA,NA,NA
P01,L0,L0_2k,2k,R,150,6,7.734943009736217,6.786378196379857,8.823985190036007,21.351450819502013,NA,NA,NA,NA,NA,NA,NA
P01,L0,L0_2k,2k,R,150,7,5.79877373956181,5.141425923897907,6.449278682084981,25.012012814409548,NA,NA,NA,NA,NA,NA,NA
P01,L0,L0_2k,2k,R,150,8,7.743311617924942,6.842877905588768,8.837900834904445,21.338982942756335,NA,NA,NA,NA,NA,NA,NA
P01,L0,L0_2k,2k,R,150,9,6.991326960262832,6.130815331239972,7.86739489168891,22.556086075440255,NA,NA,NA,NA,NA,NA,NA
P01,L0,L0_2k,2k,R,150,10,7.398716065602698,6.521609283887611,8.352665151248887,21.871400725808844,NA,NA,NA,NA,NA,NA,NA
P01,L0,L0_2k,2k,R,200,1,5.886683999970748,5.271882706477014,6.559548209033802,24.802359231034078,NA,NA,NA,NA,NA,NA,NA
P01,L0,L0_2k,2k,R,200,2,6.212073202046969,5.42861961889022,7.121766231273488,24.07077997285865,NA,NA,NA,NA,NA,NA,NA
P01,L0,L0_2k,2k,R,200,3,9.258662042940298,7.89999281060606,10.563336962619452,19.389865411334704,NA,NA,NA,NA,NA,NA,NA
P01,L0,L0_2k,2k,R,200,4,7.284618170662469,6.3555375967579755,8.192427808563751,22.056772815996812,NA,NA,NA,NA,NA,NA,NA
P01,L0,L0_2k,2k,R,200,5,7.666344832559956,6.644255588681495,8.764249062148366,21.45449006995866,NA,NA,NA,NA,NA,NA,NA
P01,L0,L0_2k,2k,R,200,6,7.734943009736217,6.786378196379857,8.823985190036007,21.351450819502013,NA,NA,NA,NA,NA,NA,NA
P01,L0,L0_2k,2k,R,200,7,5.79877373956181,5.141425923897907,6.449278682084981,25.012012814409548,NA,NA,NA,NA,NA,NA,NA
P01,L0,L0_2k,2k,R,200,8,7.743311617924942,6.842877905588768,8.837900834904445,21.338982942756335,NA,NA,NA,NA,NA,NA,NA
P01,L0,L0_2k,2k,R,200,9,6.991326960262832,6.130815331239972,7.86739489168891,22.556086075440255,NA,NA,NA,NA,NA,NA,NA
P01,L0,L0_2k,2k,R,200,10,7.398716065602698,6.521609283887611,8.352665151248887,21.871400725808844,NA,NA,NA,NA,NA,NA,NA
P01,L0,L0_2k,2k,R,250,1,5.886683999970748,5.271882706477014,6.559548209033802,24.802359231034078,NA,NA,NA,NA,NA,NA,NA
P01,L0,L0_2k,2k,R,250,2,6.212073202046969,5.42861961889022,7.121766231273488,24.07077997285865,NA,NA,NA,NA,NA,NA,NA
P01,L0,L0_2k,2k,R,250,3,9.258662042940298,7.89999281060606,10.563336962619452,19.389865411334704,NA,NA,NA,NA,NA,NA,NA
P01,L0,L0_2k,2k,R,250,4,7.284618170662469,6.3555375967579755,8.192427808563751,22.056772815996812,NA,NA,NA,NA,NA,NA,NA
P01,L0,L0_2k,2k,R,250,5,7.666344832559956,6.644255588681495,8.764249062148366,21.45449006995866,NA,NA,NA,NA,NA,NA,NA
P01,L0,L0_2k,2k,R,250,6,7.734943009736217,6.786378196379857,8.823985190036007,21.351450819502013,NA,NA,NA,NA,NA,NA,NA
P01,L0,L0_2k,2k,R,250,7,5.79877373956181,5.141425923897907,6.449278682084981,25.012012814409548,NA,NA,NA,NA,NA,NA,NA
P01,L0,L0_2k,2k,R,250,8,7.743311617924942,6.842877905588768,8.837900834904445,21.338982942756335,NA,NA,NA,NA,NA,NA,NA
P01,L0,L0_2k,2k,R,250,9,6.991326960262832,6.130815331239972,7.86739489168891,22.556086075440255,NA,NA,NA,NA,NA,NA,NA
P01,L0,L0_2k,2k,R,250,10,7.398716065602698,6.521609283887611,8.352665151248887,21.871400725808844,NA,NA,NA,NA,NA,NA,NA
P01,L0,L0_2k,2k,R,300,1,5.886683999970748,5.271882706477014,6.559548209033802,24.802359231034078,NA,NA,NA,NA,NA,NA,NA
P01,L0,L0_2k,2k,R,300,2,6.212073202046969,5.42861961889022,7.121766231273488,24.07077997285865,NA,NA,NA,NA,NA,NA,NA
P01,L0,L0_2k,2k,R,300,3,9.258662042940298,7.89999281060606,10.563336962619452,19.389865411334704,NA,NA,NA,NA,NA,NA,NA
P01,L0,L0_2k,2k,R,300,4,7.284618170662469,6.3555375967579755,8.192427808563751,22.056772815996812,NA,NA,NA,NA,NA,NA,NA
P01,L0,L0_2k,2k,R,300,5,7.666344832559956,6.644255588681495,8.764249062148366,21.45449006995866,NA,NA,NA,NA,NA,NA,NA
P01,L0,L0_2k,2k,R,300,6,7.734943009736217,6.786378196379857,8.823985190036007,21.351450819502013,NA,NA,NA,NA,NA,NA,NA
P01,L0,L0_2k,2k,R,300,7,5.79877373956181,5.141425923897907,6.449278682084981,25.012012814409548,NA,NA,NA,NA,NA,NA,NA
P01,L0,L0_2k,2k,R,300,8,7.743311617924942,6.842877905588768,8.837900834904445,21.338982942756335,NA,NA,NA,NA,NA,NA,NA
P01,L0,L0_2k,2k,R,300,9,6.991326960262832,6.130815331239972,7.86739489168891,22.556086075440255,NA,NA,NA,NA,NA,NA,NA
P01,L0,L0_2k,2k,R,300,10,7.398716065602698,6.521609283887611,8.352665151248887,21.871400725808844,NA,NA,NA,NA,NA,NA,NA
P01,L0,L0_2k,2k,R,350,1,5.886683999970748,5.271882706477014,6.559548209033802,24.802359231034078,NA,NA,NA,NA,NA,NA,NA
P01,L0,L0_2k,2k,R,350,2,6.212073202046969,5.42861961889022,7.121766231273488,24.07077997285865,NA,NA,NA,NA,NA,NA,NA
P01,L0,L0_2k,2k,R,350,3,9.258662042940298,7.89999281060606,10.563336962619452,19.389865411334704,NA,NA,NA,NA,NA,NA,NA
P01,L0,L0_2k,2k,R,350,4,7.284618170662469,6.3555375967579755,8.192427808563751,22.056772815996812,NA,NA,NA,NA,NA,NA,NA
P01,L0,L0_2k,2k,R,350,5,7.666344832559956,6.644255588681495,8.764249062148366,21.45449006995866,NA,NA,NA,NA,NA,NA,NA
P01,L0,L0_2k,2k,R,350,6,7.734943009736217,6.786378196379857,8.823985190036007,21.351450819502013,NA,NA,NA,NA,NA,NA,NA
P01,L0,L0_2k,2k,R,350,7,5.79877373956181,5.141425923897907,6.449278682084981,25.012012814409548,NA,NA,NA,NA,NA,NA,NA
P01,L0,L0_2k,2k,R,350,8,7.743311617924942,6.842877905588768,8.837900834904445,21.338982942756335,NA,NA,NA,NA,NA,NA,NA
P01,L0,L0_2k,2k,R,350,9,6.991326960262832,6.130815331239972,7.86739489168891,22.556086075440255,NA,NA,NA,NA,NA,NA,NA
P01,L0,L0_2k,2k,R,350,10,7.398716065602698,6.521609283887611,8.352665151248887,21.871400725808844,NA,NA,NA,NA,NA,NA,NA
P01,L0,L0_14k,14k,NR,50,1,1.5511084802909125,1.3204854625322835,1.8268927081915707,57.108266531026025,NA,NA,NA,NA,NA,NA,NA
P01,L0,L0_14k,14k,NR,50,2,1.5409089208459612,1.2813820350954928,1.8352491172852214,57.33793120785218,NA,NA,NA,NA,NA,NA,NA
P01,L0,L0_14k,14k,NR,50,3,2.173038651385404,1.8114823736163699,2.5625591456591823,46.02489880251783,NA,NA,NA,NA,NA,NA,NA
P01,L0,L0_14k,14k,NR,50,4,1.7633969669617093,1.4879264395992922,2.0910361521080283,52.72292457740452,NA,NA,NA,NA,NA,NA,NA
P01,L0,L0_14k,14k,NR,50,5,1.8073721598731813,1.50953200710765,2.127608095900254,51.90121341822109,NA,NA,NA,NA,NA,NA,NA
P01,L0,L0_14k,14k,NR,50,6,1.8391120652069146,1.5355954844666193,2.201211650058285,51.32503429842219,NA,NA,NA,NA,NA,NA,NA
P01,L0,L0_14k,14k,NR,50,7,1.392507777623405,1.1508691636124573,1.675149914919329,60.901015819218586,NA,NA,NA,NA,NA,NA,NA
P01,L0,L0_14k,14k,NR,50,8,1.855031505103701,1.5407179522093644,2.208459658193785,51.041237563000635,NA,NA,NA,NA,NA,NA,NA
P01,L0,L0_14k,14k,NR,50,9,1.531584337816589,1.2768366201418022,1.8469608431567386,57.54952995561413,NA,NA,NA,NA,NA,NA,NA
P01,L0,L0_14k,14k,NR,50,10,1.7864471464261467,1.4870764048325111,2.1114253374464598,52.28876631985853,NA,NA,NA,NA,NA,NA,NA
P01,L0,L0_14k,14k,NR,100,1,1.7763279180982037,1.4843321984311653,2.0885363115867435,52.47842143335366,NA,NA,NA,NA,NA,NA,NA
P01,L0,L0_14k,14k,NR,100,2,1.7620277154181858,1.4496347517007437,2.1401451188831855,52.74895721740525,NA,NA,NA,NA,NA,NA,NA
P01,L0,L0_14k,14k,NR,100,3,2.487885618787077,2.074652334510605,2.979944739246632,42.073697427240504,NA,NA,NA,NA,NA,NA,NA
P01,L0,L0_14k,14k,NR,100,4,2.02422526622669,1.714979772546376,2.388845331619865,48.225937553788384,NA,NA,NA,NA,NA,NA,NA
P01,L0,L0_14k,14k,NR,100,5,2.069734217725376,1.7095787647676104,2.4566703380773984,47.5272178048252,NA,NA,NA,NA,NA,NA,NA
P01,L0,L0_14k,14k,NR,100,6,2.1060463668360754,1.76379841942996,2.4933611233270465,46.98620797246828,NA,NA,NA,NA,NA,NA,NA
P01,L0,L0_14k,14k,NR,100,7,1.597360649874942,1.3166661590461661,1.895773422968314,56.08977512612323,NA,NA,NA,NA,NA,NA,NA
P01,L0,L0_14k,14k,NR,100,8,2.123210080396854,1.757813496716825,2.513186831158087,46.735440304686605,NA,NA,NA,NA,NA,NA,NA
P01,L0,L0_14k,14k,NR,100,9,1.7559922721287538,1.4395071718752057,2.124270987899208,52.864031836875206,NA,NA,NA,NA,NA,NA,NA
P01,L0,L0_14k,14k,NR,100,10,2.0408969374437023,1.6707051446657701,2.454270580388821,47.96724690106004,NA,NA,NA,NA,NA,NA,NA
P01,L0,L0_14k,14k,NR,150,1,1.4112748319703705,1.1848606486403404,1.6474723727317329,60.42643922507747,NA,NA,NA,NA,NA,NA,NA
P01,L0,L0_14k,14k,NR,150,2,1.3999904433856916,1.1490620728560883,1.6686851988398272,60.71092353336433,NA,NA,NA,NA,NA,NA,NA
P01,L0,L0_14k,14k,NR,150,3,1.973214505869655,1.6287889483657434,2.338170495577514,49.03758231320393,NA,NA,NA,NA,NA,NA,NA
P01,L0,L0_14k,14k,NR,150,4,1.609050805450559,1.3166725842393647,1.906052172139046,55.83818487527546,NA,NA,NA,NA,NA,NA,NA
P01,L0,L0_14k,14k,NR,150,5,1.6382063420912285,1.3551037737259632,1.9537161515800325,55.22068584968966,NA,NA,NA,NA,NA,NA,NA
P01,L0,L0_14k,14k,NR,150,6,1.6707912976861636,1.3737292234988132,2.004988342500564,54.54701814485402,NA,NA,NA,NA,NA,NA,NA
P01,L0,L0_14k,14k,NR,150,7,1.265454809669313,1.04488462962864,1.5005747825261808,64.31469926029737,NA,NA,NA,NA,NA,NA,NA
P01,L0,L0_14k,14k,NR,150,8,1.6810570563640321,1.4125475256338964,2.0095187114523125,54.33830171904431,NA,NA,NA,NA,NA,NA,NA
P01,L0,L0_14k,14k,NR,150,9,1.3926048574869103,1.1221617438758063,1.6954733088283445,60.898542111611825,NA,NA,NA,NA,NA,NA,NA
P01,L0,L0_14k,14k,NR,150,10,1.6163043466446814,1.3528764811821383,1.942696602586514,55.68323614522725,NA,NA,NA,NA,NA,NA,NA
P01,L0,L0_14k,14k,NR,200,1,1.6422755823856705,1.4028546275511622,1.9465873818458017,55.135617816454385,NA,NA,NA,NA,NA,NA,NA
P01,L0,L0_14k,14k,NR,200,2,1.630129741832448,1.3569369190052354,1.9622072364419108,55.39033292797798,NA,NA,NA,NA,NA,NA,NA
P01,L0,L0_14k,14k,NR,200,3,2.3047582586878272,1.9503250271003283,2.7633490444975135,44.264718745440426,NA,NA,NA,NA,NA,NA,NA
P01,L0,L0_14k,14k,NR,200,4,1.8816592539335681,1.5652923031592,2.215371883632605,50.574123245304115,NA,NA,NA,NA,NA,NA,NA
P01,L0,L0_14k,14k,NR,200,5,1.9154724527675713,1.5818617382674758,2.267451021630923,49.994323019853596,NA,NA,NA,NA,NA,NA,NA
P01,L0,L0_14k,14k,NR,200,6,1.9530289104032041,1.6209860824093736,2.331971764219403,49.36735766619109,NA,NA,NA,NA,NA,NA,NA
P01,L0,L0_14k,14k,NR,200,7,1.4761267684144084,1.2053713210084962,1.7663342525259922,58.84108938982042,NA,NA,NA,NA,NA,NA,NA
P01,L0,L0_14k,14k,NR,200,8,1.9675639665274585,1.6522987445451447,2.318044002130329,49.12939645700567,NA,NA,NA,NA,NA,NA,NA
P01,L0,L0_14k,14k,NR,200,9,1.6236869503190499,1.3548302268391483,1.9272331418478397,55.52643402422923,NA,NA,NA,NA,NA,NA,NA
P01,L0,L0_14k,14k,NR,200,10,1.8938679417106878,1.5842202059786528,2.213832975544907,50.36307421852664,NA,NA,NA,NA,NA,NA,NA
P01,L0,L0_14k,14k,NR,250,1,1.597608018030387,1.3340352525683794,1.8826074616220367,56.084427369779114,NA,NA,NA,NA,NA,NA,NA
P01,L0,L0_14k,14k,NR,250,2,1.5813698584119682,1.3171790371386818,1.902589199940593,56.4376958762735,NA,NA,NA,NA,NA,NA,NA
P01,L0,L0_14k,14k,NR,250,3,2.23465577537167,1.8345964611885466,2.655598825440814,45.18086418247212,NA,NA,NA,NA,NA,NA,NA
P01,L0,L0_14k,14k,NR,250,4,1.8173703545798658,1.4865694907864528,2.197209253431395,51.718210438472035,NA,NA,NA,NA,NA,NA,NA
P01,L0,L0_14k,14k,NR,250,5,1.846694631025105,1.547845972006626,2.20751178003482,51.18943207025731,NA,NA,NA,NA,NA,NA,NA
P01,L0,L0_14k,14k,NR,250,6,1.891434857420867,1.5758727274842674,2.2477083932607678,50.40497960298491,NA,NA,NA,NA,NA,NA,NA
P01,L0,L0_14k,14k,NR,250,7,1.4259654641363373,1.1769432688691643,1.7155816930959196,60.059980137137124,NA,NA,NA,NA,NA,NA,NA
P01,L0,L0_14k,14k,NR,250,8,1.9158380225592562,1.581457299208519,2.242392343395007,49.988134763904846,NA,NA,NA,NA,NA,NA,NA
P01,L0,L0_14k,14k,NR,250,9,1.571529592461761,1.3093053105237988,1.879873358773901,56.65398943559923,NA,NA,NA,NA,NA,NA,NA
P01,L0,L0_14k,14k,NR,250,10,1.829649843910314,1.546753098998379,2.1618091416873653,51.495350029543395,NA,NA,NA,NA,NA,NA,NA
P01,L0,L0_14k,14k,NR,300,1,2.0040272389511262,1.7207504360999641,2.365611718371937,48.54364637647107,NA,NA,NA,NA,NA,NA,NA
P01,L0,L0_14k,14k,NR,300,2,1.9962936591372,1.6643660747233933,2.397516252879297,48.666557256441244,NA,NA,NA,NA,NA,NA,NA
P01,L0,L0_14k,14k,NR,300,3,2.820465029109483,2.3841779780513415,3.326665562203132,38.72687846804007,NA,NA,NA,NA,NA,NA,NA
P01,L0,L0_14k,14k,NR,300,4,2.2894109647603034,1.9502585385191467,2.7035836447464567,44.461407517269016,NA,NA,NA,NA,NA,NA,NA
P01,L0,L0_14k,14k,NR,300,5,2.3367087463229677,1.9293458485059316,2.7519820984683676,43.8620166809038,NA,NA,NA,NA,NA,NA,NA
P01,L0,L0_14k,14k,NR,300,6,2.3864478543724807,1.990686711886697,2.8460961117348926,43.25280396215211,NA,NA,NA,NA,NA,NA,NA
P01,L0,L0_14k,14k,NR,300,7,1.7997913745841894,1.5042542549081175,2.155248707021515,52.04090232185049,NA,NA,NA,NA,NA,NA,NA
P01,L0,L0_14k,14k,NR,300,8,2.392891983787318,2.0404576965299266,2.8358932541427047,43.17541178889485,NA,NA,NA,NA,NA,NA,NA
P01,L0,L0_14k,14k,NR,300,9,1.989763662553784,1.6110879949059154,2.4206205655310553,48.7708900438884,NA,NA,NA,NA,NA,NA,NA
P01,L0,L0_14k,14k,NR,300,10,2.30214943966656,1.9420533109604665,2.762828488582424,44.298002595255284,NA,NA,NA,NA,NA,NA,NA
P01,L0,L0_14k,14k,NR,350,1,2.0636181899605344,1.7799893665584492,2.437815929088698,47.61976459534168,NA,NA,NA,NA,NA,NA,NA
P01,L0,L0_14k,14k,NR,350,2,2.0580066064079103,1.716716544869194,2.4958462022447176,47.70504474566949,NA,NA,NA,NA,NA,NA,NA
P01,L0,L0_14k,14k,NR,350,3,2.900475216337938,2.4338764429819872,3.4725065778642694,38.02395308960472,NA,NA,NA,NA,NA,NA,NA
P01,L0,L0_14k,14k,NR,350,4,2.3641578690286176,2.0040163034688794,2.793052972135473,43.523196767393934,NA,NA,NA,NA,NA,NA,NA
P01,L0,L0_14k,14k,NR,350,5,2.415545568821601,2.0407384642425135,2.827115426203332,42.90608226469221,NA,NA,NA,NA,NA,NA,NA
P01,L0,L0_14k,14k,NR,350,6,2.4512219595380143,2.0541255964170495,2.9547950658634683,42.49039252683671,NA,NA,NA,NA,NA,NA,NA
P01,L0,L0_14k,14k,NR,350,7,1.868687139831571,1.5585291559699261,2.2112843513746188,50.80051043674838,NA,NA,NA,NA,NA,NA,NA
P01,L0,L0_14k,14k,NR,350,8,2.480941891238006,2.0930818252040457,2.9253839602551857,42.151813952499694,NA,NA,NA,NA,NA,NA,NA
P01,L0,L0_14k,14k,NR,350,9,2.055035890980299,1.7006186417065245,2.4371786504781214,47.75033380866286,NA,NA,NA,NA,NA,NA,NA
P01,L0,L0_14k,14k,NR,350,10,2.3935496845921342,2.0334756697684657,2.807344800059293,43.16753248343527,NA,NA,NA,NA,NA,NA,NA
P01,L0,L0_14k,14k,R,50,1,5.015991806069941,4.234518440570666,5.906129592629619,27.15677293946661,NA,NA,NA,NA,NA,NA,NA
P01,L0,L0_14k,14k,R,50,2,4.956869272671312,4.171796919305563,5.9081277342904865,27.34285434141525,NA,NA,NA,NA,NA,NA,NA
P01,L0,L0_14k,14k,R,50,3,7.008551985735558,5.775291567224057,8.476660409004717,22.525806351113708,NA,NA,NA,NA,NA,NA,NA
P01,L0,L0_14k,14k,R,50,4,5.699498426365487,4.714857397823725,6.9170746399031175,25.25544898744796,NA,NA,NA,NA,NA,NA,NA
P01,L0,L0_14k,14k,R,50,5,5.808466460983285,4.820779641417235,6.947971994554629,24.988629587788395,NA,NA,NA,NA,NA,NA,NA
P01,L0,L0_14k,14k,R,50,6,5.959449192883337,5.026034027832465,7.056660175342831,24.632846635697625,NA,NA,NA,NA,NA,NA,NA
P01,L0,L0_14k,14k,R,50,7,4.505962326057402,3.7311636586554235,5.322711288926944,28.90550731323863,NA,NA,NA,NA,NA,NA,NA
P01,L0,L0_14k,14k,R,50,8,5.992325337887824,4.950053253813457,7.151961610230199,24.557415989709117,NA,NA,NA,NA,NA,NA,NA
P01,L0,L0_14k,14k,R,50,9,4.9390241149199365,4.082044479653389,5.9360721941458285,27.39980085392209,NA,NA,NA,NA,NA,NA,NA
P01,L0,L0_14k,14k,R,50,10,5.745541545961565,4.854125206847133,6.848363698192496,25.141643069064685,NA,NA,NA,NA,NA,NA,NA
P01,L0,L0_14k,14k,R,100,1,4.0140347482806655,3.4389360864441154,4.766597253913837,30.97291367319823,NA,NA,NA,NA,NA,NA,NA
P01,L0,L0_14k,14k,R,100,2,3.9921022252707283,3.28192143386672,4.8960000140826345,31.076050024722324,NA,NA,NA,NA,NA,NA,NA
P01,L0,L0_14k,14k,R,100,3,5.6401592552636775,4.702936291294021,6.795882752231353,25.40448439829639,NA,NA,NA,NA,NA,NA,NA
P01,L0,L0_14k,14k,R,100,4,4.587627751206901,3.8280544744724714,5.494138780014348,28.601897944284136,NA,NA,NA,NA,NA,NA,NA
P01,L0,L0_14k,14k,R,100,5,4.670523140354607,3.8082754946076944,5.616185101006695,28.303609849501502,NA,NA,NA,NA,NA,NA,NA
P01,L0,L0_14k,14k,R,100,6,4.77306512221384,3.981857075606118,5.830719418741869,27.947635722246154,NA,NA,NA,NA,NA,NA,NA
P01,L0,L0_14k,14k,R,100,7,3.6088912632875854,3.0049006172572286,4.340456558259716,33.06641993702687,NA,NA,NA,NA,NA,NA,NA
P01,L0,L0_14k,14k,R,100,8,4.811395880986284,3.992093274173461,5.8418454120773164,27.81809097621165,NA,NA,NA,NA,NA,NA,NA
P01,L0,L0_14k,14k,R,100,9,3.985928652405648,3.2535303379196607,4.818394234079583,31.10527169453372,NA,NA,NA,NA,NA,NA,NA
P01,L0,L0_14k,14k,R,100,10,4.625031073386352,3.8529895678995363,5.50085332221683,28.466105112821502,NA,NA,NA,NA,NA,NA,NA
P01,L0,L0_14k,14k,R,150,1,6.3077541979847105,5.267315710201501,7.455944579077039,23.867922999641912,NA,NA,NA,NA,NA,NA,NA
P01,L0,L0_14k,14k,R,150,2,6.2502014649245625,5.13689139546164,7.472231171709502,23.989312372700464,NA,NA,NA,NA,NA,NA,NA
P01,L0,L0_14k,14k,R,150,3,8.8194957615595,7.350532211215904,10.5134232684602,19.898699409942367,NA,NA,NA,NA,NA,NA,NA
P01,L0,L0_14k,14k,R,150,4,7.188964644168172,5.88007524392027,8.698448153180296,22.215910685514977,NA,NA,NA,NA,NA,NA,NA
P01,L0,L0_14k,14k,R,150,5,7.3036043440546194,6.0368188373790685,8.649179755287177,22.025595464704818,NA,NA,NA,NA,NA,NA,NA
P01,L0,L0_14k,14k,R,150,6,7.467619326109112,6.07720589205858,8.984257654230941,21.761719089254072,NA,NA,NA,NA,NA,NA,NA
P01,L0,L0_14k,14k,R,150,7,5.64908438598421,4.660875894266429,6.799641413462018,25.381895108479295,NA,NA,NA,NA,NA,NA,NA
P01,L0,L0_14k,14k,R,150,8,7.487009883518828,6.146706459741701,9.093125056380435,21.731152448293393,NA,NA,NA,NA,NA,NA,NA
P01,L0,L0_14k,14k,R,150,9,6.1995014944555,5.111811992020956,7.605823229652365,24.09782778162599,NA,NA,NA,NA,NA,NA,NA
P01,L0,L0_14k,14k,R,150,10,7.245281632560999,5.982784046256609,8.677556892616654,22.121796450743474,NA,NA,NA,NA,NA,NA,NA
P01,L0,L0_14k,14k,R,200,1,7.6374345752670605,6.442531020823106,8.938770820353568,21.498368996972996,NA,NA,NA,NA,NA,NA,NA
P01,L0,L0_14k,14k,R,200,2,7.513645124177062,6.140626553798711,9.157751209729001,21.689377040432777,NA,NA,NA,NA,NA,NA,NA
P01,L0,L0_14k,14k,R,200,3,10.676328683573676,8.72717194129325,12.951450554018892,17.980972029255522,NA,NA,NA,NA,NA,NA,NA
P01,L0,L0_14k,14k,R,200,4,8.670927714656187,7.110805922048284,10.504450187488121,20.08018445269361,NA,NA,NA,NA,NA,NA,NA
P01,L0,L0_14k,14k,R,200,5,8.881957986584009,7.127201502507411,10.715453192434634,19.82386322260544,NA,NA,NA,NA,NA,NA,NA
P01,L0,L0_14k,14k,R,200,6,9.07811518828239,7.44092219631049,10.879831153620357,19.594256944431713,NA,NA,NA,NA,NA,NA,NA
P01,L0,L0_14k,14k,R,200,7,6.855395511345439,5.674215677893062,8.222634842104688,22.799465275754287,NA,NA,NA,NA,NA,NA,NA
P01,L0,L0_14k,14k,R,200,8,9.121923303604243,7.490858795626692,11.040476749358744,19.544066151877637,NA,NA,NA,NA,NA,NA,NA
P01,L0,L0_14k,14k,R,200,9,7.534543444108043,6.218235932957214,9.200205663883573,21.656769551106994,NA,NA,NA,NA,NA,NA,NA
P01,L0,L0_14k,14k,R,200,10,8.789824884247828,7.177157402863219,10.556965932699045,19.934548345561033,NA,NA,NA,NA,NA,NA,NA
P01,L0,L0_14k,14k,R,250,1,10.840605475454897,8.87861426154867,13.15758614191923,17.836902596002048,NA,NA,NA,NA,NA,NA,NA
P01,L0,L0_14k,14k,R,250,2,10.727077379086193,8.642977786014917,13.146372613402182,17.936092322982066,NA,NA,NA,NA,NA,NA,NA
P01,L0,L0_14k,14k,R,250,3,15.154924355113103,12.327949180881488,18.556967400054415,14.974648395603815,NA,NA,NA,NA,NA,NA,NA
P01,L0,L0_14k,14k,R,250,4,12.287495151799767,10.077222367986565,15.32586578726459,16.701978332311967,NA,NA,NA,NA,NA,NA,NA
P01,L0,L0_14k,14k,R,250,5,12.5540655999192,10.285148634736412,15.425499917148091,16.515644885207045,NA,NA,NA,NA,NA,NA,NA
P01,L0,L0_14k,14k,R,250,6,12.874564536888313,10.388771479564545,15.618895384924798,16.29968189640499,NA,NA,NA,NA,NA,NA,NA
P01,L0,L0_14k,14k,R,250,7,9.697490452038604,7.9198757463543545,11.83165576013692,18.918717892268486,NA,NA,NA,NA,NA,NA,NA
P01,L0,L0_14k,14k,R,250,8,12.951818500517637,10.497852526944998,15.951568438926643,16.248883653830585,NA,NA,NA,NA,NA,NA,NA
P01,L0,L0_14k,14k,R,250,9,10.72447798135568,8.736721201440345,12.960561698072581,17.938382913626878,NA,NA,NA,NA,NA,NA,NA
P01,L0,L0_14k,14k,R,250,10,12.506355022315708,10.079990808804913,15.163113232575503,16.54853550281023,NA,NA,NA,NA,NA,NA,NA
P01,L0,L0_14k,14k,R,300,1,7.040871470221459,5.85481807319359,8.332799683602298,22.46932422311921,NA,NA,NA,NA,NA,NA,NA
P01,L0,L0_14k,14k,R,300,2,6.998930737954853,5.6950428864684435,8.460917668436243,22.542704205435488,NA,NA,NA,NA,NA,NA,NA
P01,L0,L0_14k,14k,R,300,3,9.821865110025382,8.063023000186226,12.11866147650931,18.791340104070954,NA,NA,NA,NA,NA,NA,NA
P01,L0,L0_14k,14k,R,300,4,8.033477903314873,6.688985392524038,9.623588953563049,20.919867241716833,NA,NA,NA,NA,NA,NA,NA
P01,L0,L0_14k,14k,R,300,5,8.18971159104802,6.675283388886545,9.874984587753893,20.704276545314016,NA,NA,NA,NA,NA,NA,NA
P01,L0,L0_14k,14k,R,300,6,8.307868949693486,6.8393799625140534,10.151329566228963,20.545618917789955,NA,NA,NA,NA,NA,NA,NA
P01,L0,L0_14k,14k,R,300,7,6.316228467233633,5.178227207065961,7.693032362279598,23.850207381997958,NA,NA,NA,NA,NA,NA,NA
P01,L0,L0_14k,14k,R,300,8,8.431119493393835,6.888978673190477,10.122421314490728,20.383977942633738,NA,NA,NA,NA,NA,NA,NA
P01,L0,L0_14k,14k,R,300,9,6.970266664574259,5.639517619966128,8.680112376915776,22.593276563949267,NA,NA,NA,NA,NA,NA,NA
P01,L0,L0_14k,14k,R,300,10,8.091100796732384,6.773437082080438,9.718066209344487,20.83956366282561,NA,NA,NA,NA,NA,NA,NA
P01,L0,L0_14k,14k,R,350,1,9.303268131326078,7.94965811852485,11.055758030934994,19.340351546324726,NA,NA,NA,NA,NA,NA,NA
P01,L0,L0_14k,14k,R,350,2,9.301482335640063,7.675553287759759,11.233552118048133,19.342326498652405,NA,NA,NA,NA,NA,NA,NA
P01,L0,L0_14k,14k,R,350,3,13.028947456817942,10.879114069971811,15.668960389128916,16.198639567353755,NA,NA,NA,NA,NA,NA,NA
P01,L0,L0_14k,14k,R,350,4,10.62760163953951,8.78865761680285,12.629740006552211,18.0243836930407,NA,NA,NA,NA,NA,NA,NA
P01,L0,L0_14k,14k,R,350,5,10.840768426491714,9.054140099891786,13.004501834033439,17.836761410239436,NA,NA,NA,NA,NA,NA,NA
P01,L0,L0_14k,14k,R,350,6,11.08392853908571,9.210654222786957,13.31733983474849,17.629756198844635,NA,NA,NA,NA,NA,NA,NA
P01,L0,L0_14k,14k,R,350,7,8.360598671096252,6.974660482725881,10.158202222543986,20.475991903946273,NA,NA,NA,NA,NA,NA,NA
P01,L0,L0_14k,14k,R,350,8,11.170762279683846,8.996447016346192,13.474148948874245,17.557567337485082,NA,NA,NA,NA,NA,NA,NA
P01,L0,L0_14k,14k,R,350,9,9.224724194891763,7.552386596381768,10.994498262535117,19.427794521931677,NA,NA,NA,NA,NA,NA,NA
P01,L0,L0_14k,14k,R,350,10,10.70005792525906,9.024357433234819,12.667438171807857,17.959944980366675,NA,NA,NA,NA,NA,NA,NA
P01,L1,L1_2k,2k,NR,50,1,3.929724612149217,3.310905058754719,4.644740596808533,31.3752427613131,0.28622998840703556,0.20717763214269538,0.37916272548496505,NA,NA,NA,NA
P01,L1,L1_2k,2k,NR,50,2,4.269308482615209,3.4845706946889075,5.177928569782109,29.84516271539847,0.30856852768535625,0.20928735653603317,0.42130694768535737,NA,NA,NA,NA
P01,L1,L1_2k,2k,NR,50,3,7.057617503120913,5.619317002693378,8.84113336919809,22.440227411242653,0.31848207386367267,0.21745101860309624,0.43243279443751503,NA,NA,NA,NA
P01,L1,L1_2k,2k,NR,50,4,4.8968513161058365,3.932485932396781,6.073699257243558,27.535854890905593,0.29180056586387715,0.19195144598804387,0.40905246794981875,NA,NA,NA,NA
P01,L1,L1_2k,2k,NR,50,5,4.197911540270912,3.3567120251762943,5.248293853499235,30.147763426448094,0.27906176926025483,0.18131948032598866,0.39365152782944957,NA,NA,NA,NA
P01,L1,L1_2k,2k,NR,50,6,4.248283592598652,3.3636416439731587,5.288014877113014,29.9332955397591,0.2729838840682736,0.17496298473039928,0.3876206099455407,NA,NA,NA,NA
P01,L1,L1_2k,2k,NR,50,7,4.48925105649875,3.628119941114358,5.580692371396549,28.968876356136956,0.34044527298005467,0.23547975693910123,0.45742274692968765,NA,NA,NA,NA
P01,L1,L1_2k,2k,NR,50,8,4.0413314824700874,3.235768003012486,5.030437918466732,30.846010078114677,0.2882618307777657,0.18852411101679958,0.4062649344145766,NA,NA,NA,NA
P01,L1,L1_2k,2k,NR,50,9,4.029566065087453,3.2846461421798745,5.002806605066508,30.900511593533885,0.2899591763818636,0.1904767733848287,0.40555102772781265,NA,NA,NA,NA
P01,L1,L1_2k,2k,NR,50,10,5.289812525650995,4.18562668668843,6.722644245411333,26.34332658395879,0.30614365007793987,0.20271935104118222,0.42295192355965744,NA,NA,NA,NA
P01,L1,L1_2k,2k,NR,100,1,3.929724612149217,3.310905058754719,4.644740596808533,31.3752427613131,0.20271275418203566,0.1379991063501628,0.2798463927948618,NA,NA,NA,NA
P01,L1,L1_2k,2k,NR,100,2,4.269308482615209,3.4845706946889075,5.177928569782109,29.84516271539847,0.22048208949407283,0.1420643797877725,0.3180855871527986,NA,NA,NA,NA
P01,L1,L1_2k,2k,NR,100,3,7.057617503120913,5.619317002693378,8.84113336919809,22.440227411242653,0.2283855233208902,0.1485847584031653,0.32822776018832994,NA,NA,NA,NA
P01,L1,L1_2k,2k,NR,100,4,4.8968513161058365,3.932485932396781,6.073699257243558,27.535854890905593,0.20639733881757893,0.1282080933316657,0.307933065263118,NA,NA,NA,NA
P01,L1,L1_2k,2k,NR,100,5,4.197911540270912,3.3567120251762943,5.248293853499235,30.147763426448094,0.19704364384947168,0.12006120910949264,0.29685180753996304,NA,NA,NA,NA
P01,L1,L1_2k,2k,NR,100,6,4.248283592598652,3.3636416439731587,5.288014877113014,29.9332955397591,0.19178906255731387,0.1167554140374181,0.28946697925333237,NA,NA,NA,NA
P01,L1,L1_2k,2k,NR,100,7,4.48925105649875,3.628119941114358,5.580692371396549,28.968876356136956,0.24665974787580197,0.16357519245950222,0.3484562585670515,NA,NA,NA,NA
P01,L1,L1_2k,2k,NR,100,8,4.0413314824700874,3.235768003012486,5.030437918466732,30.846010078114677,0.20422621846422556,0.1262942997162513,0.3037913966918265,NA,NA,NA,NA
P01,L1,L1_2k,2k,NR,100,9,4.029566065087453,3.2846461421798745,5.002806605066508,30.900511593533885,0.2058546830869535,0.12886278949771315,0.3055540118407511,NA,NA,NA,NA
P01,L1,L1_2k,2k,NR,100,10,5.289812525650995,4.18562668668843,6.722644245411333,26.34332658395879,0.21850234740300742,0.13636981408870946,0.3208444341639288,NA,NA,NA,NA
P01,L1,L1_2k,2k,NR,150,1,3.929724612149217,3.310905058754719,4.644740596808533,31.3752427613131,0.3056162127752627,0.22553701981600038,0.39629902482804347,NA,NA,NA,NA
P01,L1,L1_2k,2k,NR,150,2,4.269308482615209,3.4845706946889075,5.177928569782109,29.84516271539847,0.3281654578831015,0.23002348137765824,0.4409533182966577,NA,NA,NA,NA
P01,L1,L1_2k,2k,NR,150,3,7.057617503120913,5.619317002693378,8.84113336919809,22.440227411242653,0.3383887932924866,0.23362024325615266,0.44978960455609773,NA,NA,NA,NA
P01,L1,L1_2k,2k,NR,150,4,4.8968513161058365,3.932485932396781,6.073699257243558,27.535854890905593,0.31161412663650934,0.2080638426135426,0.428274878746552,NA,NA,NA,NA
P01,L1,L1_2k,2k,NR,150,5,4.197911540270912,3.3567120251762943,5.248293853499235,30.147763426448094,0.29819789901123256,0.19755921410264016,0.41600762896648485,NA,NA,NA,NA
P01,L1,L1_2k,2k,NR,150,6,4.248283592598652,3.3636416439731587,5.288014877113014,29.9332955397591,0.2906931521450574,0.19277434342473523,0.40493614316976406,NA,NA,NA,NA
P01,L1,L1_2k,2k,NR,150,7,4.48925105649875,3.628119941114358,5.580692371396549,28.968876356136956,0.3619824566150375,0.25831884089605134,0.47156124157866236,NA,NA,NA,NA
P01,L1,L1_2k,2k,NR,150,8,4.0413314824700874,3.235768003012486,5.030437918466732,30.846010078114677,0.3071526761904908,0.2032470800120939,0.42827633422533173,NA,NA,NA,NA
P01,L1,L1_2k,2k,NR,150,9,4.029566065087453,3.2846461421798745,5.002806605066508,30.900511593533885,0.30955924897931436,0.20516309190049753,0.4296817568128137,NA,NA,NA,NA
P01,L1,L1_2k,2k,NR,150,10,5.289812525650995,4.18562668668843,6.722644245411333,26.34332658395879,0.3259462072845786,0.21930393879102125,0.44649068968217387,NA,NA,NA,NA
P01,L1,L1_2k,2k,NR,200,1,3.929724612149217,3.310905058754719,4.644740596808533,31.3752427613131,0.23982000133212,0.16856532187095855,0.3252826849403757,NA,NA,NA,NA
P01,L1,L1_2k,2k,NR,200,2,4.269308482615209,3.4845706946889075,5.177928569782109,29.84516271539847,0.25981733959550946,0.17380222698777692,0.36259486818147774,NA,NA,NA,NA
P01,L1,L1_2k,2k,NR,200,3,7.057617503120913,5.619317002693378,8.84113336919809,22.440227411242653,0.2682041403972929,0.1797254270701787,0.3732233498434334,NA,NA,NA,NA
P01,L1,L1_2k,2k,NR,200,4,4.8968513161058365,3.932485932396781,6.073699257243558,27.535854890905593,0.24490092600732855,0.15880192479774435,0.350617278955417,NA,NA,NA,NA
P01,L1,L1_2k,2k,NR,200,5,4.197911540270912,3.3567120251762943,5.248293853499235,30.147763426448094,0.23338844640288092,0.15000777336292814,0.33742052186550187,NA,NA,NA,NA
P01,L1,L1_2k,2k,NR,200,6,4.248283592598652,3.3636416439731587,5.288014877113014,29.9332955397591,0.22700773700124896,0.14661124536051248,0.3294155804007669,NA,NA,NA,NA
P01,L1,L1_2k,2k,NR,200,7,4.48925105649875,3.628119941114358,5.580692371396549,28.968876356136956,0.28880847138657284,0.1954432379203151,0.39728942753283225,NA,NA,NA,NA
P01,L1,L1_2k,2k,NR,200,8,4.0413314824700874,3.235768003012486,5.030437918466732,30.846010078114677,0.24106607179977024,0.15274039384342541,0.3481981959412772,NA,NA,NA,NA
P01,L1,L1_2k,2k,NR,200,9,4.029566065087453,3.2846461421798745,5.002806605066508,30.900511593533885,0.24308168588568724,0.15391281694741307,0.3545498205484638,NA,NA,NA,NA
P01,L1,L1_2k,2k,NR,200,10,5.289812525650995,4.18562668668843,6.722644245411333,26.34332658395879,0.25750351522257253,0.16580096785694848,0.3690169174839106,NA,NA,NA,NA
P01,L1,L1_2k,2k,NR,250,1,3.929724612149217,3.310905058754719,4.644740596808533,31.3752427613131,0.24308126223757884,0.17426894522286512,0.32393826304568885,NA,NA,NA,NA
P01,L1,L1_2k,2k,NR,250,2,4.269308482615209,3.4845706946889075,5.177928569782109,29.84516271539847,0.2634639046009847,0.17724160166640757,0.36554927877691734,NA,NA,NA,NA
P01,L1,L1_2k,2k,NR,250,3,7.057617503120913,5.619317002693378,8.84113336919809,22.440227411242653,0.2724752598727228,0.1822257322708767,0.37847684966873807,NA,NA,NA,NA
P01,L1,L1_2k,2k,NR,250,4,4.8968513161058365,3.932485932396781,6.073699257243558,27.535854890905593,0.2484978783023525,0.16385064707219357,0.3505016552678022,NA,NA,NA,NA
P01,L1,L1_2k,2k,NR,250,5,4.197911540270912,3.3567120251762943,5.248293853499235,30.147763426448094,0.23700382386644747,0.1518768566602889,0.34285631298917857,NA,NA,NA,NA
P01,L1,L1_2k,2k,NR,250,6,4.248283592598652,3.3636416439731587,5.288014877113014,29.9332955397591,0.23112066975758155,0.14642341601173414,0.33341550929915803,NA,NA,NA,NA
P01,L1,L1_2k,2k,NR,250,7,4.48925105649875,3.628119941114358,5.580692371396549,28.968876356136956,0.29264192914401854,0.20520274634369604,0.39942363787359403,NA,NA,NA,NA
P01,L1,L1_2k,2k,NR,250,8,4.0413314824700874,3.235768003012486,5.030437918466732,30.846010078114677,0.2449269189033198,0.15891410302300477,0.3484566328409913,NA,NA,NA,NA
P01,L1,L1_2k,2k,NR,250,9,4.029566065087453,3.2846461421798745,5.002806605066508,30.900511593533885,0.24678998530778823,0.15973981316611915,0.3542065953640765,NA,NA,NA,NA
P01,L1,L1_2k,2k,NR,250,10,5.289812525650995,4.18562668668843,6.722644245411333,26.34332658395879,0.26152518279050896,0.17191691039914472,0.3656805316250034,NA,NA,NA,NA
P01,L1,L1_2k,2k,NR,300,1,3.929724612149217,3.310905058754719,4.644740596808533,31.3752427613131,0.1727930174755592,0.11414235421815523,0.24711544174393277,NA,NA,NA,NA
P01,L1,L1_2k,2k,NR,300,2,4.269308482615209,3.4845706946889075,5.177928569782109,29.84516271539847,0.18856992356688657,0.11784168637026415,0.2809485766445085,NA,NA,NA,NA
P01,L1,L1_2k,2k,NR,300,3,7.057617503120913,5.619317002693378,8.84113336919809,22.440227411242653,0.19569158138568038,0.11935882503207769,0.29147827029313156,NA,NA,NA,NA
P01,L1,L1_2k,2k,NR,300,4,4.8968513161058365,3.932485932396781,6.073699257243558,27.535854890905593,0.1766949048652217,0.10628629996124267,0.2701743958118784,NA,NA,NA,NA
P01,L1,L1_2k,2k,NR,300,5,4.197911540270912,3.3567120251762943,5.248293853499235,30.147763426448094,0.1679808677119014,0.09677041220395634,0.26404572568424123,NA,NA,NA,NA
P01,L1,L1_2k,2k,NR,300,6,4.248283592598652,3.3636416439731587,5.288014877113014,29.9332955397591,0.16333887987892026,0.09626124277701952,0.2550562062027256,NA,NA,NA,NA
P01,L1,L1_2k,2k,NR,300,7,4.48925105649875,3.628119941114358,5.580692371396549,28.968876356136956,0.2116783065805247,0.13505756332653296,0.31056291005539305,NA,NA,NA,NA
P01,L1,L1_2k,2k,NR,300,8,4.0413314824700874,3.235768003012486,5.030437918466732,30.846010078114677,0.17426796313120158,0.10230367744338584,0.2687946451551505,NA,NA,NA,NA
P01,L1,L1_2k,2k,NR,300,9,4.029566065087453,3.2846461421798745,5.002806605066508,30.900511593533885,0.1754079811431943,0.10595929180360508,0.2673653753457359,NA,NA,NA,NA
P01,L1,L1_2k,2k,NR,300,10,5.289812525650995,4.18562668668843,6.722644245411333,26.34332658395879,0.18680699383297325,0.11301883774678609,0.28612122871627377,NA,NA,NA,NA
P01,L1,L1_2k,2k,NR,350,1,3.929724612149217,3.310905058754719,4.644740596808533,31.3752427613131,0.1571899314632862,0.10195306617302813,0.22652237267489403,NA,NA,NA,NA
P01,L1,L1_2k,2k,NR,350,2,4.269308482615209,3.4845706946889075,5.177928569782109,29.84516271539847,0.17227599901473928,0.10302600707689956,0.25827421738235173,NA,NA,NA,NA
P01,L1,L1_2k,2k,NR,350,3,7.057617503120913,5.619317002693378,8.84113336919809,22.440227411242653,0.1778547204084011,0.10997786656111548,0.2678576479726082,NA,NA,NA,NA
P01,L1,L1_2k,2k,NR,350,4,4.8968513161058365,3.932485932396781,6.073699257243558,27.535854890905593,0.16079002334609976,0.09477525711842907,0.24998097946174969,NA,NA,NA,NA
P01,L1,L1_2k,2k,NR,350,5,4.197911540270912,3.3567120251762943,5.248293853499235,30.147763426448094,0.15251442260336773,0.08899426693618223,0.24049008922588383,NA,NA,NA,NA
P01,L1,L1_2k,2k,NR,350,6,4.248283592598652,3.3636416439731587,5.288014877113014,29.9332955397591,0.14868184421610936,0.08603614850979555,0.23284282655662694,NA,NA,NA,NA
P01,L1,L1_2k,2k,NR,350,7,4.48925105649875,3.628119941114358,5.580692371396549,28.968876356136956,0.19457264400680138,0.11955882708922418,0.28836033585054804,NA,NA,NA,NA
P01,L1,L1_2k,2k,NR,350,8,4.0413314824700874,3.235768003012486,5.030437918466732,30.846010078114677,0.1588894120354432,0.09290632808956993,0.24580633661126355,NA,NA,NA,NA
P01,L1,L1_2k,2k,NR,350,9,4.029566065087453,3.2846461421798745,5.002806605066508,30.900511593533885,0.15973658329460194,0.09560570661606028,0.24813197010365737,NA,NA,NA,NA
P01,L1,L1_2k,2k,NR,350,10,5.289812525650995,4.18562668668843,6.722644245411333,26.34332658395879,0.1704432401396036,0.101015958563996,0.2602476061882573,NA,NA,NA,NA
P01,L1,L1_2k,2k,R,50,1,13.08781114372281,11.268124233610532,15.080884316069453,16.160606781886486,0.06248879206903046,0.033916189903379364,0.10514229393557072,NA,NA,NA,NA
P01,L1,L1_2k,2k,R,50,2,14.184041352725608,11.908172215122244,16.80116018250251,15.49800813956928,0.06912855536647675,0.035177225764347175,0.12088610716737554,NA,NA,NA,NA
P01,L1,L1_2k,2k,R,50,3,23.469115086959178,18.86623257703318,28.97673506136944,11.957487862898633,0.07172567668900819,0.037133109355892396,0.12369145051786921,NA,NA,NA,NA
P01,L1,L1_2k,2k,R,50,4,16.286648148324165,13.35169327623088,19.551246657896275,14.42683810309599,0.06393871754992798,0.03218205985628002,0.11273897263798138,NA,NA,NA,NA
P01,L1,L1_2k,2k,R,50,5,13.938361853980723,11.591254699665964,16.80697646716527,15.639394925899001,0.06046909890007783,0.03037426049128598,0.1076647809846863,NA,NA,NA,NA
P01,L1,L1_2k,2k,R,50,6,14.113059262663182,11.491907249414453,17.385915072106034,15.53846264172998,0.05833452726904556,0.0299165291784944,0.10528214335015748,NA,NA,NA,NA
P01,L1,L1_2k,2k,R,50,7,14.922751506095501,12.379175407512458,18.00709063529469,15.094960802153361,0.07943540079965272,0.04132860991320253,0.1347880528213102,NA,NA,NA,NA
P01,L1,L1_2k,2k,R,50,8,13.41615943857428,11.079456176315157,16.216890050085805,15.953272552211004,0.06293096882330136,0.03161908318783619,0.11287634587870062,NA,NA,NA,NA
P01,L1,L1_2k,2k,R,50,9,13.383977838019957,10.879962845694749,16.596035562890126,15.973240765075484,0.06348469607122115,0.03198101318244523,0.11335615150999442,NA,NA,NA,NA
P01,L1,L1_2k,2k,R,50,10,17.5343718445774,14.079297402039952,22.273148705044157,13.88752615055482,0.06840609389344006,0.03418941240347208,0.12130384283915133,NA,NA,NA,NA
P01,L1,L1_2k,2k,R,100,1,13.08781114372281,11.268124233610532,15.080884316069453,16.160606781886486,0.09320369733178979,0.05591127095284501,0.14413163060264161,NA,NA,NA,NA
P01,L1,L1_2k,2k,R,100,2,14.184041352725608,11.908172215122244,16.80116018250251,15.49800813956928,0.10199827742254056,0.05851402168619731,0.16520143887479,NA,NA,NA,NA
P01,L1,L1_2k,2k,R,100,3,23.469115086959178,18.86623257703318,28.97673506136944,11.957487862898633,0.10648586796395863,0.05992473158753047,0.17250717257591605,NA,NA,NA,NA
P01,L1,L1_2k,2k,R,100,4,16.286648148324165,13.35169327623088,19.551246657896275,14.42683810309599,0.09542424056003923,0.05363385857605304,0.1554744906412016,NA,NA,NA,NA
P01,L1,L1_2k,2k,R,100,5,13.938361853980723,11.591254699665964,16.80697646716527,15.639394925899001,0.08951470804263378,0.05033298199411086,0.1476665006384279,NA,NA,NA,NA
P01,L1,L1_2k,2k,R,100,6,14.113059262663182,11.491907249414453,17.385915072106034,15.53846264172998,0.08719166444915781,0.04638716725029033,0.1479466703394418,NA,NA,NA,NA
P01,L1,L1_2k,2k,R,100,7,14.922751506095501,12.379175407512458,18.00709063529469,15.094960802153361,0.11673768603543443,0.06738472080965183,0.1853770001521354,NA,NA,NA,NA
P01,L1,L1_2k,2k,R,100,8,13.41615943857428,11.079456176315157,16.216890050085805,15.953272552211004,0.09340609842946736,0.05139166487354001,0.15529338802527595,NA,NA,NA,NA
P01,L1,L1_2k,2k,R,100,9,13.383977838019957,10.879962845694749,16.596035562890126,15.973240765075484,0.09455006614537892,0.051541998679659994,0.15923644026802986,NA,NA,NA,NA
P01,L1,L1_2k,2k,R,100,10,17.5343718445774,14.079297402039952,22.273148705044157,13.88752615055482,0.10108939076546103,0.05483314219728319,0.16893247544564577,NA,NA,NA,NA
P01,L1,L1_2k,2k,R,150,1,13.08781114372281,11.268124233610532,15.080884316069453,16.160606781886486,0.05513504099556247,0.029968347381935562,0.09138937941445521,NA,NA,NA,NA
P01,L1,L1_2k,2k,R,150,2,14.184041352725608,11.908172215122244,16.80116018250251,15.49800813956928,0.060965953374357965,0.031346832315332605,0.1072462029605072,NA,NA,NA,NA
P01,L1,L1_2k,2k,R,150,3,23.469115086959178,18.86623257703318,28.97673506136944,11.957487862898633,0.06332042112115707,0.0327958936554979,0.11132979692782458,NA,NA,NA,NA
P01,L1,L1_2k,2k,R,150,4,16.286648148324165,13.35169327623088,19.551246657896275,14.42683810309599,0.05619798966533707,0.028449756425736022,0.10199682401583604,NA,NA,NA,NA
P01,L1,L1_2k,2k,R,150,5,13.938361853980723,11.591254699665964,16.80697646716527,15.639394925899001,0.05338314833257892,0.02658390035081117,0.09596684931411738,NA,NA,NA,NA
P01,L1,L1_2k,2k,R,150,6,14.113059262663182,11.491907249414453,17.385915072106034,15.53846264172998,0.05161475246285768,0.025505023770913293,0.09319151576474256,NA,NA,NA,NA
P01,L1,L1_2k,2k,R,150,7,14.922751506095501,12.379175407512458,18.00709063529469,15.094960802153361,0.0697198343183269,0.03648078720640507,0.1219731919277117,NA,NA,NA,NA
P01,L1,L1_2k,2k,R,150,8,13.41615943857428,11.079456176315157,16.216890050085805,15.953272552211004,0.0553467831926864,0.02771701780575429,0.10000887758358892,NA,NA,NA,NA
P01,L1,L1_2k,2k,R,150,9,13.383977838019957,10.879962845694749,16.596035562890126,15.973240765075484,0.05620150528117436,0.028027084490828767,0.10151551603779174,NA,NA,NA,NA
P01,L1,L1_2k,2k,R,150,10,17.5343718445774,14.079297402039952,22.273148705044157,13.88752615055482,0.06015944442654486,0.03015436965863123,0.10700066986247304,NA,NA,NA,NA
P01,L1,L1_2k,2k,R,200,1,13.08781114372281,11.268124233610532,15.080884316069453,16.160606781886486,0.04211310832488213,0.020728629386328867,0.07510275708278114,NA,NA,NA,NA
P01,L1,L1_2k,2k,R,200,2,14.184041352725608,11.908172215122244,16.80116018250251,15.49800813956928,0.046496630518494175,0.021407901147858205,0.0871006894943856,NA,NA,NA,NA
P01,L1,L1_2k,2k,R,200,3,23.469115086959178,18.86623257703318,28.97673506136944,11.957487862898633,0.04841911901939247,0.022375260533580254,0.09127818145951386,NA,NA,NA,NA
P01,L1,L1_2k,2k,R,200,4,16.286648148324165,13.35169327623088,19.551246657896275,14.42683810309599,0.04306304870063499,0.019937308268492188,0.08138541881972142,NA,NA,NA,NA
P01,L1,L1_2k,2k,R,200,5,13.938361853980723,11.591254699665964,16.80697646716527,15.639394925899001,0.0405396588890923,0.018588981305033152,0.07772941814785918,NA,NA,NA,NA
P01,L1,L1_2k,2k,R,200,6,14.113059262663182,11.491907249414453,17.385915072106034,15.53846264172998,0.03919640269149529,0.017530231999219423,0.07742386126647931,NA,NA,NA,NA
P01,L1,L1_2k,2k,R,200,7,14.922751506095501,12.379175407512458,18.00709063529469,15.094960802153361,0.05342064868696837,0.025098452589045868,0.10004138970789402,NA,NA,NA,NA
P01,L1,L1_2k,2k,R,200,8,13.41615943857428,11.079456176315157,16.216890050085805,15.953272552211004,0.04241960151594214,0.01928246640823163,0.08140707943617956,NA,NA,NA,NA
P01,L1,L1_2k,2k,R,200,9,13.383977838019957,10.879962845694749,16.596035562890126,15.973240765075484,0.04300742813037419,0.019182702116978173,0.08301181497173882,NA,NA,NA,NA
P01,L1,L1_2k,2k,R,200,10,17.5343718445774,14.079297402039952,22.273148705044157,13.88752615055482,0.046015760206818114,0.021075861167988343,0.08646834802233787,NA,NA,NA,NA
P01,L1,L1_2k,2k,R,250,1,13.08781114372281,11.268124233610532,15.080884316069453,16.160606781886486,0.022475172179601023,0.009141953215472164,0.04507072505251415,NA,NA,NA,NA
P01,L1,L1_2k,2k,R,250,2,14.184041352725608,11.908172215122244,16.80116018250251,15.49800813956928,0.024735898505284414,0.009761335880000027,0.05289932980370612,NA,NA,NA,NA
P01,L1,L1_2k,2k,R,250,3,23.469115086959178,18.86623257703318,28.97673506136944,11.957487862898633,0.02586290491962348,0.01006616529414924,0.05442959586529098,NA,NA,NA,NA
P01,L1,L1_2k,2k,R,250,4,16.286648148324165,13.35169327623088,19.551246657896275,14.42683810309599,0.022951421788979236,0.008940212202238614,0.04962325983169284,NA,NA,NA,NA
P01,L1,L1_2k,2k,R,250,5,13.938361853980723,11.591254699665964,16.80697646716527,15.639394925899001,0.02147086131120803,0.008130763311691096,0.046763752702772346,NA,NA,NA,NA
P01,L1,L1_2k,2k,R,250,6,14.113059262663182,11.491907249414453,17.385915072106034,15.53846264172998,0.02094116087500339,0.007879119518425574,0.04573756512298143,NA,NA,NA,NA
P01,L1,L1_2k,2k,R,250,7,14.922751506095501,12.379175407512458,18.00709063529469,15.094960802153361,0.02845310781424268,0.011263588128493275,0.060401796704515384,NA,NA,NA,NA
P01,L1,L1_2k,2k,R,250,8,13.41615943857428,11.079456176315157,16.216890050085805,15.953272552211004,0.02242383082786288,0.008763076419956172,0.04881399248249314,NA,NA,NA,NA
P01,L1,L1_2k,2k,R,250,9,13.383977838019957,10.879962845694749,16.596035562890126,15.973240765075484,0.022738816649848472,0.008393921337659765,0.05076799595498884,NA,NA,NA,NA
P01,L1,L1_2k,2k,R,250,10,17.5343718445774,14.079297402039952,22.273148705044157,13.88752615055482,0.024406053573967953,0.009477432117292501,0.053938972462313675,NA,NA,NA,NA
P01,L1,L1_2k,2k,R,300,1,13.08781114372281,11.268124233610532,15.080884316069453,16.160606781886486,0.03569999693019796,0.016821592990235595,0.06557562878138307,NA,NA,NA,NA
P01,L1,L1_2k,2k,R,300,2,14.184041352725608,11.908172215122244,16.80116018250251,15.49800813956928,0.03950946213135636,0.017582413768806895,0.07741808553922339,NA,NA,NA,NA
P01,L1,L1_2k,2k,R,300,3,23.469115086959178,18.86623257703318,28.97673506136944,11.957487862898633,0.04112147734014389,0.01827020246568775,0.0801351242998446,NA,NA,NA,NA
P01,L1,L1_2k,2k,R,300,4,16.286648148324165,13.35169327623088,19.551246657896275,14.42683810309599,0.03658003670511156,0.016074786719497625,0.07129784790030863,NA,NA,NA,NA
P01,L1,L1_2k,2k,R,300,5,13.938361853980723,11.591254699665964,16.80697646716527,15.639394925899001,0.03427388665425016,0.015066941700037844,0.06831987014810795,NA,NA,NA,NA
P01,L1,L1_2k,2k,R,300,6,14.113059262663182,11.491907249414453,17.385915072106034,15.53846264172998,0.03328782452698395,0.014793747054858114,0.06666165537270145,NA,NA,NA,NA
P01,L1,L1_2k,2k,R,300,7,14.922751506095501,12.379175407512458,18.00709063529469,15.094960802153361,0.04544275075328454,0.02059609047911894,0.08755845841981744,NA,NA,NA,NA
P01,L1,L1_2k,2k,R,300,8,13.41615943857428,11.079456176315157,16.216890050085805,15.953272552211004,0.03584521230451767,0.015951515630740876,0.07155759504029348,NA,NA,NA,NA
P01,L1,L1_2k,2k,R,300,9,13.383977838019957,10.879962845694749,16.596035562890126,15.973240765075484,0.03597668090625254,0.015841799812018678,0.07314028731001561,NA,NA,NA,NA
P01,L1,L1_2k,2k,R,300,10,17.5343718445774,14.079297402039952,22.273148705044157,13.88752615055482,0.039030697034912465,0.016674231959539886,0.0788438362401929,NA,NA,NA,NA
P01,L1,L1_2k,2k,R,350,1,13.08781114372281,11.268124233610532,15.080884316069453,16.160606781886486,0.026931623859836475,0.010455904914289856,0.0559973253177671,NA,NA,NA,NA
P01,L1,L1_2k,2k,R,350,2,14.184041352725608,11.908172215122244,16.80116018250251,15.49800813956928,0.029872770415997688,0.011073237771255424,0.06578899054392026,NA,NA,NA,NA
P01,L1,L1_2k,2k,R,350,3,23.469115086959178,18.86623257703318,28.97673506136944,11.957487862898633,0.03118508720058934,0.01157875361772449,0.06729041391197114,NA,NA,NA,NA
P01,L1,L1_2k,2k,R,350,4,16.286648148324165,13.35169327623088,19.551246657896275,14.42683810309599,0.027534840332701156,0.010289877968234074,0.06004468476999954,NA,NA,NA,NA
P01,L1,L1_2k,2k,R,350,5,13.938361853980723,11.591254699665964,16.80697646716527,15.639394925899001,0.025853219643434962,0.00976370463325379,0.05631803993453278,NA,NA,NA,NA
P01,L1,L1_2k,2k,R,350,6,14.113059262663182,11.491907249414453,17.385915072106034,15.53846264172998,0.025069833433821326,0.009217476476682794,0.05685220718475087,NA,NA,NA,NA
P01,L1,L1_2k,2k,R,350,7,14.922751506095501,12.379175407512458,18.00709063529469,15.094960802153361,0.03431468133530088,0.012999413985991103,0.0741209514875483,NA,NA,NA,NA
P01,L1,L1_2k,2k,R,350,8,13.41615943857428,11.079456176315157,16.216890050085805,15.953272552211004,0.026951405667668002,0.010158669790727508,0.05987699922219835,NA,NA,NA,NA
P01,L1,L1_2k,2k,R,350,9,13.383977838019957,10.879962845694749,16.596035562890126,15.973240765075484,0.02744493281822253,0.009970855451811039,0.062147638440463,NA,NA,NA,NA
P01,L1,L1_2k,2k,R,350,10,17.5343718445774,14.079297402039952,22.273148705044157,13.88752615055482,0.029473293026910607,0.01072451972461748,0.06564147960167632,NA,NA,NA,NA
P01,L1,L1_14k,14k,NR,50,1,2.9177689056805995,1.921604488802161,4.186080472833769,37.87661027686944,0.23121151300421117,0.11427943000546487,0.33953793325612613,NA,NA,NA,NA
P01,L1,L1_14k,14k,NR,50,2,3.145271613485609,2.0808277601161835,4.650401576034654,36.0768521211155,0.24747711351977825,0.12565792471961887,0.3756609345980032,NA,NA,NA,NA
P01,L1,L1_14k,14k,NR,50,3,5.293981080311989,3.3803265421795676,7.869886924196482,26.331518477064083,0.2594766948101169,0.1264348093489944,0.39405883273567754,NA,NA,NA,NA
P01,L1,L1_14k,14k,NR,50,4,3.5818349496414603,2.361659051594285,5.353689887094141,33.2220028356857,0.2318237636912684,0.11101767064545605,0.36311077483344717,NA,NA,NA,NA
P01,L1,L1_14k,14k,NR,50,5,3.119108722831788,2.0697360110727563,4.641503672043554,36.27151015758909,0.22539647939924057,0.1086453025574534,0.35353117846171317,NA,NA,NA,NA
P01,L1,L1_14k,14k,NR,50,6,3.051825765162766,1.9575747511306176,4.574692271653814,36.78625031116763,0.2092242867837371,0.09267353340425742,0.33951931834783317,NA,NA,NA,NA
P01,L1,L1_14k,14k,NR,50,7,3.1982884392389295,2.0470000431616104,4.882679398071227,35.69145282405093,0.2675474226839067,0.1256266921768573,0.4080753909288917,NA,NA,NA,NA
P01,L1,L1_14k,14k,NR,50,8,2.98005314401957,1.9510305189163737,4.475334986767572,37.35886074016277,0.23134170875117369,0.10811331075389945,0.3668138276627664,NA,NA,NA,NA
P01,L1,L1_14k,14k,NR,50,9,2.9991837607813294,1.956312993751768,4.494377244382863,37.20377915485748,0.23662742948370397,0.10873250424804343,0.3714557048621211,NA,NA,NA,NA
P01,L1,L1_14k,14k,NR,50,10,3.779910228377048,2.4444515643773657,5.7411458835224005,32.13145570856178,0.2319494794915951,0.1073710317516717,0.3665754294083531,NA,NA,NA,NA
P01,L1,L1_14k,14k,NR,100,1,3.6283657882672333,2.7171335793231397,4.853038689198786,32.95578317933008,0.1931008734081715,0.11887005813425312,0.2796472886096577,NA,NA,NA,NA
P01,L1,L1_14k,14k,NR,100,2,3.9257910016015813,2.884990749518099,5.366029443313713,31.39440766346532,0.20820708019684922,0.12267078372973801,0.3100310333724807,NA,NA,NA,NA
P01,L1,L1_14k,14k,NR,100,3,6.596873742740621,4.714738217254185,9.05608980683463,23.285293213450704,0.2179428490122447,0.13114370854756982,0.3236523969407632,NA,NA,NA,NA
P01,L1,L1_14k,14k,NR,100,4,4.478020562379099,3.189522474249035,6.2384867512041815,29.011705116726695,0.1944671586458355,0.10710415825165287,0.3028261380811395,NA,NA,NA,NA
P01,L1,L1_14k,14k,NR,100,5,3.9063211178984476,2.808330723792361,5.390142642758467,31.489797571684253,0.1889958340783227,0.10521767082228069,0.29324751597884746,NA,NA,NA,NA
P01,L1,L1_14k,14k,NR,100,6,3.828677123989247,2.6428705830239854,5.413903713563028,31.87921756605625,0.1742000277554881,0.09314488400842871,0.27956170873787173,NA,NA,NA,NA
P01,L1,L1_14k,14k,NR,100,7,4.009915466634988,2.872317280978817,5.487848146921299,30.992204128684243,0.22436523059034819,0.13374619107660646,0.33725113250051625,NA,NA,NA,NA
P01,L1,L1_14k,14k,NR,100,8,3.7380853696176297,2.6967875814476456,5.148902364250408,32.352696823493,0.19397981553764004,0.10988584365129317,0.30006339983995,NA,NA,NA,NA
P01,L1,L1_14k,14k,NR,100,9,3.7443974856031756,2.73408886267217,5.1505441215745735,32.31901076372777,0.197557874151251,0.11400718057829429,0.30375789965125854,NA,NA,NA,NA
P01,L1,L1_14k,14k,NR,100,10,4.720775569494412,3.4100638994145696,6.526352332942197,28.127412308111456,0.19391455042947198,0.11394204425076286,0.2974637653999572,NA,NA,NA,NA
P01,L1,L1_14k,14k,NR,150,1,4.525270254473691,3.0974544298861826,6.592603244705304,28.83282413994821,0.32811654172320465,0.23270190473718558,0.43063382498827724,NA,NA,NA,NA
P01,L1,L1_14k,14k,NR,150,2,4.887579109123893,3.3435094973178034,7.214840244065666,27.566049891502168,0.35040791292359824,0.23726821196232273,0.47483873594279535,NA,NA,NA,NA
P01,L1,L1_14k,14k,NR,150,3,8.200801722286597,5.344889418249209,12.479228873269253,20.689227296169616,0.36405192930296815,0.2448000792774029,0.48810339766300315,NA,NA,NA,NA
P01,L1,L1_14k,14k,NR,150,4,5.5643256494764675,3.770335171041435,8.367763883472437,25.59894888031104,0.33061063960673076,0.21729177213612694,0.4596325889219647,NA,NA,NA,NA
P01,L1,L1_14k,14k,NR,150,5,4.848487109012359,3.234502061029762,7.2820183122855955,27.694491462007566,0.3226595667813385,0.20814611742328776,0.4521762448754985,NA,NA,NA,NA
P01,L1,L1_14k,14k,NR,150,6,4.747930728715515,3.161671376845203,7.144261938270763,28.0336040884498,0.3006687050485053,0.19306134614329068,0.42912812139165996,NA,NA,NA,NA
P01,L1,L1_14k,14k,NR,150,7,4.972586602285254,3.2996977326740815,7.5086177743355265,27.29300060670719,0.37362548285970154,0.25721853637453485,0.49534652480536484,NA,NA,NA,NA
P01,L1,L1_14k,14k,NR,150,8,4.631152195817346,3.049628119043117,7.070653571547897,28.444072177263944,0.33110963360367784,0.20695546167352744,0.46147263320626314,NA,NA,NA,NA
P01,L1,L1_14k,14k,NR,150,9,4.65963129054503,3.1259832363971904,6.975433004591248,28.34225292928127,0.33697154886416514,0.22112447357454548,0.46335625194346347,NA,NA,NA,NA
P01,L1,L1_14k,14k,NR,150,10,5.863727049117811,3.8730156392052266,8.927587315837881,24.856587151566497,0.33059697000542626,0.2161558886888176,0.45789982682676095,NA,NA,NA,NA
P01,L1,L1_14k,14k,NR,200,1,4.537502270663264,3.2522525447946684,6.337578755230287,28.787069833655394,0.2617354729332249,0.1781522618959797,0.35736446190876653,NA,NA,NA,NA
P01,L1,L1_14k,14k,NR,200,2,4.92560096656104,3.415586328374971,6.995523610588654,27.442879144512375,0.2817124503032883,0.18485389794017001,0.3924508835469863,NA,NA,NA,NA
P01,L1,L1_14k,14k,NR,200,3,8.201350553921358,5.674024459945956,12.03219838244581,20.688483393556883,0.29375812705730653,0.19119504982408034,0.41240424277347465,NA,NA,NA,NA
P01,L1,L1_14k,14k,NR,200,4,5.604181996962697,3.864171269581737,8.062296814499966,25.496173737478664,0.26250056659537546,0.1679365792887317,0.3793652388301188,NA,NA,NA,NA
P01,L1,L1_14k,14k,NR,200,5,4.893964450730961,3.399767918438929,6.929384010808897,27.545244992937224,0.25678182460188603,0.1632843188675983,0.3692043044596054,NA,NA,NA,NA
P01,L1,L1_14k,14k,NR,200,6,4.766491232535392,3.2460627299826053,6.9752874727625525,27.970041731292266,0.23843907372604473,0.14319461383281326,0.3534084296903492,NA,NA,NA,NA
P01,L1,L1_14k,14k,NR,200,7,4.992176327707057,3.4420826690235895,7.165271400816376,27.23125648663087,0.3013754349084486,0.20004156003370982,0.42138711407933344,NA,NA,NA,NA
P01,L1,L1_14k,14k,NR,200,8,4.656247336645949,3.2178720999926624,6.7440823568747765,28.35429218491584,0.2637948612793616,0.1638603363549464,0.37909006066466,NA,NA,NA,NA
P01,L1,L1_14k,14k,NR,200,9,4.674264380766768,3.1932249103839583,6.92730589817354,28.290374000682696,0.2687234344116245,0.16322147151768407,0.3945913952013453,NA,NA,NA,NA
P01,L1,L1_14k,14k,NR,200,10,5.872680319654279,4.061335311579487,8.621104889023973,24.835394839916223,0.26355905288749837,0.1645486750235887,0.3812142064113613,NA,NA,NA,NA
P01,L1,L1_14k,14k,NR,250,1,5.020452157919289,3.772498169112892,6.720582488670703,27.14289310034744,0.2734379397513902,0.19533361777928443,0.3644690576479393,NA,NA,NA,NA
P01,L1,L1_14k,14k,NR,250,2,5.433828592714333,3.988480749098767,7.395296677862732,25.944610354039558,0.29356498393232666,0.20087070983353578,0.40212852659647325,NA,NA,NA,NA
P01,L1,L1_14k,14k,NR,250,3,9.121968088671338,6.482468062871157,12.710319506511924,19.544015040155948,0.30537906889719935,0.2068992798162651,0.41687353792201637,NA,NA,NA,NA
P01,L1,L1_14k,14k,NR,250,4,6.188239489760489,4.50474811116336,8.530643261830228,24.122136954115405,0.2758401922556044,0.1816391940799351,0.3830780945316502,NA,NA,NA,NA
P01,L1,L1_14k,14k,NR,250,5,5.397467785629884,3.8557478311754605,7.500769614864914,26.0435171055279,0.2679634663479973,0.17386155222188956,0.37649183232749894,NA,NA,NA,NA
P01,L1,L1_14k,14k,NR,250,6,5.265366842212153,3.7968091218559707,7.384734511014351,26.41290385566755,0.24913088077404805,0.15834397062390212,0.3620091988672197,NA,NA,NA,NA
P01,L1,L1_14k,14k,NR,250,7,5.524221599442583,3.993661838280443,7.5831629247605115,25.703662157951257,0.3138599654201599,0.21519357057787367,0.42692567519319696,NA,NA,NA,NA
P01,L1,L1_14k,14k,NR,250,8,5.159910813499175,3.6780092825471367,7.215698416306359,26.719701844771947,0.2749433072060521,0.17887183824553896,0.3908555320032515,NA,NA,NA,NA
P01,L1,L1_14k,14k,NR,250,9,5.186721048788145,3.7216631218736613,7.1647139099822805,26.640660340456378,0.279370795505749,0.18444908861185855,0.39622250265287134,NA,NA,NA,NA
P01,L1,L1_14k,14k,NR,250,10,6.546509522108206,4.640501031268266,9.114858192499334,23.383667580273976,0.2754367024007228,0.18144256535630274,0.38520102799494427,NA,NA,NA,NA
P01,L1,L1_14k,14k,NR,300,1,3.984836371793099,2.920220563867414,5.513766886722636,31.110450630485733,0.17594705581942488,0.1033314579322005,0.26225322844798965,NA,NA,NA,NA
P01,L1,L1_14k,14k,NR,300,2,4.310401239942745,3.0686204423630663,6.05310747607513,29.67520085096476,0.19105022945559164,0.10793717562447518,0.29564051104479816,NA,NA,NA,NA
P01,L1,L1_14k,14k,NR,300,3,7.199778524283859,5.093517806097829,10.520698759142448,22.197744691070636,0.1999644019869687,0.11209181860679497,0.3113626012558646,NA,NA,NA,NA
P01,L1,L1_14k,14k,NR,300,4,4.921112353098774,3.3755840307561766,7.144036909041273,27.45733114498174,0.17786137772495636,0.09468526306022507,0.28557120751261605,NA,NA,NA,NA
P01,L1,L1_14k,14k,NR,300,5,4.276485096526285,3.025954387753333,6.157954830771186,29.815262741689832,0.17240141140551118,0.09204203012152591,0.27923768994619863,NA,NA,NA,NA
P01,L1,L1_14k,14k,NR,300,6,4.176538611612431,2.977154587188954,5.99537799701843,30.240208192501917,0.15805339290844878,0.08333186406391058,0.2622791869921004,NA,NA,NA,NA
P01,L1,L1_14k,14k,NR,300,7,4.388817558746851,3.0981274342591094,6.203113022367934,29.359009875526663,0.2058136232735993,0.11890557548054499,0.3188840404876081,NA,NA,NA,NA
P01,L1,L1_14k,14k,NR,300,8,4.092041061574712,2.8662909715495783,5.840592676318484,30.614445420818043,0.17730313758560995,0.09535522171870113,0.28504233373269056,NA,NA,NA,NA
P01,L1,L1_14k,14k,NR,300,9,4.109283637724706,2.940996012267455,5.866127974816567,30.53691863068981,0.18086965269860594,0.0989254619746011,0.2900451546350169,NA,NA,NA,NA
P01,L1,L1_14k,14k,NR,300,10,5.175697460645161,3.578573697895962,7.548154879360567,26.673072257139605,0.1768381034456188,0.0955812181984081,0.284364696929225,NA,NA,NA,NA
P01,L1,L1_14k,14k,NR,350,1,4.500800860807094,3.3748145267306953,6.0570117322342005,28.925033674237795,0.17448301314554016,0.10845816732578019,0.2557262682721961,NA,NA,NA,NA
P01,L1,L1_14k,14k,NR,350,2,4.883340381126644,3.5779653380775542,6.584825093693874,27.579887564832074,0.18937781902704903,0.11249395322608087,0.2888465515760514,NA,NA,NA,NA
P01,L1,L1_14k,14k,NR,350,3,8.166740870361934,5.927176393138874,11.267434092384047,20.735553311200523,0.19827238363395638,0.11883277491595949,0.3026946787146741,NA,NA,NA,NA
P01,L1,L1_14k,14k,NR,350,4,5.5485762626749775,3.9965686154660434,7.840618300891125,25.639914189227706,0.17527587073215228,0.09979704683998418,0.27785579432145613,NA,NA,NA,NA
P01,L1,L1_14k,14k,NR,350,5,4.85023739874072,3.4549794476720916,6.712646199578905,27.688700939820738,0.17079470104643857,0.09575828096778778,0.2719052548618942,NA,NA,NA,NA
P01,L1,L1_14k,14k,NR,350,6,4.739886375484616,3.3965501720109375,6.553446907442357,28.06129232052303,0.15709107146639195,0.08754439388338577,0.25270528762522687,NA,NA,NA,NA
P01,L1,L1_14k,14k,NR,350,7,4.953736594313627,3.533858502899616,6.96899001431055,27.352824639781005,0.20561038941570087,0.11881298613241126,0.3140586859229521,NA,NA,NA,NA
P01,L1,L1_14k,14k,NR,350,8,4.63762436789137,3.326332583353064,6.383636902998434,28.420833075860656,0.17582528171102518,0.10268155724199649,0.2728573932068111,NA,NA,NA,NA
P01,L1,L1_14k,14k,NR,350,9,4.649031392399026,3.4014051877288534,6.358871072544315,28.38001776587995,0.17944830394933686,0.10298547744383581,0.28466193744983237,NA,NA,NA,NA
P01,L1,L1_14k,14k,NR,350,10,5.859697229905872,4.230999369638922,8.083171385050797,24.866143840232315,0.17631634369387844,0.10133692594939898,0.2742726737664673,NA,NA,NA,NA
P01,L1,L1_14k,14k,R,50,1,10.881750826212505,8.77127201694563,13.480765451512587,17.801359496084466,0.05492055013611222,0.02933690870085532,0.0946916288730246,NA,NA,NA,NA
P01,L1,L1_14k,14k,R,50,2,11.762524702332094,9.195997741444037,15.083776119245071,17.088215809521316,0.06028557168977225,0.030574071355138097,0.10971358848708802,NA,NA,NA,NA
P01,L1,L1_14k,14k,R,50,3,19.743249392445023,14.987752122249418,25.82418679813783,13.06507831875946,0.0635429049782546,0.032405758098921024,0.11340065710133,NA,NA,NA,NA
P01,L1,L1_14k,14k,R,50,4,13.402706462386256,10.173809912250578,17.554293443999498,15.961610794138368,0.055677571955901964,0.027260730826133797,0.10224437403505802,NA,NA,NA,NA
P01,L1,L1_14k,14k,R,50,5,11.657272305849643,9.0962516177652,14.988925701988803,17.168938310444624,0.05335323621049898,0.026541450800855886,0.09992606815258312,NA,NA,NA,NA
P01,L1,L1_14k,14k,R,50,6,11.407201077184046,8.740983064338115,14.86550830947798,17.365426311519133,0.04866571353781098,0.02305085805882847,0.0925344471031733,NA,NA,NA,NA
P01,L1,L1_14k,14k,R,50,7,11.942667726760813,9.145890320256656,15.555082612476435,16.95266719651016,0.06653224772899867,0.03320487667594832,0.11987829700477763,NA,NA,NA,NA
P01,L1,L1_14k,14k,R,50,8,11.169913389878637,8.566612353678819,14.45617354158237,17.55826875706622,0.05561511431130928,0.026851408536047724,0.10278263971187059,NA,NA,NA,NA
P01,L1,L1_14k,14k,R,50,9,11.217086991954986,8.6105273703456,14.577457267632997,17.519417641812062,0.05648141348475924,0.02811786755727624,0.10658231514893518,NA,NA,NA,NA
P01,L1,L1_14k,14k,R,50,10,14.101821874787785,10.830583212568657,18.416611441832362,15.544896262835962,0.05532538628942679,0.027356856867832995,0.10233220675798346,NA,NA,NA,NA
P01,L1,L1_14k,14k,R,100,1,11.181530448569344,8.788956446555176,14.4458812770487,17.548677143601427,0.08252978573408024,0.0476230963079218,0.13249138421878384,NA,NA,NA,NA
P01,L1,L1_14k,14k,R,100,2,12.096632747032613,9.36773134621061,15.897223960667965,16.839344788747834,0.09030919603448058,0.04961103709623895,0.15112222212724,NA,NA,NA,NA
P01,L1,L1_14k,14k,R,100,3,20.269580851594398,14.991571257404388,27.486462001874052,12.889781427018375,0.09527361941323195,0.05164414597955752,0.15872498700919727,NA,NA,NA,NA
P01,L1,L1_14k,14k,R,100,4,13.813151354075654,10.391812350457695,18.269964702003584,15.71296051871918,0.0831691824837705,0.04404213906866792,0.14231104946198458,NA,NA,NA,NA
P01,L1,L1_14k,14k,R,100,5,12.003411286780038,9.145297834494972,15.934375142817105,16.90768486309557,0.08025528296659568,0.04335148614704921,0.1398868548453141,NA,NA,NA,NA
P01,L1,L1_14k,14k,R,100,6,11.705803653709545,8.70848124677336,16.22374497020109,17.13157530503568,0.07336135483902517,0.03711765488874928,0.13404376118182368,NA,NA,NA,NA
P01,L1,L1_14k,14k,R,100,7,12.298193768803618,9.275274322853171,16.42834129659805,16.694377802270157,0.0985028290869386,0.05411639982767599,0.16410483217111366,NA,NA,NA,NA
P01,L1,L1_14k,14k,R,100,8,11.496432202352999,8.59163176213747,15.461387424399744,17.294540670683542,0.08345832455508376,0.043515620648301966,0.14248529144568528,NA,NA,NA,NA
P01,L1,L1_14k,14k,R,100,9,11.526965902280118,8.576808436665619,15.789364476112194,17.270483789020602,0.08543164348180865,0.04373797185871444,0.1500542170731082,NA,NA,NA,NA
P01,L1,L1_14k,14k,R,100,10,14.508913073672378,10.906677699642033,19.657401810944066,15.316813269703106,0.0833156810199038,0.04410295940820817,0.14275881077858701,NA,NA,NA,NA
P01,L1,L1_14k,14k,R,150,1,12.493033263304406,10.013487414367882,15.615143547195192,16.55775446920857,0.05381182383941642,0.02824522823540735,0.09194111789628664,NA,NA,NA,NA
P01,L1,L1_14k,14k,R,150,2,13.527103022219167,10.531488428227325,17.25709912546508,15.885004655300353,0.0591486002039963,0.029215168651631263,0.10554609434872349,NA,NA,NA,NA
P01,L1,L1_14k,14k,R,150,3,22.73911387776085,16.994864087001602,29.711811378290577,12.15232717378419,0.06219447667147784,0.031036014184949515,0.11131912143034858,NA,NA,NA,NA
P01,L1,L1_14k,14k,R,150,4,15.404239603601646,11.77540632778269,20.043243176522445,14.848607719881237,0.05417221361830951,0.02685838684863067,0.09950791669064452,NA,NA,NA,NA
P01,L1,L1_14k,14k,R,150,5,13.439668810194215,10.284587789953884,17.558284059118368,15.938732676488122,0.052460460143623024,0.024938298273788736,0.0958457692140043,NA,NA,NA,NA
P01,L1,L1_14k,14k,R,150,6,13.109304051475064,9.992416083370072,17.16158425685359,16.14678663531955,0.04751869864698703,0.02268770267730038,0.09018839026193023,NA,NA,NA,NA
P01,L1,L1_14k,14k,R,150,7,13.738894133747278,10.430912483455675,18.046697413836903,15.757083729626316,0.06466935265855293,0.03201902361257458,0.11700793660403418,NA,NA,NA,NA
P01,L1,L1_14k,14k,R,150,8,12.817505842551455,9.744114506547076,16.87785016259055,16.337508897339074,0.05427520625951211,0.02615884825547573,0.10022228424685195,NA,NA,NA,NA
P01,L1,L1_14k,14k,R,150,9,12.941463415970372,9.707515694231562,16.973540621323433,16.255665006560015,0.055669046971658157,0.026533988172220507,0.10258243134306808,NA,NA,NA,NA
P01,L1,L1_14k,14k,R,150,10,16.242969731939546,12.325776568346697,21.16318892687298,14.446874720895575,0.054134688667077824,0.02655753024920141,0.09862199703704752,NA,NA,NA,NA
P01,L1,L1_14k,14k,R,200,1,15.096285952133302,11.93415273763084,19.13336098837017,15.004762760234232,0.04799094810715859,0.023122855073414154,0.08645410789246535,NA,NA,NA,NA
P01,L1,L1_14k,14k,R,200,2,16.354926636000634,12.581658971461493,21.064182690913533,14.395683251895441,0.05289522278781876,0.024865206386018582,0.09923666113638525,NA,NA,NA,NA
P01,L1,L1_14k,14k,R,200,3,27.351288794283008,20.11984926707039,36.69240045102717,11.058725859078569,0.05572916516410435,0.02566110711514745,0.10610987394216487,NA,NA,NA,NA
P01,L1,L1_14k,14k,R,200,4,18.557694576505163,14.056185225690015,24.62469511383924,13.487704839951684,0.04868155557737383,0.022060399908977832,0.09293489339627153,NA,NA,NA,NA
P01,L1,L1_14k,14k,R,200,5,16.198285503364474,12.412427091336173,21.161462330765808,14.467459489157333,0.0468876835532046,0.021105188723372102,0.09038873468862223,NA,NA,NA,NA
P01,L1,L1_14k,14k,R,200,6,15.784055204755466,11.772516556843348,21.49322782897308,14.662575094176557,0.042614686203857596,0.018310789763822916,0.08619156431641739,NA,NA,NA,NA
P01,L1,L1_14k,14k,R,200,7,16.581674601991146,12.602721900300732,21.932184477957648,14.293652134381736,0.05819960881318023,0.02726435819130166,0.109754572113163,NA,NA,NA,NA
P01,L1,L1_14k,14k,R,200,8,15.45466824607055,11.834746315708008,20.116124030480297,14.823499052471849,0.04860562574040464,0.022492594163631075,0.09280382323369042,NA,NA,NA,NA
P01,L1,L1_14k,14k,R,200,9,15.532253564019566,11.717980203136003,20.819643412001238,14.785116844154297,0.04941537146745607,0.022475031239662543,0.09698160599500102,NA,NA,NA,NA
P01,L1,L1_14k,14k,R,200,10,19.513449785785927,14.709682266422327,26.025630736532936,13.143891863254852,0.04826099501288819,0.022330216013551132,0.09281081708739444,NA,NA,NA,NA
P01,L1,L1_14k,14k,R,250,1,17.257926583218246,13.936519275770078,21.30122996221762,14.00178786557189,0.027356272817421347,0.011600300983693536,0.0545491857732983,NA,NA,NA,NA
P01,L1,L1_14k,14k,R,250,2,18.665600670977515,14.511877819075325,23.58405034455178,13.44753041173477,0.030253953242961127,0.01202753611508358,0.06278704169059306,NA,NA,NA,NA
P01,L1,L1_14k,14k,R,250,3,31.287071466430913,24.07050616462859,40.629936063779894,10.327320811077094,0.03188959131998577,0.012830897372121815,0.06521393161902976,NA,NA,NA,NA
P01,L1,L1_14k,14k,R,250,4,21.25203523448622,16.385227586184183,27.332579524442476,12.580630490199633,0.027635814976767793,0.01073375865776989,0.058519254001118313,NA,NA,NA,NA
P01,L1,L1_14k,14k,R,250,5,18.54150267900171,14.444192464816892,23.552630665759068,13.493764385977675,0.026752657232577505,0.010425215925404031,0.05757650950974651,NA,NA,NA,NA
P01,L1,L1_14k,14k,R,250,6,18.090989496835522,13.848283876352562,23.472547277327934,13.665710025277047,0.024089543493368774,0.009488375389898858,0.05293081177988354,NA,NA,NA,NA
P01,L1,L1_14k,14k,R,250,7,18.936808507035842,14.724408114274942,24.221805180539114,13.348122735304957,0.033148420623924646,0.013085294413653413,0.06887153598734276,NA,NA,NA,NA
P01,L1,L1_14k,14k,R,250,8,17.69850285641727,13.707413673658607,22.74424323007232,13.820997506203256,0.0275594973125165,0.010955078219079614,0.058482885759580126,NA,NA,NA,NA
P01,L1,L1_14k,14k,R,250,9,17.767726975860185,13.608516469791164,23.349647386230295,13.793223865205004,0.028364613021637036,0.011069833189582119,0.060821918972390636,NA,NA,NA,NA
P01,L1,L1_14k,14k,R,250,10,22.33218965702119,17.034655197159783,29.189413629239663,12.265160290532988,0.027604089565187746,0.010922753549196208,0.05773962745209401,NA,NA,NA,NA
P01,L1,L1_14k,14k,R,300,1,12.143575328028062,9.747067782937917,15.008377077302322,16.80524457232952,0.033518194919762434,0.014643301790562795,0.06422821594224905,NA,NA,NA,NA
P01,L1,L1_14k,14k,R,300,2,13.158688466755038,10.31656497717517,16.64016840177058,16.115166136480816,0.036669929169028045,0.016007381999244227,0.07462905421610702,NA,NA,NA,NA
P01,L1,L1_14k,14k,R,300,3,22.06444722040363,16.78000563329194,28.98459798232787,12.34113922973877,0.03888742128176376,0.01678566105489067,0.07923296438739305,NA,NA,NA,NA
P01,L1,L1_14k,14k,R,300,4,14.95321826191935,11.566996793972486,19.35808414798014,15.079007143994918,0.03368996716136785,0.014118639720531862,0.07004247917271822,NA,NA,NA,NA
P01,L1,L1_14k,14k,R,300,5,13.047581161781979,10.243114786546354,16.6015647010137,16.186570926479686,0.03260908511860463,0.01381949139732991,0.06669080830598377,NA,NA,NA,NA
P01,L1,L1_14k,14k,R,300,6,12.731681753580027,9.691953787686721,16.660940046118412,16.394906375535836,0.02946943548256957,0.012085037155082346,0.06148218383035375,NA,NA,NA,NA
P01,L1,L1_14k,14k,R,300,7,13.36317750463126,10.30665055194882,17.15626285959666,15.986187119197456,0.04052063665250259,0.017426487995557655,0.08013489083266769,NA,NA,NA,NA
P01,L1,L1_14k,14k,R,300,8,12.445846023252871,9.656936107065217,16.010552330534,16.590533830882134,0.03363896338043876,0.014179481897288236,0.07006777187550858,NA,NA,NA,NA
P01,L1,L1_14k,14k,R,300,9,12.517799832857126,9.619315278048255,16.497163725800718,16.5406277449351,0.03469686699926371,0.01432766172707503,0.07203051466941222,NA,NA,NA,NA
P01,L1,L1_14k,14k,R,300,10,15.768804508249762,11.86639573489853,21.02089484868293,14.669910352803448,0.03406236611140259,0.013888067549716202,0.07130009012488196,NA,NA,NA,NA
P01,L1,L1_14k,14k,R,350,1,12.413539227783179,10.010793861948775,15.44723002087292,16.613089150861768,0.02512106273736124,0.009812281276807366,0.05377183132348578,NA,NA,NA,NA
P01,L1,L1_14k,14k,R,350,2,13.433458482048941,10.506315362752012,17.08053716432898,15.942569714759221,0.02741847089148893,0.01035773232650157,0.06150673950886407,NA,NA,NA,NA
P01,L1,L1_14k,14k,R,350,3,22.528666855767582,17.10091084408224,29.3476805319871,12.210289583228894,0.02913133179619498,0.01093215518497565,0.06529915937827009,NA,NA,NA,NA
P01,L1,L1_14k,14k,R,350,4,15.287344741309129,11.645204274366304,19.950750331956876,14.907305201449178,0.025251389585179876,0.009298623742904603,0.05632896955091395,NA,NA,NA,NA
P01,L1,L1_14k,14k,R,350,5,13.328596082558594,10.257079004152263,17.287219056365565,16.00778097459122,0.02445363249357843,0.009162958928482953,0.05494883836336856,NA,NA,NA,NA
P01,L1,L1_14k,14k,R,350,6,13.038995770211953,9.921125449985901,17.104794203578724,16.192128135840747,0.022135038821983085,0.007779603998433767,0.051966166146218434,NA,NA,NA,NA
P01,L1,L1_14k,14k,R,350,7,13.650212851696573,10.458081913982022,17.777329043305468,15.810268864402609,0.03036318615014611,0.011159564925984177,0.06790657990090666,NA,NA,NA,NA
P01,L1,L1_14k,14k,R,350,8,12.74590391026859,9.90413380494697,16.271341540721505,16.385352945629478,0.02523870424369564,0.0094022765718994,0.05595347946116913,NA,NA,NA,NA
P01,L1,L1_14k,14k,R,350,9,12.818696992379671,9.816592272623366,16.811968423130665,16.33671652593324,0.025876867145077562,0.009399694338397302,0.059555925061496144,NA,NA,NA,NA
P01,L1,L1_14k,14k,R,350,10,16.09036537864259,12.308484081701701,21.308382109341526,14.51754092295197,0.025437245878772444,0.009106272368636514,0.05879839867084207,NA,NA,NA,NA
P01,L2,L2_2k,2k,NR,50,1,4.187477825064611,3.5409077680370773,4.954567242770756,30.192783403119204,0.1447261068218815,0.0373542536307059,0.31325903821333284,0.16937924710614238,0.058602199567156635,0.2836075405945039,0.6858946460719761
P01,L2,L2_2k,2k,NR,50,2,4.357114298161186,3.6343269233852427,5.2742583317415495,29.485583393017414,0.13876686139114214,0.03789086186835171,0.29462002926065484,0.1182730503506707,0.04072849828427262,0.23076755255052356,0.7429600882581872
P01,L2,L2_2k,2k,NR,50,3,7.179314428999829,5.796674072180706,8.973364501606602,22.232160060160517,0.13444174484949994,0.030446623171166726,0.3187927187942261,0.13834761935276457,0.04029850921956383,0.2704297246520002,0.7272106357977355
P01,L2,L2_2k,2k,NR,50,4,4.918992984731219,4.015088895803812,6.0054536749644045,27.464163084060225,0.10496736385370889,0.024248216404576365,0.2615403836094122,0.1382438759373799,0.04224368126654254,0.2621788160400789,0.7567887602089113
P01,L2,L2_2k,2k,NR,50,5,4.364417275348925,3.510489305092142,5.3916663598320564,29.456276870877225,0.11239674681314812,0.027682544117666835,0.26745218752542443,0.1307283168593844,0.04082302193010387,0.25042659974004605,0.7568749363274674
P01,L2,L2_2k,2k,NR,50,6,4.624975011365921,3.729316983063028,5.720252996508205,28.466307152362674,0.1088092299309027,0.022952119363341704,0.27772053272294445,0.14207083484075717,0.03936019650902382,0.2818427648905869,0.7491199352283402
P01,L2,L2_2k,2k,NR,50,7,4.690978587602084,3.8398260641112882,5.716087238290233,28.231475676958425,0.09522144411953726,0.01959848028676366,0.27654375571522816,0.20740670098284242,0.05989025604312441,0.3667219291575651,0.6973718548976203
P01,L2,L2_2k,2k,NR,50,8,4.186954433549413,3.3473028388126806,5.177596369373549,30.195047234393915,0.13123973609585107,0.03187408202475973,0.297351847743649,0.11693985095466886,0.03515597425364266,0.23441755632805245,0.7518204129494801
P01,L2,L2_2k,2k,NR,50,9,4.236948340217938,3.4317377598609466,5.1957214694936615,29.98114616076208,0.13973477543643265,0.03282158163835566,0.3281218996242788,0.11028220967692054,0.0279266203506885,0.24441811993208007,0.7499830148866469
P01,L2,L2_2k,2k,NR,50,10,5.52335243369054,4.405671815073225,6.977595989325828,25.705946224232175,0.110642728227669,0.023878124434028026,0.2900496337506591,0.16177750051388295,0.04477873253882218,0.30617243170467245,0.7275797712584481
P01,L2,L2_2k,2k,NR,100,1,4.187477825064611,3.5409077680370773,4.954567242770756,30.192783403119204,0.16313763130531997,0.06962579604575964,0.27362352719771005,0.08980769821273069,0.026268062327125467,0.17998071825917733,0.7470546704819493
P01,L2,L2_2k,2k,NR,100,2,4.357114298161186,3.6343269233852427,5.2742583317415495,29.485583393017414,0.15111021033182115,0.05834959219747264,0.281509268878527,0.06207819558022071,0.015837052510377626,0.1535854896900125,0.7868115940879581
P01,L2,L2_2k,2k,NR,100,3,7.179314428999829,5.796674072180706,8.973364501606602,22.232160060160517,0.14946383638336935,0.05598427726408679,0.2770578761634526,0.07142448281199534,0.018596204277113258,0.17014280587763989,0.7791116808046353
P01,L2,L2_2k,2k,NR,100,4,4.918992984731219,4.015088895803812,6.0054536749644045,27.464163084060225,0.11757669532128984,0.04017794192022038,0.236992125505123,0.07225863617965128,0.017975579696696477,0.17183628129735762,0.8101646684990589
P01,L2,L2_2k,2k,NR,100,5,4.364417275348925,3.510489305092142,5.3916663598320564,29.456276870877225,0.12531119621164533,0.04422431017596591,0.24396196466763376,0.06808623989158583,0.01650171371477487,0.16906473880299255,0.8066025638967689
P01,L2,L2_2k,2k,NR,100,6,4.624975011365921,3.729316983063028,5.720252996508205,28.466307152362674,0.1215755929950666,0.0405037783685558,0.24594873158373468,0.07438555693319454,0.018321664077227046,0.17613627027116524,0.8040388500717388
P01,L2,L2_2k,2k,NR,100,7,4.690978587602084,3.8398260641112882,5.716087238290233,28.231475676958425,0.1115809569313849,0.03776605581217084,0.2309894245764998,0.11142316709914662,0.0293391502633989,0.23609209161995984,0.7769958759694685
P01,L2,L2_2k,2k,NR,100,8,4.186954433549413,3.3473028388126806,5.177596369373549,30.195047234393915,0.14359088306095857,0.05416878658581169,0.2705083990204946,0.06038642376590053,0.014807198356175435,0.15168741393279483,0.7960226931731409
P01,L2,L2_2k,2k,NR,100,9,4.236948340217938,3.4317377598609466,5.1957214694936615,29.98114616076208,0.15191574302671493,0.05975056131768695,0.2803993368952993,0.05642896852360153,0.014694112587741727,0.13754931322402084,0.7916552884496835
P01,L2,L2_2k,2k,NR,100,10,5.52335243369054,4.405671815073225,6.977595989325828,25.705946224232175,0.12458708519301985,0.04684664826010757,0.24229561365161006,0.08397557664736105,0.02431067958181627,0.18598285551451144,0.791437338159619
P01,L2,L2_2k,2k,NR,150,1,4.187477825064611,3.5409077680370773,4.954567242770756,30.192783403119204,0.2089011765116865,0.08401743509476724,0.3586384340117231,0.14173683705862963,0.041847693951247524,0.2580604554576678,0.6493619864296839
P01,L2,L2_2k,2k,NR,150,2,4.357114298161186,3.6343269233852427,5.2742583317415495,29.485583393017414,0.1997084560254085,0.07323250950171209,0.37150096624142015,0.09844335326366468,0.02430426429088648,0.2228817096993524,0.7018481907109269
P01,L2,L2_2k,2k,NR,150,3,7.179314428999829,5.796674072180706,8.973364501606602,22.232160060160517,0.1974322075370227,0.05862698412696087,0.37945656632357333,0.11511723815189963,0.024362368784418352,0.2627833105616209,0.6874505543110776
P01,L2,L2_2k,2k,NR,150,4,4.918992984731219,4.015088895803812,6.0054536749644045,27.464163084060225,0.1553210174366832,0.05598695045696137,0.3063467310441032,0.11329592373707663,0.03283130361272954,0.22970524483989155,0.7313830588262402
P01,L2,L2_2k,2k,NR,150,5,4.364417275348925,3.510489305092142,5.3916663598320564,29.456276870877225,0.16613508095495566,0.0560355014631476,0.3194473698674448,0.10879640980369575,0.028113662909235254,0.23715541402250587,0.7250685092413486
P01,L2,L2_2k,2k,NR,150,6,4.624975011365921,3.729316983063028,5.720252996508205,28.466307152362674,0.16007819323127942,0.05826527906349736,0.3085431317362075,0.11648710057378084,0.03329900778031192,0.23552245705421096,0.7234347061949398
P01,L2,L2_2k,2k,NR,150,7,4.690978587602084,3.8398260641112882,5.716087238290233,28.231475676958425,0.1453203890581099,0.043705093493261085,0.3162929791537806,0.1731511926315349,0.04749117948933979,0.3260876166491107,0.6815284183103552
P01,L2,L2_2k,2k,NR,150,8,4.186954433549413,3.3473028388126806,5.177596369373549,30.195047234393915,0.19077887601958887,0.06339751562930619,0.3677230344984851,0.09656139521722673,0.023337238501057057,0.22177922561816113,0.7126597287631844
P01,L2,L2_2k,2k,NR,150,9,4.236948340217938,3.4317377598609466,5.1957214694936615,29.98114616076208,0.2006776371727769,0.07960092346792184,0.3608922888508157,0.08932138780352544,0.025934409411076727,0.1976972406077265,0.7100009750236976
P01,L2,L2_2k,2k,NR,150,10,5.52335243369054,4.405671815073225,6.977595989325828,25.705946224232175,0.16342274778416677,0.0574794825665999,0.32251463853906615,0.13295593926378207,0.0367610300374196,0.2598850417279689,0.7036213129520512
P01,L2,L2_2k,2k,NR,200,1,4.187477825064611,3.5409077680370773,4.954567242770756,30.192783403119204,0.2142347620944262,0.09930969811445182,0.3338795929833446,0.07788570857171712,0.018453776768179636,0.17857443324908612,0.7078795293338567
P01,L2,L2_2k,2k,NR,200,2,4.357114298161186,3.6343269233852427,5.2742583317415495,29.485583393017414,0.20218657316374364,0.07628806790873707,0.35123971963844175,0.05285835780490083,0.00983524543507397,0.16394170455418403,0.7449550690313556
P01,L2,L2_2k,2k,NR,200,3,7.179314428999829,5.796674072180706,8.973364501606602,22.232160060160517,0.1963274001264517,0.0846325184540663,0.3394389114158293,0.06142783405251109,0.013653671265556068,0.16277875124268099,0.7422447658210373
P01,L2,L2_2k,2k,NR,200,4,4.918992984731219,4.015088895803812,6.0054536749644045,27.464163084060225,0.15514176263232654,0.06189042775004241,0.2860851802526781,0.06220910985905772,0.012783854813240703,0.16113769042999168,0.7826491275086158
P01,L2,L2_2k,2k,NR,200,5,4.364417275348925,3.510489305092142,5.3916663598320564,29.456276870877225,0.16766264865882025,0.06370298423697181,0.30147420910746214,0.05888786002378994,0.011555140755186284,0.1595551042537517,0.7734494913173897
P01,L2,L2_2k,2k,NR,200,6,4.624975011365921,3.729316983063028,5.720252996508205,28.466307152362674,0.16124633633819024,0.0608519017541861,0.2954869387949481,0.06379519894951033,0.013594577523624692,0.1716969257509788,0.7749584647122993
P01,L2,L2_2k,2k,NR,200,7,4.690978587602084,3.8398260641112882,5.716087238290233,28.231475676958425,0.1486654151552955,0.0578827368057157,0.28150628051466076,0.09653020621779856,0.021535119167147274,0.2265233626742618,0.7548043786269059
P01,L2,L2_2k,2k,NR,200,8,4.186954433549413,3.3473028388126806,5.177596369373549,30.195047234393915,0.18986272585570843,0.0739012093145832,0.3366836236548264,0.05188903043781298,0.010282603208948575,0.14877186381545202,0.7582482437064786
P01,L2,L2_2k,2k,NR,200,9,4.236948340217938,3.4317377598609466,5.1957214694936615,29.98114616076208,0.20165611955494184,0.07671690395432183,0.35390573684759796,0.048558713201851095,0.00902348222854814,0.14709697809107333,0.749785167243207
P01,L2,L2_2k,2k,NR,200,10,5.52335243369054,4.405671815073225,6.977595989325828,25.705946224232175,0.1656913278597851,0.06515848407080062,0.29868862051193484,0.07289536392806134,0.015905175124141555,0.18293921166641627,0.7614133082121535
P01,L2,L2_2k,2k,NR,250,1,4.187477825064611,3.5409077680370773,4.954567242770756,30.192783403119204,0.236029462367163,0.11732338129753513,0.3516544455193195,0.06268593856336876,0.013295346997193761,0.15789817894981978,0.7012845990694683
P01,L2,L2_2k,2k,NR,250,2,4.357114298161186,3.6343269233852427,5.2742583317415495,29.485583393017414,0.2189556306896934,0.09834172571890173,0.3571915673404206,0.04218762777427868,0.007985138798855854,0.13243833160831192,0.738856741536028
P01,L2,L2_2k,2k,NR,250,3,7.179314428999829,5.796674072180706,8.973364501606602,22.232160060160517,0.21600256867976358,0.09435543972201338,0.3535503166400345,0.049751636129389584,0.009539821385383009,0.14536729591726194,0.7342457951908468
P01,L2,L2_2k,2k,NR,250,4,4.918992984731219,4.015088895803812,6.0054536749644045,27.464163084060225,0.17121596281000706,0.07826813638337063,0.2933932015645909,0.0494967232471452,0.010383937168291335,0.1338020602660245,0.7792873139428478
P01,L2,L2_2k,2k,NR,250,5,4.364417275348925,3.510489305092142,5.3916663598320564,29.456276870877225,0.1836430957596538,0.07490911186090805,0.3182793940174619,0.046756390554315796,0.009265476762161134,0.13783677653609688,0.7696005136860304
P01,L2,L2_2k,2k,NR,250,6,4.624975011365921,3.729316983063028,5.720252996508205,28.466307152362674,0.1760127298009141,0.07589865266865586,0.31201916446694045,0.05084985607418242,0.0096863505009068,0.14319764291888223,0.7731374141249034
P01,L2,L2_2k,2k,NR,250,7,4.690978587602084,3.8398260641112882,5.716087238290233,28.231475676958425,0.16518764607726033,0.07078459310568981,0.30093116051391877,0.07810244776399418,0.01598345495995897,0.19325638464927009,0.7567099061587454
P01,L2,L2_2k,2k,NR,250,8,4.186954433549413,3.3473028388126806,5.177596369373549,30.195047234393915,0.20963276628262728,0.08237007288934381,0.3550338489809731,0.04120585355696854,0.007416980128361925,0.13477169381619059,0.7491613801604041
P01,L2,L2_2k,2k,NR,250,9,4.236948340217938,3.4317377598609466,5.1957214694936615,29.98114616076208,0.2207763055485628,0.08796553369069421,0.3705681163715258,0.0385363526725814,0.006875047563154872,0.13108873437046462,0.7406873417788558
P01,L2,L2_2k,2k,NR,250,10,5.52335243369054,4.405671815073225,6.977595989325828,25.705946224232175,0.18379712502428078,0.07522075412463339,0.3215568203649757,0.05901577983902789,0.010950593614450955,0.16367180968753936,0.7571870951366914
P01,L2,L2_2k,2k,NR,300,1,4.187477825064611,3.5409077680370773,4.954567242770756,30.192783403119204,0.049842778974290895,0.011836450292599637,0.14358023322263347,0.1625253710951008,0.08342514058023101,0.2436067128678383,0.7876318499306083
P01,L2,L2_2k,2k,NR,300,2,4.357114298161186,3.6343269233852427,5.2742583317415495,29.485583393017414,0.047200524196676405,0.00998832890204984,0.1433422795702435,0.11561796194314516,0.04462756128113576,0.21946030319455778,0.8371815138601784
P01,L2,L2_2k,2k,NR,300,3,7.179314428999829,5.796674072180706,8.973364501606602,22.232160060160517,0.045460269943344095,0.00996820146386587,0.14168621997168837,0.13274125995000063,0.055278996532255174,0.23470318918309124,0.8217984701066553
P01,L2,L2_2k,2k,NR,300,4,4.918992984731219,4.015088895803812,6.0054536749644045,27.464163084060225,0.03435486034784008,0.006524899804808518,0.12775813318226553,0.13405024384983066,0.05064960518608761,0.23906805767359926,0.8315948958023293
P01,L2,L2_2k,2k,NR,300,5,4.364417275348925,3.510489305092142,5.3916663598320564,29.456276870877225,0.0375836987747849,0.00788580698197703,0.12394998131305829,0.1267334399543371,0.04990951428028399,0.23146865168212394,0.835682861270878
P01,L2,L2_2k,2k,NR,300,6,4.624975011365921,3.729316983063028,5.720252996508205,28.466307152362674,0.036120803137053986,0.007386410228379539,0.11758236069268756,0.13606785667235377,0.05499608076698166,0.24349020088490317,0.8278113401905922
P01,L2,L2_2k,2k,NR,300,7,4.690978587602084,3.8398260641112882,5.716087238290233,28.231475676958425,0.03238479226379892,0.00639778807363369,0.11030033842435738,0.1972020083767457,0.09313708595147174,0.3204982459903261,0.7704131993594554
P01,L2,L2_2k,2k,NR,300,8,4.186954433549413,3.3473028388126806,5.177596369373549,30.195047234393915,0.04456328952608112,0.00913583603959552,0.13654556741111232,0.11254332047311284,0.045314682266836666,0.21224931798931906,0.842893390000806
P01,L2,L2_2k,2k,NR,300,9,4.236948340217938,3.4317377598609466,5.1957214694936615,29.98114616076208,0.04758326171343283,0.0104116594032838,0.14102607367884876,0.10564262630207077,0.04395697127502758,0.20384585565972535,0.8467741119844964
P01,L2,L2_2k,2k,NR,300,10,5.52335243369054,4.405671815073225,6.977595989325828,25.705946224232175,0.036495403507813606,0.007694132768684342,0.12787039700936448,0.1551809157484898,0.06256798689236796,0.2673230047062521,0.8083236807436966
P01,L2,L2_2k,2k,NR,350,1,4.187477825064611,3.5409077680370773,4.954567242770756,30.192783403119204,0.09827757435168727,0.03032990645012661,0.19840243098961954,0.0921900997280107,0.029208664552757037,0.17035826422597714,0.809532325920302
P01,L2,L2_2k,2k,NR,350,2,4.357114298161186,3.6343269233852427,5.2742583317415495,29.485583393017414,0.09192336303683166,0.02251960394562784,0.2132335870477872,0.06381320593015205,0.01531350401689482,0.1533862207216649,0.8442634310330163
P01,L2,L2_2k,2k,NR,350,3,7.179314428999829,5.796674072180706,8.973364501606602,22.232160060160517,0.08844025405435538,0.025071617061505038,0.19646536051145727,0.07356437010490527,0.020632175617875646,0.15811557199006604,0.8379953758407394
P01,L2,L2_2k,2k,NR,350,4,4.918992984731219,4.015088895803812,6.0054536749644045,27.464163084060225,0.0683025273035028,0.01761354827938979,0.16776283956374127,0.07321488774591259,0.020330938873478605,0.16116337833078445,0.8584825849505846
P01,L2,L2_2k,2k,NR,350,5,4.364417275348925,3.510489305092142,5.3916663598320564,29.456276870877225,0.07355102513325402,0.018906579390915935,0.17589429051822303,0.06952063434114195,0.018158669702600685,0.1573800292785924,0.856928340525604
P01,L2,L2_2k,2k,NR,350,6,4.624975011365921,3.729316983063028,5.720252996508205,28.466307152362674,0.07027084123330095,0.020821906402859646,0.16387093547668055,0.07483379720372357,0.021515195437362567,0.16022147634643238,0.8548953615629754
P01,L2,L2_2k,2k,NR,350,7,4.690978587602084,3.8398260641112882,5.716087238290233,28.231475676958425,0.06457642404960337,0.016253925224704004,0.17094745343828102,0.11356454520137205,0.03125892559307466,0.229407779474469,0.8218590307490246
P01,L2,L2_2k,2k,NR,350,8,4.186954433549413,3.3473028388126806,5.177596369373549,30.195047234393915,0.08570965462555316,0.023359136691592675,0.1918614229189596,0.06143517892322061,0.016278497166490623,0.14414212230191198,0.8528551664512263
P01,L2,L2_2k,2k,NR,350,9,4.236948340217938,3.4317377598609466,5.1957214694936615,29.98114616076208,0.09006788633920121,0.026888907751275896,0.20005852746455172,0.057574767680482,0.016477045696757783,0.13317997273481588,0.8523573459803169
P01,L2,L2_2k,2k,NR,350,10,5.52335243369054,4.405671815073225,6.977595989325828,25.705946224232175,0.07347351590287028,0.01951529905510096,0.16987676122110834,0.0855146094714799,0.025334642410483586,0.1819569022505496,0.8410118746256497
P01,L2,L2_2k,2k,R,50,1,13.554052092000985,11.717089710086102,15.698149554648676,15.86855400667107,0.054126395353582,0.02110929777941347,0.10639646468770361,0.03155588280559672,0.00971309153394979,0.06869017367251679,0.9143177218408213
P01,L2,L2_2k,2k,R,50,2,14.146236061862352,11.962462199515063,16.716157138124046,15.519514878170963,0.049393437611472524,0.015930602837464673,0.1106687353514067,0.021268243251287896,0.005200248519638576,0.06030258729778474,0.9293383191372396
P01,L2,L2_2k,2k,R,50,3,23.299259530847568,18.866285630131024,28.613752130053797,12.00198495751219,0.04820775329280369,0.017666184670595397,0.10195699951544476,0.024726702433270045,0.006964633244799884,0.06213675896854421,0.9270655442739263
P01,L2,L2_2k,2k,R,50,4,15.937033549386433,13.189124232866389,19.12405198406091,14.589600272116714,0.036717683517411094,0.012103681835317326,0.08833847181466073,0.02524527306306802,0.006648328766388385,0.06250510620112407,0.9380370434195209
P01,L2,L2_2k,2k,R,50,5,14.137896720970513,11.739901521961857,16.948184163218425,15.524271064873465,0.03964814337576741,0.013444890921867871,0.0897610267895499,0.02344993500170902,0.006373488664178003,0.06026886016008943,0.9369019216225236
P01,L2,L2_2k,2k,R,50,6,14.974413654099221,12.245066990698083,18.402437280755382,15.067938195374005,0.037860807761930314,0.013046249250729433,0.08940519064620059,0.025558308330891177,0.006951875651724443,0.06538951375854413,0.9365808839071784
P01,L2,L2_2k,2k,R,50,7,15.198800193608454,12.638254120402834,18.217041069460446,14.95223390741347,0.03589644878328367,0.011599719748761457,0.08752242314147515,0.039697364897286216,0.011118163775323582,0.09309573756774119,0.9244061863194301
P01,L2,L2_2k,2k,R,50,8,13.561833138866458,11.137140829284673,16.32001507660251,15.863813706121256,0.04591826415559304,0.015651018439927528,0.10307859934792384,0.02069458800070299,0.005664248265885854,0.05489763056158079,0.9333871478437039
P01,L2,L2_2k,2k,R,50,9,13.717993709334301,11.179590209849572,16.796724764654687,15.76956996265707,0.04825899342620962,0.017318700169277664,0.10623380812861627,0.01943128517171918,0.005377212020090542,0.05110002812333488,0.9323097214020711
P01,L2,L2_2k,2k,R,50,10,17.86187074637084,14.425937594699015,22.318388617441116,13.755719723498434,0.039596005454775596,0.01321524614244959,0.09137247798447244,0.02925231070134303,0.008619765480575012,0.07178704090150428,0.9311516838438814
P01,L2,L2_2k,2k,R,100,1,13.554052092000985,11.717089710086102,15.698149554648676,15.86855400667107,0.07282563240018174,0.028927418571006724,0.13776931159161934,0.04478303153165698,0.01405167143587207,0.09284648249721181,0.8823913360681613
P01,L2,L2_2k,2k,R,100,2,14.146236061862352,11.962462199515063,16.716157138124046,15.519514878170963,0.06625818387796308,0.024022103977439632,0.1384233186885304,0.0300167446551423,0.008657451616777495,0.07468992663800764,0.9037250714668946
P01,L2,L2_2k,2k,R,100,3,23.299259530847568,18.866285630131024,28.613752130053797,12.00198495751219,0.0653896262223629,0.02314474149156209,0.13770098632124375,0.035512048119383056,0.009640496657967438,0.08646708952631506,0.8990983256582541
P01,L2,L2_2k,2k,R,100,4,15.937033549386433,13.189124232866389,19.12405198406091,14.589600272116714,0.05014217522611766,0.017472586500831704,0.10951277464537122,0.03545799455788441,0.010160451929019624,0.08361063159575981,0.9143998302159979
P01,L2,L2_2k,2k,R,100,5,14.137896720970513,11.739901521961857,16.948184163218425,15.524271064873465,0.053731489510821684,0.01862886250746475,0.11637837821317829,0.03345883311041068,0.009462128540301035,0.07998312079502336,0.9128096773787677
P01,L2,L2_2k,2k,R,100,6,14.974413654099221,12.245066990698083,18.402437280755382,15.067938195374005,0.05169109435635069,0.01735733136920563,0.1185825359276586,0.03652218092102278,0.009631269872949289,0.08843598155635685,0.9117867247226266
P01,L2,L2_2k,2k,R,100,7,15.198800193608454,12.638254120402834,18.217041069460446,14.95223390741347,0.04834172521226504,0.01593603159607227,0.112073705143736,0.05596203252623551,0.016567068059537973,0.12248112153522206,0.8956962422614994
P01,L2,L2_2k,2k,R,100,8,13.561833138866458,11.137140829284673,16.32001507660251,15.863813706121256,0.062410175887999325,0.02114883819288527,0.13580039494757024,0.029531942689862055,0.007853870164322334,0.07509650339464685,0.9080578814221386
P01,L2,L2_2k,2k,R,100,9,13.717993709334301,11.179590209849572,16.796724764654687,15.76956996265707,0.06662814259726782,0.02212841711201266,0.14302201452543054,0.027560728530536042,0.007265825187736771,0.07375914510349112,0.9058111288721962
P01,L2,L2_2k,2k,R,100,10,17.86187074637084,14.425937594699015,22.318388617441116,13.755719723498434,0.05373169359403923,0.01738215460924307,0.12361676386700259,0.041931385189447716,0.011097123245983729,0.09922079547900768,0.9043369212165131
P01,L2,L2_2k,2k,R,150,1,13.554052092000985,11.717089710086102,15.698149554648676,15.86855400667107,0.05553382234348386,0.0232376936382687,0.10516391955769054,0.021367705219783824,0.006725381906957294,0.04896575911017833,0.9230984724367324
P01,L2,L2_2k,2k,R,150,2,14.146236061862352,11.962462199515063,16.716157138124046,15.519514878170963,0.0501220937443609,0.018680587017532713,0.10454342997643723,0.0144023535591236,0.003932869279630324,0.03955581604487849,0.9354755526965155
P01,L2,L2_2k,2k,R,150,3,23.299259530847568,18.866285630131024,28.613752130053797,12.00198495751219,0.04998835175244896,0.017634178593068792,0.10589872142384986,0.016921136350038453,0.004399060114897927,0.045936121587644485,0.9330905118975126
P01,L2,L2_2k,2k,R,150,4,15.937033549386433,13.189124232866389,19.12405198406091,14.589600272116714,0.037614266151802515,0.013469938259994079,0.08586455915387926,0.016836146445057203,0.004620782208849381,0.04497869718394595,0.9455495874031403
P01,L2,L2_2k,2k,R,150,5,14.137896720970513,11.739901521961857,16.948184163218425,15.524271064873465,0.040434903326949635,0.014769143338747215,0.08896019553229928,0.015946014694243678,0.004259234540477589,0.04205717535181677,0.9436190819788066
P01,L2,L2_2k,2k,R,150,6,14.974413654099221,12.245066990698083,18.402437280755382,15.067938195374005,0.038644409271379646,0.013825722903373007,0.08868802484554265,0.017309776125869054,0.0046951494464468595,0.04666293278326636,0.9440458146027513
P01,L2,L2_2k,2k,R,150,7,15.198800193608454,12.638254120402834,18.217041069460446,14.95223390741347,0.03732163592696104,0.012192122035349669,0.08790714105726816,0.02721644584998558,0.00729354782578043,0.06784091275380122,0.9354619182230534
P01,L2,L2_2k,2k,R,150,8,13.561833138866458,11.137140829284673,16.32001507660251,15.863813706121256,0.04691523012641036,0.017214992976581987,0.09835796713956392,0.013841759101925854,0.0039423848680339565,0.03728337925114365,0.9392430107716638
P01,L2,L2_2k,2k,R,150,9,13.717993709334301,11.179590209849572,16.796724764654687,15.76956996265707,0.049824281068807194,0.01790470177912116,0.10998527239794076,0.013119030778259953,0.0032110438629598574,0.03866064342390288,0.9370566881529329
P01,L2,L2_2k,2k,R,150,10,17.86187074637084,14.425937594699015,22.318388617441116,13.755719723498434,0.041002916021149666,0.015152630958056829,0.08876264810047939,0.019903509752742965,0.0056550445334041625,0.05072127224230455,0.9390935742261074
P01,L2,L2_2k,2k,R,200,1,13.554052092000985,11.717089710086102,15.698149554648676,15.86855400667107,0.039474106341502946,0.014616072370412823,0.0819863271478889,0.025328436982264838,0.007483511981798226,0.05745460207836749,0.9351974566762322
P01,L2,L2_2k,2k,R,200,2,14.146236061862352,11.962462199515063,16.716157138124046,15.519514878170963,0.035742965998012,0.012335640357715949,0.07996609741891837,0.01697294326667549,0.004533981619147237,0.04616419463383559,0.9472840907353125
P01,L2,L2_2k,2k,R,200,3,23.299259530847568,18.866285630131024,28.613752130053797,12.00198495751219,0.03538858991573119,0.011614109347613599,0.08117753419024823,0.020011183967912807,0.005470695284588533,0.051948230120615294,0.944600226116356
P01,L2,L2_2k,2k,R,200,4,15.937033549386433,13.189124232866389,19.12405198406091,14.589600272116714,0.02659564057031416,0.00861500682739246,0.06476424608820286,0.019965346067520137,0.0054681557769719735,0.051730196863443954,0.9534390133621657
P01,L2,L2_2k,2k,R,200,5,14.137896720970513,11.739901521961857,16.948184163218425,15.524271064873465,0.028746602630336716,0.009538505919876051,0.06662902395178932,0.018818181861862064,0.005314757765920226,0.048474445149490855,0.9524352155078013
P01,L2,L2_2k,2k,R,200,6,14.974413654099221,12.245066990698083,18.402437280755382,15.067938195374005,0.027651426034536186,0.008114970412794353,0.07002685862660367,0.020503877996397447,0.005420591044770062,0.05515638047612613,0.9518446959690664
P01,L2,L2_2k,2k,R,200,7,15.198800193608454,12.638254120402834,18.217041069460446,14.95223390741347,0.02652403021321282,0.008056969593582366,0.06619304367104187,0.03183916745420293,0.008784271092005295,0.0792553568150289,0.9416368023325843
P01,L2,L2_2k,2k,R,200,8,13.561833138866458,11.137140829284673,16.32001507660251,15.863813706121256,0.03338875931796825,0.011048910513764953,0.07674938714706551,0.016623207009815906,0.004441620765232187,0.044318477732172006,0.9499880336722158
P01,L2,L2_2k,2k,R,200,9,13.717993709334301,11.179590209849572,16.796724764654687,15.76956996265707,0.03581934599955622,0.011379047837775996,0.08186675621527685,0.015498109577100022,0.003897351447260674,0.043953266427076844,0.9486825444233438
P01,L2,L2_2k,2k,R,200,10,17.86187074637084,14.425937594699015,22.318388617441116,13.755719723498434,0.02907308879238358,0.009380230456222138,0.06892653926772041,0.023764669894873684,0.0062579083225659075,0.06011569772866268,0.9471622413127427
P01,L2,L2_2k,2k,R,250,1,13.554052092000985,11.717089710086102,15.698149554648676,15.86855400667107,0.02730149592131563,0.009629297151750817,0.05883441835914659,0.014119993444714624,0.004109673587714478,0.035891899662561615,0.9585785106339698
P01,L2,L2_2k,2k,R,250,2,14.146236061862352,11.962462199515063,16.716157138124046,15.519514878170963,0.024362050179699196,0.007828171878396744,0.05793371813764993,0.009436763846905668,0.002420112504169583,0.028529730586613483,0.9662011859733952
P01,L2,L2_2k,2k,R,250,3,23.299259530847568,18.866285630131024,28.613752130053797,12.00198495751219,0.024012046676057185,0.0075310595827234005,0.05840357716754984,0.011186278610845788,0.0028726854978676037,0.03284246245042951,0.9648016747130971
P01,L2,L2_2k,2k,R,250,4,15.937033549386433,13.189124232866389,19.12405198406091,14.589600272116714,0.018088760220191208,0.005693837421921559,0.045546064501516145,0.01115551163225128,0.0028747889170512883,0.03209244368590464,0.9707557281475575
P01,L2,L2_2k,2k,R,250,5,14.137896720970513,11.739901521961857,16.948184163218425,15.524271064873465,0.019420286351753028,0.006161364544252681,0.048677243419266575,0.010498729663180658,0.002685628892928966,0.030830378870657885,0.9700809839850663
P01,L2,L2_2k,2k,R,250,6,14.974413654099221,12.245066990698083,18.402437280755382,15.067938195374005,0.018841867906712176,0.005726099924302729,0.04720928412090597,0.011509603123851932,0.002886223490338131,0.034219482617587976,0.9696485289694359
P01,L2,L2_2k,2k,R,250,7,15.198800193608454,12.638254120402834,18.217041069460446,14.95223390741347,0.018047689245572443,0.005503715025356196,0.04711721616309087,0.017824996569506833,0.004541163442733628,0.04893656693824211,0.9641273141849207
P01,L2,L2_2k,2k,R,250,8,13.561833138866458,11.137140829284673,16.32001507660251,15.863813706121256,0.02271001838754009,0.007167064144078202,0.05531583037431412,0.009238217550584918,0.0023992503310001413,0.027781566577682867,0.968051764061875
P01,L2,L2_2k,2k,R,250,9,13.717993709334301,11.179590209849572,16.796724764654687,15.76956996265707,0.024364079230318202,0.006724300066703902,0.0625582275927561,0.008695416460798314,0.0019693102343507542,0.028761719891557822,0.9669405043088835
P01,L2,L2_2k,2k,R,250,10,17.86187074637084,14.425937594699015,22.318388617441116,13.755719723498434,0.01963054312832485,0.00596915280752307,0.04962087930206014,0.013092329009028764,0.003455254118681154,0.037682954696431625,0.9672771278626464
P01,L2,L2_2k,2k,R,300,1,13.554052092000985,11.717089710086102,15.698149554648676,15.86855400667107,0.03952298583492811,0.0154797296125741,0.07932778157676851,0.0185316361057392,0.005657729659251859,0.04492783350075628,0.9419453780593328
P01,L2,L2_2k,2k,R,300,2,14.146236061862352,11.962462199515063,16.716157138124046,15.519514878170963,0.035544632178575924,0.012076517818979402,0.08128036590429544,0.012424100370017663,0.003225323313378232,0.036663174643312015,0.9520312674514064
P01,L2,L2_2k,2k,R,300,3,23.299259530847568,18.866285630131024,28.613752130053797,12.00198495751219,0.03492858132605,0.011826218544573367,0.07857441661677111,0.014715741727336504,0.003688823585401709,0.041904509697910604,0.9503556769466135
P01,L2,L2_2k,2k,R,300,4,15.937033549386433,13.189124232866389,19.12405198406091,14.589600272116714,0.026591076465778116,0.00929857502122422,0.06311751252648853,0.01460888387724205,0.0041173338510337824,0.040831176660889784,0.9588000396569799
P01,L2,L2_2k,2k,R,300,5,14.137896720970513,11.739901521961857,16.948184163218425,15.524271064873465,0.02850703266638258,0.009620173831529844,0.06565010390981639,0.013758410561493708,0.003640935026445766,0.03977900903589491,0.9577345567721237
P01,L2,L2_2k,2k,R,300,6,14.974413654099221,12.245066990698083,18.402437280755382,15.067938195374005,0.02764180165064287,0.009223729184680292,0.0651404656559344,0.01503385555666849,0.00394702156934298,0.041773540245696975,0.9573243427926886
P01,L2,L2_2k,2k,R,300,7,15.198800193608454,12.638254120402834,18.217041069460446,14.95223390741347,0.02645235116784756,0.008513841119933623,0.06460327306815757,0.023444532250321774,0.006299512740907054,0.06100358440337159,0.9501031165818307
P01,L2,L2_2k,2k,R,300,8,13.561833138866458,11.137140829284673,16.32001507660251,15.863813706121256,0.03321284139515063,0.011276688905275709,0.07832298307909735,0.012171895597947176,0.0031696848190237597,0.03566485105721602,0.9546152630069022
P01,L2,L2_2k,2k,R,300,9,13.717993709334301,11.179590209849572,16.796724764654687,15.76956996265707,0.03530679808783533,0.01209849617514434,0.08263905196010657,0.011269229646106096,0.0029588941184603675,0.03413278637984885,0.9534239722660586
P01,L2,L2_2k,2k,R,300,10,17.86187074637084,14.425937594699015,22.318388617441116,13.755719723498434,0.029055445689221547,0.0090365578868195455,0.07244619228688023,0.017243112977235985,0.004562181994145497,0.04868091749249982,0.9537014413335424
P01,L2,L2_2k,2k,R,350,1,13.554052092000985,11.717089710086102,15.698149554648676,15.86855400667107,0.02108140995785214,0.006002247613396203,0.05312218059291968,0.029155150229729282,0.00981615745611894,0.06304971760758858,0.9497634398124186
P01,L2,L2_2k,2k,R,350,2,14.146236061862352,11.962462199515063,16.716157138124046,15.519514878170963,0.01900218660279629,0.005002363125374182,0.051535730845249074,0.01959478398794705,0.005753980101869648,0.05220455727600581,0.9614030294092567
P01,L2,L2_2k,2k,R,350,3,23.299259530847568,18.866285630131024,28.613752130053797,12.00198495751219,0.018806610068002973,0.00489554511703278,0.05164065716685883,0.022845964427009452,0.0070489156551132096,0.05741130558156678,0.9583474255049875
P01,L2,L2_2k,2k,R,350,4,15.937033549386433,13.189124232866389,19.12405198406091,14.589600272116714,0.014134090477129633,0.0035102930630453817,0.04232111811881773,0.023235986622032283,0.0069562026009199664,0.0557561049760243,0.962629922900838
P01,L2,L2_2k,2k,R,350,5,14.137896720970513,11.739901521961857,16.948184163218425,15.524271064873465,0.015286018890208496,0.003974415337518791,0.04283221502165658,0.02187811029797941,0.006388973798980139,0.0534105925157481,0.9628358708118121
P01,L2,L2_2k,2k,R,350,6,14.974413654099221,12.245066990698083,18.402437280755382,15.067938195374005,0.014738358963179998,0.003767145233473141,0.042338479117101674,0.02381133630004202,0.006791404293965328,0.058955767952324364,0.961450304736778
P01,L2,L2_2k,2k,R,350,7,15.198800193608454,12.638254120402834,18.217041069460446,14.95223390741347,0.013934568506114228,0.003440574758500745,0.04180749173567024,0.03682262211457684,0.010870784803453156,0.08605325295940225,0.9492428093793089
P01,L2,L2_2k,2k,R,350,8,13.561833138866458,11.137140829284673,16.32001507660251,15.863813706121256,0.017809316037840348,0.004697113059069277,0.04969927614823451,0.019302597787630743,0.005808650900638874,0.04863668807198142,0.9628880861745289
P01,L2,L2_2k,2k,R,350,9,13.717993709334301,11.179590209849572,16.796724764654687,15.76956996265707,0.018904667282244672,0.004884082087549583,0.05359114306489809,0.017985355249214588,0.005008909113522361,0.048200987147595735,0.9631099774685407
P01,L2,L2_2k,2k,R,350,10,17.86187074637084,14.425937594699015,22.318388617441116,13.755719723498434,0.015265985492415611,0.004005412931838804,0.043818071511947165,0.027111538134118783,0.008456107858106778,0.06482001871317668,0.9576224763734655
P01,L2,L2_14k,14k,NR,50,1,3.185176969562182,2.3471134510168565,4.273986807131255,35.785656834232796,0.09619541283705696,0.020185014983082384,0.2559866498787118,0.16822759597954912,0.05967789346423112,0.27675034377160745,0.7355769911833938
P01,L2,L2_14k,14k,NR,50,2,3.330007619498933,2.4236867215596902,4.56651380354236,34.783455687725834,0.09101846052176524,0.019306846693870502,0.23981269558851212,0.11815386314967055,0.040540524665910876,0.22941535478696112,0.7908276763285642
P01,L2,L2_14k,14k,NR,50,3,5.573346799025186,3.9244504397183677,7.815778930131351,25.575574857146677,0.09206493281973087,0.016651454218749126,0.26320449936779944,0.13537248380528483,0.0429622853825378,0.2592922962920713,0.7725625833749844
P01,L2,L2_14k,14k,NR,50,4,3.7605803947406056,2.7129740788912384,5.163461721184026,32.23313142115668,0.06613991613362477,0.012012702856431435,0.20388214257128667,0.14129184420101457,0.0463031825955315,0.26402286289681637,0.7925682396653606
P01,L2,L2_14k,14k,NR,50,5,3.353433933297585,2.4149562585836892,4.651555753783495,34.628947408665326,0.0760740650352279,0.015027321898628392,0.21814715964771714,0.12953662110223263,0.04235884531599482,0.24800657957381403,0.7943893138625395
P01,L2,L2_14k,14k,NR,50,6,3.4749440752186906,2.4546713137088596,4.859459815627824,33.85886193701166,0.06531730807479463,0.011683228375350048,0.21365770583350285,0.14420282082713745,0.0413402990255987,0.27845882954318724,0.7904798710980679
P01,L2,L2_14k,14k,NR,50,7,3.4878689901089825,2.4843701419993303,4.875418923396548,33.77990968559342,0.058659829015700105,0.00984730421070627,0.21189259647789457,0.20450018144132628,0.06408491191098206,0.3519837128606487,0.7368399895429736
P01,L2,L2_14k,14k,NR,50,8,3.196921861024732,2.2880368373945177,4.446766702330097,35.70123798512666,0.08869463451599657,0.017673523225533165,0.24477575393623302,0.11268611231400033,0.03585099049845629,0.2250576865002214,0.798619253170003
P01,L2,L2_14k,14k,NR,50,9,3.2535705663145116,2.3123919537896174,4.5335429256061355,35.30202811463395,0.09795876054397962,0.018579220683834722,0.2736151196167004,0.1051007280169978,0.028354522266438295,0.2240302526681627,0.7969405114390227
P01,L2,L2_14k,14k,NR,50,10,4.136417894862183,2.947847025490251,5.785998689816207,30.416132576634535,0.06732478477830556,0.01185826048348023,0.216177267337322,0.15778089473826434,0.04789786006191837,0.2947061070904501,0.77489432048343
P01,L2,L2_14k,14k,NR,100,1,3.9274955215354233,2.9083780443909157,5.208338506565483,31.38609868680025,0.15313212955019806,0.05696121219885692,0.26785346409432703,0.09159501612811924,0.02500746661846144,0.1815065280046391,0.7552728543216827
P01,L2,L2_14k,14k,NR,100,2,4.113864761536872,2.9953307131674967,5.558315330284401,30.516422318278124,0.14063561986460904,0.048377985166860954,0.2713263944378734,0.06332542740076992,0.014496326506397308,0.1543968876365852,0.796038952734621
P01,L2,L2_14k,14k,NR,100,3,6.860605183244179,4.92536710513697,9.438085036029129,22.78998985339817,0.1436273554734742,0.047989573737407996,0.2705612048551646,0.07161765843000165,0.016948463101670214,0.170016862387774,0.7847549860965242
P01,L2,L2_14k,14k,NR,100,4,4.626976017171929,3.3570557163045973,6.343618549461809,28.459098564864334,0.10637595430451546,0.03079806525424302,0.22581611133724386,0.07550279147627262,0.017875205644301017,0.1764608559943319,0.818121254219212
P01,L2,L2_14k,14k,NR,100,5,4.137090475628404,2.9725676549439792,5.733737436621693,30.413157317608682,0.11910066330220398,0.03696959162968053,0.24268920175828565,0.0693733435982706,0.01581010415847874,0.16845542329138075,0.8115259930995253
P01,L2,L2_14k,14k,NR,100,6,4.28326011934076,3.005572531439271,5.96193848288982,29.787120771080957,0.10559607088579226,0.030227801591520064,0.231253023125599,0.07679108815962105,0.017376652826807493,0.18090303416020245,0.8176128409545868
P01,L2,L2_14k,14k,NR,100,7,4.297277422363489,3.1174047858429716,5.818239716624025,29.729155858374554,0.09809290240592525,0.029062231836384452,0.21334034498100074,0.11232164487467355,0.028167420795398548,0.2336288080972553,0.7895854527194012
P01,L2,L2_14k,14k,NR,100,8,3.945675657729505,2.821718667494186,5.457297954601094,31.29789373852529,0.1378287390226644,0.046110078736784216,0.2687171341508481,0.05988939417378812,0.013925793391427445,0.14985668228820176,0.8022818668035474
P01,L2,L2_14k,14k,NR,100,9,4.001260224745401,2.9099339013948953,5.469077649930164,31.032856925064735,0.1496037308071007,0.05315983644299696,0.280590419758896,0.05431968059738719,0.0130755783222128,0.13375654790880273,0.7960765885955121
P01,L2,L2_14k,14k,NR,100,10,5.098379530997784,3.6923963376400626,6.990446102931384,26.903886826668717,0.10698931603125947,0.03678099520542147,0.21748886995704098,0.08430338886904183,0.021886868222484236,0.1867018774216069,0.8087072950996986
P01,L2,L2_14k,14k,NR,150,1,4.721907503569275,3.2953357581321026,6.813975554048002,28.123482546279146,0.23282852354916214,0.09008387539758272,0.39045914183940167,0.13998180499217627,0.04248254305128798,0.25373342585932646,0.6271896714586616
P01,L2,L2_14k,14k,NR,150,2,4.943259949061186,3.3877647884147395,7.158112688964232,27.386250424021245,0.2192168592545344,0.08088585891434272,0.39780211350797867,0.09976775774899813,0.025804857770434484,0.21698297113212694,0.6810153829964675
P01,L2,L2_14k,14k,NR,150,3,8.245573288433974,5.490534143168681,12.228596773680191,20.628807193683922,0.22507325118345603,0.06958486828268332,0.4142868993728755,0.11349353013946692,0.025003382800681408,0.25656628555952166,0.661433218677077
P01,L2,L2_14k,14k,NR,150,4,5.569023353575616,3.7887216284464005,8.199128531336862,25.586768802935783,0.16789700617632625,0.06017329115762543,0.32617689823879065,0.11775084985562378,0.03376707270965864,0.2318349674028093,0.71435214396805
P01,L2,L2_14k,14k,NR,150,5,4.991116543679641,3.3737183489716065,7.280396390299767,27.23458571463947,0.18950423253907406,0.06037639086146353,0.35528567311954645,0.10871473524013239,0.027612602937995893,0.2332127947253636,0.7017810322207936
P01,L2,L2_14k,14k,NR,150,6,5.135982909183204,3.4974337440162246,7.584894397833219,26.790861919075013,0.16899472766277657,0.05881628276651484,0.3192494439876334,0.11815992867662939,0.03442223061214223,0.23545575023773105,0.712845343660594
P01,L2,L2_14k,14k,NR,150,7,5.176257733964853,3.4915375613128816,7.601527179222928,26.671421979869617,0.15385987219454528,0.044619951678588655,0.3292613961097726,0.1711240212471815,0.04726798779433957,0.3201880794612586,0.6750161065582732
P01,L2,L2_14k,14k,NR,150,8,4.734858591543968,3.163553953950384,7.226307927301631,28.078640817375447,0.218070708894743,0.07005557754718326,0.40267771804956004,0.0934191564989589,0.02375494190472195,0.21624171421922297,0.6885101346062981
P01,L2,L2_14k,14k,NR,150,9,4.830306137490723,3.2263643675336757,7.144584117328989,27.75486289024302,0.23431490417182654,0.08992055151738579,0.4023895378605475,0.08514106946381451,0.023268872665620707,0.18932746803391917,0.680544026364359
P01,L2,L2_14k,14k,NR,150,10,6.139282661983267,4.1317969772491425,9.142241240191908,24.228690341546837,0.17101335458579003,0.05859658156281002,0.33710253160794534,0.13035733982746533,0.03646223900286213,0.2591299803542315,0.6986293055867446
P01,L2,L2_14k,14k,NR,200,1,4.7278102720449535,3.3979769081300404,6.6595661855522605,28.1030173260881,0.2398261090632533,0.10901531783026143,0.3706189283521346,0.0743637296889203,0.018280258999013557,0.17189462206375733,0.6858101612478263
P01,L2,L2_14k,14k,NR,200,2,4.9463128414652004,3.4603948812974057,7.082437159228119,27.376497090817743,0.22485932046567142,0.08264796246634197,0.38012302288952254,0.05142117679678579,0.010252026961968006,0.15480864015755944,0.7237195027375427
P01,L2,L2_14k,14k,NR,200,3,8.247849174997722,5.713295251647491,12.190334789874246,20.625750076389938,0.22610360062038545,0.0974436986005697,0.3794585248102802,0.058393717276209414,0.013320712291080266,0.15310417518179809,0.7155026821034051
P01,L2,L2_14k,14k,NR,200,4,5.584552012621693,3.865877305298018,8.06225349848054,25.54663322160371,0.17233801256445686,0.06490766215113107,0.30995088494352874,0.061524616166138496,0.013878747756166395,0.162233655397123,0.7661373712694046
P01,L2,L2_14k,14k,NR,200,5,4.9803821690957815,3.5064146971187102,7.186142229990932,27.26837813210424,0.19084107242326387,0.07527951436398936,0.33426327135126443,0.05697031543946999,0.012499972690125281,0.1530904794873446,0.7521886121372662
P01,L2,L2_14k,14k,NR,200,6,5.143838969083845,3.528900043316746,7.588258137575899,26.767433871412397,0.1720316647773275,0.06297710758999361,0.31486108199699603,0.062049833085104915,0.013713855170623828,0.16730680629809142,0.7659185021375676
P01,L2,L2_14k,14k,NR,200,7,5.1658069408452825,3.5984929907363172,7.437406727829662,26.702256751003034,0.16171029832742817,0.06109787020145615,0.30109618658467785,0.09245093604265628,0.02135863988371364,0.21467585919877682,0.7458387656299155
P01,L2,L2_14k,14k,NR,200,8,4.756461703073624,3.313048791900447,6.862300289200938,28.004333308463792,0.2197724735906006,0.08881168453483194,0.370873118164167,0.04879186979890894,0.01002588384389309,0.14044762735807365,0.7314356566104905
P01,L2,L2_14k,14k,NR,200,9,4.836251301452067,3.3016650542014854,7.211594474505405,27.73507659813227,0.23532022120159085,0.09229450134557447,0.4033840526528242,0.04389708828090334,0.008771278670577793,0.1329093028622182,0.7207826905175059
P01,L2,L2_14k,14k,NR,200,10,6.139066839945762,4.257490344857915,9.055960875347264,24.229163269241077,0.17472603504665707,0.06871768372901857,0.32089590398563217,0.06909021698405285,0.016493667888164917,0.1721525384810478,0.7561837479692901
P01,L2,L2_14k,14k,NR,250,1,5.179065067679119,3.8341038961517837,6.960520288982869,26.663157770947283,0.27269917598542776,0.15042935633668242,0.3890074680087141,0.056934248228734254,0.012999261031143442,0.14323329014966818,0.6703665757858379
P01,L2,L2_14k,14k,NR,250,2,5.42842619162797,3.943221201591027,7.410787815738413,25.959232392405628,0.2516373918449458,0.12547798507279825,0.3948979422818942,0.03874236494673804,0.007751669536523679,0.11833235214716968,0.7096202432083162
P01,L2,L2_14k,14k,NR,250,3,9.051362513621164,6.3341800309654746,12.730630561931909,19.62509937936169,0.257079012405511,0.125554683081761,0.4002888139625806,0.04437869612571591,0.00897307581107256,0.12964656448128356,0.6985422914687731
P01,L2,L2_14k,14k,NR,250,4,6.112572516362508,4.434584039202466,8.388431660027969,24.287435572042433,0.1959172953940552,0.09618146594697352,0.3265226852521528,0.04665543674880374,0.01040017052073796,0.12462423246220028,0.757427267857141
P01,L2,L2_14k,14k,NR,250,5,5.477638540361703,3.9193353531158888,7.634745411186798,25.826966151666472,0.21920386686382415,0.0974303111920062,0.3533225655794268,0.042657029438837604,0.0089298499932150225,0.12326276411397655,0.7381391036973382
P01,L2,L2_14k,14k,NR,250,6,5.633555610762592,4.057010366542097,7.815452589261213,25.421237959568334,0.195214616760666,0.08984938529497993,0.33604757611084396,0.04752146546918861,0.009605191090273704,0.1316455536543271,0.7572639177701455
P01,L2,L2_14k,14k,NR,250,7,5.666704200832173,4.112155293061366,7.7577805578204435,25.337480703164992,0.18676937039947147,0.083297275246144,0.3239914733965468,0.07018516798376818,0.015501388596089816,0.17976406001351833,0.7430454616167603
P01,L2,L2_14k,14k,NR,250,8,5.203876697260471,3.7286244048890937,7.339091848520455,26.59046015632405,0.2485882551444789,0.11379335612471041,0.39568774123009964,0.03691928751398067,0.006635941137545037,0.12074116927226763,0.7144924573415404
P01,L2,L2_14k,14k,NR,250,9,5.2913584671376395,3.7777805040010195,7.462873855808169,26.338945545470846,0.2659506801539928,0.12677869524490692,0.41706459210766034,0.03316189823728328,0.006553166865002642,0.1087489386846234,0.7008874216087239
P01,L2,L2_14k,14k,NR,250,10,6.741741589666503,4.804570449403023,9.423432980565899,23.009213545241767,0.20223064174624789,0.09145373339401744,0.3391685407997088,0.05254751859340408,0.011101039972915826,0.14731814164725165,0.745221839660348
P01,L2,L2_14k,14k,NR,300,1,4.831798458685732,3.6433778789666196,6.446910975761042,27.749892133772825,0.05389920098655297,0.013092093452709702,0.14591913912784668,0.178222464478889,0.09845080526609996,0.2661017281524033,0.767878334534558
P01,L2,L2_14k,14k,NR,300,2,5.061144287643327,3.7212990323728654,6.806305444795005,27.01727248607145,0.04996607922563939,0.01118295927165683,0.1502295531464439,0.12855492513747113,0.052729610391211136,0.23806245517397662,0.8214789956368895
P01,L2,L2_14k,14k,NR,300,3,8.447172246696312,6.0318526736856235,11.809803467279913,20.363206756298112,0.051108938601252235,0.011479106341530251,0.15138074821086417,0.1447856793212155,0.06134809983490058,0.25573510115828485,0.8041053820775323
P01,L2,L2_14k,14k,NR,300,4,5.71440732992288,4.146830678910724,7.839690162734909,25.218424954235015,0.03576611213404367,0.007372675279822208,0.12704739699866555,0.15248152037619628,0.06377925075865272,0.26518134020961154,0.8117523674897601
P01,L2,L2_14k,14k,NR,300,5,5.104858446250031,3.6900009653819437,7.068580071321563,26.884307813864048,0.04123559509517355,0.009304679541036523,0.12986924992386145,0.14029198060613002,0.05892423799976044,0.24926432111782112,0.8184724242986965
P01,L2,L2_14k,14k,NR,300,6,5.262939607815145,3.7971364699318686,7.293501392624894,26.41984328598566,0.03611466601411714,0.008026178061201952,0.1126598002309568,0.15296670718314953,0.06716429526072447,0.2646304938932834,0.8109186268027333
P01,L2,L2_14k,14k,NR,300,7,5.31204383286401,3.9089748309043144,7.191913043196066,26.28054109802016,0.03241168172099154,0.007054386752393599,0.10590581011039203,0.21419062005101488,0.10461519415084737,0.3415458186976323,0.7533976982279936
P01,L2,L2_14k,14k,NR,300,8,4.880889334805443,3.5309383118196456,6.702702332567559,27.587899038077396,0.04938828750811548,0.011279138115693066,0.14081760196621596,0.12230456027595349,0.05058497036254414,0.2218921527713455,0.828307152215931
P01,L2,L2_14k,14k,NR,300,9,4.937380593007427,3.6424632323781667,6.7744238216044215,27.405064076914226,0.054421559934169375,0.012771191358281793,0.15318046363696877,0.11169844814849178,0.0487879832278348,0.2089491431381041,0.8338799919173389
P01,L2,L2_14k,14k,NR,300,10,6.277755329657504,4.520862864216899,8.819501567578984,23.93096110478128,0.036806955282366216,0.007569817168272164,0.12193293320160119,0.16890801496352775,0.07359331859659761,0.2863092518579747,0.794285029754106
P01,L2,L2_14k,14k,NR,350,1,4.494769341567832,3.4588681194062905,5.891177042615116,28.94790344101557,0.10816179749047383,0.031734316011992544,0.22054196830047937,0.09205711291693823,0.03023683348965648,0.17317897500074525,0.799781089592588
P01,L2,L2_14k,14k,NR,350,2,4.709524208265092,3.5019066441981854,6.34047906502157,28.16656675225979,0.10007613923372294,0.023463193587071537,0.22972446450194137,0.0637928532677089,0.015929350787738335,0.15735113698214487,0.8361310074985682
P01,L2,L2_14k,14k,NR,350,3,7.848794233469971,5.871330092954738,10.715447239286695,21.183698373684763,0.10008873334340929,0.027515158243526103,0.2203712032120256,0.07255706246409846,0.020910933802032385,0.15795873325112178,0.8273542041924923
P01,L2,L2_14k,14k,NR,350,4,5.301802628175193,3.948127784112944,7.19893332371995,26.30940673480594,0.07219922278937124,0.0184668965461171,0.18048660592941715,0.07643541627653583,0.021558461077852878,0.16297697902049613,0.851365360934093
P01,L2,L2_14k,14k,NR,350,5,4.750791237710088,3.493396822231027,6.514014768658877,28.023778772642764,0.08263931930678847,0.020712913772619395,0.19787352482353412,0.0704237233591206,0.01886892469636707,0.15877599885858426,0.8469369573340909
P01,L2,L2_14k,14k,NR,350,6,4.9042832484956715,3.5937189424647995,6.629369330537641,27.511726634716652,0.07280796535004516,0.01934769922055095,0.16957624279639197,0.07634854565349708,0.021921772975555066,0.16395420200712685,0.8508434889964577
P01,L2,L2_14k,14k,NR,350,7,4.920382027278567,3.6636374311030706,6.74118042829126,27.459684808877313,0.06726987433131498,0.016176919289824235,0.18277711831299512,0.11295889764479031,0.03278649590504421,0.227564221351487,0.8197712280238947
P01,L2,L2_14k,14k,NR,350,8,4.525039181593296,3.3037959932019216,6.204450889005944,28.833690648093008,0.09673578383611367,0.024949384696164156,0.21405298539994622,0.06045532506497194,0.01684562670084106,0.14186841259296762,0.8428088910989143
P01,L2,L2_14k,14k,NR,350,9,4.587669314467632,3.4018320479131603,6.279790442464141,28.601745931805493,0.10526804198313006,0.03007638709706446,0.2240640297627126,0.05478044146069341,0.01519135698030599,0.12719810580690094,0.8399515165561766
P01,L2,L2_14k,14k,NR,350,10,5.840036607198739,4.351774187551695,7.987293147290272,24.91293126772029,0.0747111704768671,0.01983808634455108,0.17857098025994542,0.0855049145208327,0.025832697306604816,0.1791187595788665,0.8397839150023003
P01,L2,L2_14k,14k,R,50,1,10.998478569689668,8.927639355266223,13.535501812025373,17.701674132516093,0.043132678792684745,0.014778159856996011,0.09202769901193762,0.031897502575764264,0.010507668314011577,0.06945578402289125,0.9249698186315509
P01,L2,L2_14k,14k,R,50,2,11.50094111376104,9.050017281962226,14.66597306577867,17.29098184365165,0.03867163213599788,0.010849580084098804,0.09547599499063664,0.022043481956271586,0.005677629490869729,0.06039386474367932,0.9392848859077305
P01,L2,L2_14k,14k,R,50,3,19.259626430202157,14.62695570574065,25.181255230788395,13.23262609984526,0.039200267950353425,0.012765963774847832,0.09063348968643585,0.024948679891718867,0.007148177258609472,0.06249185086527096,0.9358510521579276
P01,L2,L2_14k,14k,R,50,4,12.981801474915832,10.078330590310568,16.652207721687834,16.229296232719907,0.028366316645064817,0.008167174635939523,0.0725370481443241,0.026518373724534923,0.0072406462795318646,0.06665540457095907,0.9451153096304002
P01,L2,L2_14k,14k,R,50,5,11.617563683938577,9.057753056768512,14.802279247800724,17.19969200707573,0.03179389019713623,0.009944665196892627,0.07767451177433715,0.024180141530195123,0.006855434444490044,0.06096480687682996,0.9440259682726687
P01,L2,L2_14k,14k,R,50,6,11.996502129283996,9.215557457968552,15.499024473487445,16.912783198391445,0.02840046933821501,0.00847290661979803,0.07025547400338154,0.026580166688559864,0.007630460282116573,0.06533285400409743,0.9450193639732251
P01,L2,L2_14k,14k,R,50,7,12.065454508707699,9.326840311178538,15.489392689820855,16.862108788910962,0.02692351427836962,0.007934905491293134,0.0722051011783234,0.04015592957618663,0.011644338653876702,0.09335056847569495,0.9329205561454438
P01,L2,L2_14k,14k,R,50,8,11.071161777959034,8.641216537118371,14.215858833731986,17.64044531445825,0.037556942900452445,0.011479353269660118,0.08899392901332087,0.020533706329760204,0.005688671630647715,0.05287250638178021,0.9419093507697874
P01,L2,L2_14k,14k,R,50,9,11.224190125117605,8.706399572693968,14.540997484425139,17.513590048097637,0.041173749156576844,0.013565621310772118,0.09449757525513633,0.018707866920813665,0.00536780141877139,0.047680078194552854,0.9401183839226095
P01,L2,L2_14k,14k,R,50,10,14.274055948530725,11.03107775321273,18.730224510488934,15.44715890822003,0.029460478098024656,0.008778282244627933,0.0736174476558796,0.029636693741751083,0.009063989732317595,0.0710367066428878,0.9409028281602243
P01,L2,L2_14k,14k,R,100,1,11.300667567432619,8.928585534311367,14.445415752189886,17.451213351439932,0.05767986433075054,0.018708510907488776,0.11966243788127838,0.04626672671213729,0.016291035273189116,0.09226348574181582,0.8960534089571122
P01,L2,L2_14k,14k,R,100,2,11.85541648586231,9.182215558190954,15.362769653313968,17.017913877322993,0.0516379235432944,0.015507247264898901,0.11790333848029273,0.031888496714088846,0.009558731514596762,0.07582261651264512,0.9164735797426167
P01,L2,L2_14k,14k,R,100,3,19.757664085076158,14.750476926437386,26.471921699411443,13.060181736054762,0.05254329703252144,0.016005603489052292,0.12233603287325623,0.03610812382122698,0.010840514074331443,0.08572197175817203,0.9113485791462516
P01,L2,L2_14k,14k,R,100,4,13.355422689026062,10.208035913768072,17.527964732943424,15.991021880564656,0.03810602052136206,0.01170860541003678,0.09168235674085055,0.03806131525825217,0.012023180291723862,0.08738243214865002,0.9238326642203858
P01,L2,L2_14k,14k,R,100,5,11.927790636073855,9.12643610490152,15.800154489261505,16.963739104566923,0.04312445174987464,0.012868786533138608,0.1028206244060189,0.03496344605066682,0.01099571022349122,0.08097718240845721,0.9219121021994585
P01,L2,L2_14k,14k,R,100,6,12.306019415313735,9.163598802563177,16.802073728301274,16.68882487662126,0.03800405726791996,0.010565580465822814,0.09632435227243732,0.03870967067401129,0.011700518977981444,0.08920154621254905,0.9232862720580687
P01,L2,L2_14k,14k,R,100,7,12.388323243055707,9.527127713391117,16.048823168158062,16.630758182203497,0.03571967786148103,0.01054974968037467,0.09208652371190547,0.056868103720833243,0.01934977812666232,0.12245960985197762,0.9074122184176857
P01,L2,L2_14k,14k,R,100,8,11.369490005776758,8.534800151614517,15.278293075476716,17.395648169593333,0.04995786678363071,0.015126811049339587,0.11895523032290532,0.029908694588664297,0.008684302615916833,0.07462034281392362,0.920133438627705
P01,L2,L2_14k,14k,R,100,9,11.557199083647358,8.63302941926907,15.713392369710299,17.246762630524746,0.05515392464645409,0.01540200712717288,0.1320954011485641,0.02724509845965401,0.00776534119485332,0.07034150779860508,0.9176009768938919
P01,L2,L2_14k,14k,R,100,10,14.714156241594488,11.064766343914705,19.72187438293382,15.205569631786743,0.03920093131679604,0.011440412192237818,0.09638010316696427,0.042995578320293354,0.013131028753808458,0.09693153364736408,0.9178034903629106
P01,L2,L2_14k,14k,R,150,1,12.47044194847379,9.90009658906454,15.47036629046512,16.573423554806862,0.05165185729812805,0.020476804687327547,0.10092084811185305,0.021617700420586486,0.0065043555587411695,0.04948148944665124,0.9267304422812854
P01,L2,L2_14k,14k,R,150,2,13.045759031307181,10.164277521979423,16.53984463453864,16.18774988778509,0.04551896991607454,0.016393789684617945,0.09897818298904779,0.014593046276738342,0.0038605064647179196,0.03978798748419805,0.9398879838071872
P01,L2,L2_14k,14k,R,150,3,21.774325369720785,16.22792783948939,28.75597256679574,12.42508543565292,0.04765833224837744,0.015901377260911714,0.10214092672654984,0.017063665556439983,0.004329725841617542,0.045966168540762235,0.9352780021951825
P01,L2,L2_14k,14k,R,150,4,14.684941536709932,11.359283372336094,18.949350646151927,15.221256158184536,0.03419607985009807,0.011443011077668305,0.0790569880278258,0.017754881220884165,0.004688090812867645,0.04689997659193425,0.9480490389290177
P01,L2,L2_14k,14k,R,150,5,13.15770722776012,10.0999994867666,17.160719999049363,16.115792605082785,0.03804780330659478,0.01312534691709165,0.08773276581152312,0.01623458475599807,0.004336436569043089,0.04321063211013264,0.9457176119374072
P01,L2,L2_14k,14k,R,150,6,13.547454474388413,10.444366728953598,17.738457289644742,15.872576686773527,0.03378148762559337,0.011831440060321344,0.07895887124303934,0.01770249155120767,0.00480565754760323,0.0468723713623915,0.948516020823199
P01,L2,L2_14k,14k,R,150,7,13.64451162551543,10.477787907536282,17.751757686445117,15.81370657064149,0.0326383956749981,0.009987393179610218,0.07960829387099119,0.026857570941454717,0.007374232823010939,0.06850539134007029,0.9405040333835473
P01,L2,L2_14k,14k,R,150,8,12.527355122161993,9.519067408956552,16.519057284161132,16.534034244542795,0.04479994857812014,0.015567679161227319,0.09726017565340475,0.013725515952398779,0.0037478453301127168,0.03767103289763537,0.9414745354694811
P01,L2,L2_14k,14k,R,150,9,12.754495970045298,9.67675236483854,16.71584735737362,16.37958951884221,0.04917654765053593,0.017284145941461722,0.1050894885909727,0.01267807023537694,0.0030314456449500975,0.03721434238470193,0.9381453821140872
P01,L2,L2_14k,14k,R,150,10,16.20150128781546,12.362236275618224,21.10560581302954,14.465975124322009,0.03514840806803401,0.01223163507800393,0.0785901846888314,0.020051210185969,0.005682325170240278,0.05011699769592938,0.944800381745997
P01,L2,L2_14k,14k,R,200,1,15.770047302371601,12.47579536108396,19.823116912276433,14.669312182774428,0.04543513338438396,0.016479512093535084,0.0929727606823417,0.027096881784061066,0.008086573513290354,0.05998059755605156,0.9274679848315549
P01,L2,L2_14k,14k,R,200,2,16.537025941637175,12.746270312206226,21.138348703032673,14.313571200179485,0.04040947096521002,0.014212592901906832,0.0919927780766678,0.018395954620510833,0.004934571234103696,0.047514350372061205,0.9411945744142792
P01,L2,L2_14k,14k,R,200,3,27.606215178572906,20.293520453978505,36.8774864578755,11.006569467844303,0.04190748520880144,0.013902768445677576,0.09336207110780853,0.021047676469893653,0.005806106417006607,0.053699744721122974,0.9370448383213048
P01,L2,L2_14k,14k,R,200,4,18.60483440282838,14.128165873095952,24.42210424949235,13.470109968019052,0.029910739005026978,0.009308899381516238,0.0730298828184179,0.0222414429614727,0.005840780089115694,0.05678042593295629,0.9478478180335004
P01,L2,L2_14k,14k,R,200,5,16.663871788391162,12.630660853745153,21.584605592522667,14.257198305237416,0.03399874591264402,0.011208199163037658,0.07715733879053824,0.020284996549804715,0.005476065116183119,0.050861548547309884,0.9457162575375512
P01,L2,L2_14k,14k,R,200,6,17.15673586829589,12.756767713699942,22.966121957969907,14.04432399950389,0.02979099189023891,0.00908975695342053,0.07568880146950305,0.022520597481741494,0.005749890599727849,0.05799569814179179,0.9476884106280196
P01,L2,L2_14k,14k,R,200,7,17.296842666543974,13.171611159608176,22.449385460785646,13.985531971773117,0.028534558746653994,0.008641015709263103,0.07208695434385336,0.03388165662331355,0.009281871784146698,0.08093670171337511,0.9375837846300324
P01,L2,L2_14k,14k,R,200,8,15.870589832482988,12.144469973552798,20.668738274763925,14.621161425748861,0.03951757102795593,0.013150971963483044,0.08987351422173201,0.01731071908858849,0.00471530391220605,0.04518581544743685,0.9431717098834556
P01,L2,L2_14k,14k,R,200,9,16.103147825700646,12.19883611433727,21.248271221003908,14.511581894555828,0.043301677682649045,0.014152012925766103,0.097604457911741,0.015712369708234086,0.004075858400125622,0.0427783689209324,0.9409859526091169
P01,L2,L2_14k,14k,R,200,10,20.513003457790152,15.511338854829052,27.020918566504566,12.811061874777444,0.030977234456700593,0.009904066004038016,0.07379578153151671,0.02501726166298804,0.006721183904452585,0.06321191953379626,0.9440055038803113
P01,L2,L2_14k,14k,R,250,1,17.681477102711305,14.21087568834124,21.962508652945775,13.827854239899187,0.034548011559590426,0.013115938829776309,0.0695070949602347,0.01387495844002676,0.003800834707599243,0.036292654136044177,0.9515770300003829
P01,L2,L2_14k,14k,R,250,2,18.534538406424055,14.514262471735016,23.461334911883853,13.49637316367683,0.03039916263817183,0.010431926136213462,0.06946887914843788,0.009496891347821126,0.0023209775746177897,0.028435612337491135,0.9601039460140071
P01,L2,L2_14k,14k,R,250,3,30.91901046105132,23.69997314543256,39.904192185111036,10.3896408595687,0.03151963428048457,0.01072897986215164,0.07053073414732684,0.010850249658347407,0.0025520594548233094,0.0327168243552903,0.9576301160611681
P01,L2,L2_14k,14k,R,250,4,20.8635625763702,16.237485929517813,26.83131408888015,12.700190319664179,0.022369981113967007,0.007503660657918961,0.05314538082349797,0.011420616882384788,0.0028378990719019133,0.03391211585630923,0.9662094020036481
P01,L2,L2_14k,14k,R,250,5,18.670710079364056,14.48101300217287,23.92770940496754,13.445637031749058,0.02521457070702555,0.008413460415391023,0.058193687275838096,0.010432586216735667,0.0025170762530819296,0.030897753159433335,0.9643528430762387
P01,L2,L2_14k,14k,R,250,6,19.27164760353761,14.68083385005788,25.09420738896515,13.228382963586265,0.022425639133623332,0.007389175838875641,0.053553749973794015,0.011463417065779465,0.002761367828203511,0.03426096888538713,0.9661109438005973
P01,L2,L2_14k,14k,R,250,7,19.380237062009062,15.189647899813735,24.75559436276376,13.190238167771208,0.021325932468228885,0.007000921941723425,0.05355665255273444,0.017244143394516194,0.004542566379442127,0.04904032805407241,0.9614299241372549
P01,L2,L2_14k,14k,R,250,8,17.792821456035547,13.684186202173322,23.169601937894914,13.78319694327399,0.029692723254003902,0.010015503788237345,0.06918335654906832,0.00887942855550201,0.0021230996617000726,0.027972752394741694,0.9614278481904941
P01,L2,L2_14k,14k,R,250,9,18.053866163261535,13.677094383222244,23.937266229529143,13.680173961168409,0.032712287469599546,0.010042157208259104,0.07740485524875693,0.008027289362075064,0.0017804065004922067,0.027441960845917688,0.9592604231683254
P01,L2,L2_14k,14k,R,250,10,22.999530668773637,17.64961183687848,30.007196961743308,12.081732415571139,0.023176484010913875,0.007886213052749365,0.05543749293368062,0.01286079990595999,0.0031826250712010725,0.037337827646506894,0.9639627160831261
P01,L2,L2_14k,14k,R,300,1,12.452872261174706,10.038948715687706,15.473013736788271,16.58564057379249,0.03641038385566979,0.01364561829997819,0.07635567368630247,0.018384294637270662,0.00534853587352624,0.045096861406450375,0.9452053215070596
P01,L2,L2_14k,14k,R,300,2,13.064523280733974,10.218207649209836,16.55003550783373,16.175621323274296,0.03237623620860562,0.010774624009134162,0.07582614214838672,0.012415517282699622,0.0032353271417186295,0.03659922984092153,0.9552082465086947
P01,L2,L2_14k,14k,R,300,3,21.776537649545883,16.53337573599472,28.4375824867624,12.424438816502706,0.03335866750599564,0.011025894734765208,0.07728219487136302,0.014367309576272715,0.0036136742292066665,0.041383302381684965,0.9522740229177316
P01,L2,L2_14k,14k,R,300,4,14.738570042876779,11.40952571328347,18.899282525854122,15.192498096109993,0.023781905694646242,0.007596519325607617,0.05855946841672959,0.015087191615991823,0.004020352676160674,0.04196220680961631,0.961130902689362
P01,L2,L2_14k,14k,R,300,5,13.160068473064621,10.339189561908325,16.76398045064679,16.114285200176056,0.026874245166536005,0.009080192724547555,0.062413203768730434,0.013738434354229983,0.0035405132300473686,0.03829894014719096,0.959387320479234
P01,L2,L2_14k,14k,R,300,6,13.563037373162922,10.348341385642149,17.690229219407936,15.863080453492067,0.023524144445208582,0.008026184508791452,0.058111105081953184,0.015270411630394557,0.003944336981625914,0.04212983091119382,0.9612054439243969
P01,L2,L2_14k,14k,R,300,7,13.648364423537394,10.759216417424051,17.335642742101353,15.811383177288231,0.022697977479521275,0.007057028528613057,0.05724966027399389,0.023062220122629734,0.006345233898508737,0.060576054580026746,0.954239802397849
P01,L2,L2_14k,14k,R,300,8,12.530266160626628,9.795536979281485,16.11624454639235,16.532027091624233,0.031237211562934155,0.010826080640854711,0.07311733454932963,0.011760516866211573,0.003098606653884188,0.0338878000106161,0.9570022715708543
P01,L2,L2_14k,14k,R,300,9,12.738105032306791,9.76585061739263,16.636473739285677,16.390589601463486,0.03438507278900975,0.011745750571474261,0.07985237392169074,0.010593204061661988,0.002694188170768769,0.03178464865003445,0.9550217231493283
P01,L2,L2_14k,14k,R,300,10,16.21298614680238,12.201326517860597,21.422024355348974,14.460677593192626,0.024957509553683394,0.0074602915514369395,0.0633762249398433,0.017064988821162738,0.004400429319712345,0.047580415252746325,0.9579775016251539
P01,L2,L2_14k,14k,R,350,1,13.51677964795366,10.871574322254276,16.789400673972875,15.891319997319535,0.021310214115044208,0.006013878454418012,0.05422688199626502,0.0291952570929928,0.009994150031194787,0.0629722103334995,0.949494528791963
P01,L2,L2_14k,14k,R,350,2,14.145625368021385,11.005622067443525,18.06130705844861,15.519863027337962,0.01889448133055591,0.005023724575803087,0.05357789858961982,0.01975404608932779,0.005942951168448372,0.05105755879526548,0.9613514725801163
P01,L2,L2_14k,14k,R,350,3,23.58366379400393,17.835867272740614,31.078565662130124,11.92775760603277,0.019479526418983505,0.00512717971517105,0.055309505145173056,0.022604971610585153,0.006648962423654117,0.05774752054044594,0.9579155019704313
P01,L2,L2_14k,14k,R,350,4,15.989295017730967,12.311356404594767,20.55791547700972,14.564919067515739,0.013847762484785156,0.0034614530887447205,0.040957180463938245,0.02408707421760288,0.0073542376557770356,0.058063934018384375,0.9620651632976119
P01,L2,L2_14k,14k,R,350,5,14.27780791913073,11.060297479770638,18.36918783659161,15.445050292387473,0.015704761205629972,0.004059125103103867,0.0444871509728742,0.02185428360452544,0.006448194154097025,0.054861699456414274,0.9624409551898445
P01,L2,L2_14k,14k,R,350,6,14.718097766137364,11.155276834070307,19.219136898571584,15.20345698918395,0.013662222551159005,0.003549450778463625,0.04078130478858969,0.024242585098127118,0.007111141413899123,0.0599132710799537,0.9620951923507138
P01,L2,L2_14k,14k,R,350,7,14.822761670022613,11.388391984879977,19.126484630424216,15.147678239370437,0.01310905454897724,0.0032620055407111843,0.04091712663144434,0.03645463366562289,0.010887057875263347,0.08523342311638292,0.9504363117853999
P01,L2,L2_14k,14k,R,350,8,13.611085877002512,10.55702736470289,17.56395047972821,15.833906823869556,0.01836398618720385,0.004875236323927715,0.05150844911928306,0.01867728264054215,0.005465409679286751,0.047916220277776325,0.9629587311722541
P01,L2,L2_14k,14k,R,350,9,13.819105688248165,10.552287543484564,18.10850550251482,15.70943855162615,0.02022790756500912,0.005309095402997436,0.05729984450466687,0.016941702824004687,0.00477810960766073,0.04612719835743985,0.9628303896109862
P01,L2,L2_14k,14k,R,350,10,17.535466902030727,13.642109028592168,23.054357713047253,13.887079089306308,0.014327526872215411,0.0036733852675934213,0.042211345462849686,0.027032106025258764,0.008252901875695268,0.06483656975058683,0.9586403671025259
P02,L0,L0_2k,2k,NR,50,1,1.7825819733016006,1.5889824968488009,1.9983162970232493,52.36103420246043,NA,NA,NA,NA,NA,NA,NA
P02,L0,L0_2k,2k,NR,50,2,1.8692266375175186,1.632176994242859,2.1121569462541667,50.79105092373636,NA,NA,NA,NA,NA,NA,NA
P02,L0,L0_2k,2k,NR,50,3,1.653887693922707,1.4423391228545652,1.880209507273805,54.89434754224604,NA,NA,NA,NA,NA,NA,NA
P02,L0,L0_2k,2k,NR,50,4,2.7871333235595888,2.459895353458812,3.1512289748709033,39.03041225346577,NA,NA,NA,NA,NA,NA,NA
P02,L0,L0_2k,2k,NR,50,5,2.2635133821000197,1.988575864617015,2.5701164335272986,44.79819693779449,NA,NA,NA,NA,NA,NA,NA
P02,L0,L0_2k,2k,NR,50,6,2.9558687917371653,2.599425603896222,3.3495994348323137,37.55753480135853,NA,NA,NA,NA,NA,NA,NA
P02,L0,L0_2k,2k,NR,50,7,2.7923456992066757,2.45931907050812,3.1594513923246277,38.982517805073414,NA,NA,NA,NA,NA,NA,NA
P02,L0,L0_2k,2k,NR,50,8,2.5150637094136297,2.208790109234722,2.848049202674796,41.77147999157164,NA,NA,NA,NA,NA,NA,NA
P02,L0,L0_2k,2k,NR,50,9,2.5573641393786444,2.252317074029691,2.8961272645531984,41.31205880351365,NA,NA,NA,NA,NA,NA,NA
P02,L0,L0_2k,2k,NR,50,10,2.4993288730266654,2.190187122065117,2.838578493708411,41.94576709676563,NA,NA,NA,NA,NA,NA,NA
P02,L0,L0_2k,2k,NR,100,1,1.7825819733016006,1.5889824968488009,1.9983162970232493,52.36103420246043,NA,NA,NA,NA,NA,NA,NA
P02,L0,L0_2k,2k,NR,100,2,1.8692266375175186,1.632176994242859,2.1121569462541667,50.79105092373636,NA,NA,NA,NA,NA,NA,NA
P02,L0,L0_2k,2k,NR,100,3,1.653887693922707,1.4423391228545652,1.880209507273805,54.89434754224604,NA,NA,NA,NA,NA,NA,NA
P02,L0,L0_2k,2k,NR,100,4,2.7871333235595888,2.459895353458812,3.1512289748709033,39.03041225346577,NA,NA,NA,NA,NA,NA,NA
P02,L0,L0_2k,2k,NR,100,5,2.2635133821000197,1.988575864617015,2.5701164335272986,44.79819693779449,NA,NA,NA,NA,NA,NA,NA
P02,L0,L0_2k,2k,NR,100,6,2.9558687917371653,2.599425603896222,3.3495994348323137,37.55753480135853,NA,NA,NA,NA,NA,NA,NA
P02,L0,L0_2k,2k,NR,100,7,2.7923456992066757,2.45931907050812,3.1594513923246277,38.982517805073414,NA,NA,NA,NA,NA,NA,NA
P02,L0,L0_2k,2k,NR,100,8,2.5150637094136297,2.208790109234722,2.848049202674796,41.77147999157164,NA,NA,NA,NA,NA,NA,NA
P02,L0,L0_2k,2k,NR,100,9,2.5573641393786444,2.252317074029691,2.8961272645531984,41.31205880351365,NA,NA,NA,NA,NA,NA,NA
P02,L0,L0_2k,2k,NR,100,10,2.4993288730266654,2.190187122065117,2.838578493708411,41.94576709676563,NA,NA,NA,NA,NA,NA,NA
P02,L0,L0_2k,2k,NR,150,1,1.7825819733016006,1.5889824968488009,1.9983162970232493,52.36103420246043,NA,NA,NA,NA,NA,NA,NA
P02,L0,L0_2k,2k,NR,150,2,1.8692266375175186,1.632176994242859,2.1121569462541667,50.79105092373636,NA,NA,NA,NA,NA,NA,NA
P02,L0,L0_2k,2k,NR,150,3,1.653887693922707,1.4423391228545652,1.880209507273805,54.89434754224604,NA,NA,NA,NA,NA,NA,NA
P02,L0,L0_2k,2k,NR,150,4,2.7871333235595888,2.459895353458812,3.1512289748709033,39.03041225346577,NA,NA,NA,NA,NA,NA,NA
P02,L0,L0_2k,2k,NR,150,5,2.2635133821000197,1.988575864617015,2.5701164335272986,44.79819693779449,NA,NA,NA,NA,NA,NA,NA
P02,L0,L0_2k,2k,NR,150,6,2.9558687917371653,2.599425603896222,3.3495994348323137,37.55753480135853,NA,NA,NA,NA,NA,NA,NA
P02,L0,L0_2k,2k,NR,150,7,2.7923456992066757,2.45931907050812,3.1594513923246277,38.982517805073414,NA,NA,NA,NA,NA,NA,NA
P02,L0,L0_2k,2k,NR,150,8,2.5150637094136297,2.208790109234722,2.848049202674796,41.77147999157164,NA,NA,NA,NA,NA,NA,NA
P02,L0,L0_2k,2k,NR,150,9,2.5573641393786444,2.252317074029691,2.8961272645531984,41.31205880351365,NA,NA,NA,NA,NA,NA,NA
P02,L0,L0_2k,2k,NR,150,10,2.4993288730266654,2.190187122065117,2.838578493708411,41.94576709676563,NA,NA,NA,NA,NA,NA,NA
P02,L0,L0_2k,2k,NR,200,1,1.7825819733016006,1.5889824968488009,1.9983162970232493,52.36103420246043,NA,NA,NA,NA,NA,NA,NA
P02,L0,L0_2k,2k,NR,200,2,1.8692266375175186,1.632176994242859,2.1121569462541667,50.79105092373636,NA,NA,NA,NA,NA,NA,NA
P02,L0,L0_2k,2k,NR,200,3,1.653887693922707,1.4423391228545652,1.880209507273805,54.89434754224604,NA,NA,NA,NA,NA,NA,NA
P02,L0,L0_2k,2k,NR,200,4,2.7871333235595888,2.459895353458812,3.1512289748709033,39.03041225346577,NA,NA,NA,NA,NA,NA,NA
P02,L0,L0_2k,2k,NR,200,5,2.2635133821000197,1.988575864617015,2.5701164335272986,44.79819693779449,NA,NA,NA,NA,NA,NA,NA
P02,L0,L0_2k,2k,NR,200,6,2.9558687917371653,2.599425603896222,3.3495994348323137,37.55753480135853,NA,NA,NA,NA,NA,NA,NA
P02,L0,L0_2k,2k,NR,200,7,2.7923456992066757,2.45931907050812,3.1594513923246277,38.982517805073414,NA,NA,NA,NA,NA,NA,NA
P02,L0,L0_2k,2k,NR,200,8,2.5150637094136297,2.208790109234722,2.848049202674796,41.77147999157164,NA,NA,NA,NA,NA,NA,NA
P02,L0,L0_2k,2k,NR,200,9,2.5573641393786444,2.252317074029691,2.8961272645531984,41.31205880351365,NA,NA,NA,NA,NA,NA,NA
P02,L0,L0_2k,2k,NR,200,10,2.4993288730266654,2.190187122065117,2.838578493708411,41.94576709676563,NA,NA,NA,NA,NA,NA,NA
P02,L0,L0_2k,2k,NR,250,1,1.7825819733016006,1.5889824968488009,1.9983162970232493,52.36103420246043,NA,NA,NA,NA,NA,NA,NA
P02,L0,L0_2k,2k,NR,250,2,1.8692266375175186,1.632176994242859,2.1121569462541667,50.79105092373636,NA,NA,NA,NA,NA,NA,NA
P02,L0,L0_2k,2k,NR,250,3,1.653887693922707,1.4423391228545652,1.880209507273805,54.89434754224604,NA,NA,NA,NA,NA,NA,NA
P02,L0,L0_2k,2k,NR,250,4,2.7871333235595888,2.459895353458812,3.1512289748709033,39.03041225346577,NA,NA,NA,NA,NA,NA,NA
P02,L0,L0_2k,2k,NR,250,5,2.2635133821000197,1.988575864617015,2.5701164335272986,44.79819693779449,NA,NA,NA,NA,NA,NA,NA
P02,L0,L0_2k,2k,NR,250,6,2.9558687917371653,2.599425603896222,3.3495994348323137,37.55753480135853,NA,NA,NA,NA,NA,NA,NA
P02,L0,L0_2k,2k,NR,250,7,2.7923456992066757,2.45931907050812,3.1594513923246277,38.982517805073414,NA,NA,NA,NA,NA,NA,NA
P02,L0,L0_2k,2k,NR,250,8,2.5150637094136297,2.208790109234722,2.848049202674796,41.77147999157164,NA,NA,NA,NA,NA,NA,NA
P02,L0,L0_2k,2k,NR,250,9,2.5573641393786444,2.252317074029691,2.8961272645531984,41.31205880351365,NA,NA,NA,NA,NA,NA,NA
P02,L0,L0_2k,2k,NR,250,10,2.4993288730266654,2.190187122065117,2.838578493708411,41.94576709676563,NA,NA,NA,NA,NA,NA,NA
P02,L0,L0_2k,2k,NR,300,1,1.7825819733016006,1.5889824968488009,1.9983162970232493,52.36103420246043,NA,NA,NA,NA,NA,NA,NA
P02,L0,L0_2k,2k,NR,300,2,1.8692266375175186,1.632176994242859,2.1121569462541667,50.79105092373636,NA,NA,NA,NA,NA,NA,NA
P02,L0,L0_2k,2k,NR,300,3,1.653887693922707,1.4423391228545652,1.880209507273805,54.89434754224604,NA,NA,NA,NA,NA,NA,NA
P02,L0,L0_2k,2k,NR,300,4,2.7871333235595888,2.459895353458812,3.1512289748709033,39.03041225346577,NA,NA,NA,NA,NA,NA,NA
P02,L0,L0_2k,2k,NR,300,5,2.2635133821000197,1.988575864617015,2.5701164335272986,44.79819693779449,NA,NA,NA,NA,NA,NA,NA
P02,L0,L0_2k,2k,NR,300,6,2.9558687917371653,2.599425603896222,3.3495994348323137,37.55753480135853,NA,NA,NA,NA,NA,NA,NA
P02,L0,L0_2k,2k,NR,300,7,2.7923456992066757,2.45931907050812,3.1594513923246277,38.982517805073414,NA,NA,NA,NA,NA,NA,NA
P02,L0,L0_2k,2k,NR,300,8,2.5150637094136297,2.208790109234722,2.848049202674796,41.77147999157164,NA,NA,NA,NA,NA,NA,NA
P02,L0,L0_2k,2k,NR,300,9,2.5573641393786444,2.252317074029691,2.8961272645531984,41.31205880351365,NA,NA,NA,NA,NA,NA,NA
P02,L0,L0_2k,2k,NR,300,10,2.4993288730266654,2.190187122065117,2.838578493708411,41.94576709676563,NA,NA,NA,NA,NA,NA,NA
P02,L0,L0_2k,2k,NR,350,1,1.7825819733016006,1.5889824968488009,1.9983162970232493,52.36103420246043,NA,NA,NA,NA,NA,NA,NA
P02,L0,L0_2k,2k,NR,350,2,1.8692266375175186,1.632176994242859,2.1121569462541667,50.79105092373636,NA,NA,NA,NA,NA,NA,NA
P02,L0,L0_2k,2k,NR,350,3,1.653887693922707,1.4423391228545652,1.880209507273805,54.89434754224604,NA,NA,NA,NA,NA,NA,NA
P02,L0,L0_2k,2k,NR,350,4,2.7871333235595888,2.459895353458812,3.1512289748709033,39.03041225346577,NA,NA,NA,NA,NA,NA,NA
P02,L0,L0_2k,2k,NR,350,5,2.2635133821000197,1.988575864617015,2.5701164335272986,44.79819693779449,NA,NA,NA,NA,NA,NA,NA
P02,L0,L0_2k,2k,NR,350,6,2.9558687917371653,2.599425603896222,3.3495994348323137,37.55753480135853,NA,NA,NA,NA,NA,NA,NA
P02,L0,L0_2k,2k,NR,350,7,2.7923456992066757,2.45931907050812,3.1594513923246277,38.982517805073414,NA,NA,NA,NA,NA,NA,NA
P02,L0,L0_2k,2k,NR,350,8,2.5150637094136297,2.208790109234722,2.848049202674796,41.77147999157164,NA,NA,NA,NA,NA,NA,NA
P02,L0,L0_2k,2k,NR,350,9,2.5573641393786444,2.252317074029691,2.8961272645531984,41.31205880351365,NA,NA,NA,NA,NA,NA,NA
P02,L0,L0_2k,2k,NR,350,10,2.4993288730266654,2.190187122065117,2.838578493708411,41.94576709676563,NA,NA,NA,NA,NA,NA,NA
P02,L0,L0_2k,2k,R,50,1,4.550729045921864,4.08693693978434,5.086505856157479,28.73784705496625,NA,NA,NA,NA,NA,NA,NA
P02,L0,L0_2k,2k,R,50,2,4.766826595761025,4.168205818528019,5.406433907197431,27.968897352723612,NA,NA,NA,NA,NA,NA,NA
P02,L0,L0_2k,2k,R,50,3,4.217195775799463,3.7092103096874296,4.774501820246097,30.06509764175982,NA,NA,NA,NA,NA,NA,NA
P02,L0,L0_2k,2k,R,50,4,7.112445771342639,6.244453230231182,8.051477403696145,22.345756850655995,NA,NA,NA,NA,NA,NA,NA
P02,L0,L0_2k,2k,R,50,5,5.777654416344847,5.071725339175473,6.541661071838305,25.063195979428134,NA,NA,NA,NA,NA,NA,NA
P02,L0,L0_2k,2k,R,50,6,7.544263061611089,6.585622307910357,8.645133580255743,21.641654671134283,NA,NA,NA,NA,NA,NA,NA
P02,L0,L0_2k,2k,R,50,7,7.130309631114201,6.266244585432995,8.063938671936203,22.31523706805235,NA,NA,NA,NA,NA,NA,NA
P02,L0,L0_2k,2k,R,50,8,6.425156766893157,5.608315166845688,7.3106263737433395,23.626011448479822,NA,NA,NA,NA,NA,NA,NA
P02,L0,L0_2k,2k,R,50,9,6.529415439095967,5.717114362894091,7.4453807352006915,23.417346140745945,NA,NA,NA,NA,NA,NA,NA
P02,L0,L0_2k,2k,R,50,10,6.378538750478949,5.581750160260623,7.278354551786463,23.721169354644896,NA,NA,NA,NA,NA,NA,NA
P02,L0,L0_2k,2k,R,100,1,4.550729045921864,4.08693693978434,5.086505856157479,28.73784705496625,NA,NA,NA,NA,NA,NA,NA
P02,L0,L0_2k,2k,R,100,2,4.766826595761025,4.168205818528019,5.406433907197431,27.968897352723612,NA,NA,NA,NA,NA,NA,NA
P02,L0,L0_2k,2k,R,100,3,4.217195775799463,3.7092103096874296,4.774501820246097,30.06509764175982,NA,NA,NA,NA,NA,NA,NA
P02,L0,L0_2k,2k,R,100,4,7.112445771342639,6.244453230231182,8.051477403696145,22.345756850655995,NA,NA,NA,NA,NA,NA,NA
P02,L0,L0_2k,2k,R,100,5,5.777654416344847,5.071725339175473,6.541661071838305,25.063195979428134,NA,NA,NA,NA,NA,NA,NA
P02,L0,L0_2k,2k,R,100,6,7.544263061611089,6.585622307910357,8.645133580255743,21.641654671134283,NA,NA,NA,NA,NA,NA,NA
P02,L0,L0_2k,2k,R,100,7,7.130309631114201,6.266244585432995,8.063938671936203,22.31523706805235,NA,NA,NA,NA,NA,NA,NA
P02,L0,L0_2k,2k,R,100,8,6.425156766893157,5.608315166845688,7.3106263737433395,23.626011448479822,NA,NA,NA,NA,NA,NA,NA
P02,L0,L0_2k,2k,R,100,9,6.529415439095967,5.717114362894091,7.4453807352006915,23.417346140745945,NA,NA,NA,NA,NA,NA,NA
P02,L0,L0_2k,2k,R,100,10,6.378538750478949,5.581750160260623,7.278354551786463,23.721169354644896,NA,NA,NA,NA,NA,NA,NA
P02,L0,L0_2k,2k,R,150,1,4.550729045921864,4.08693693978434,5.086505856157479,28.73784705496625,NA,NA,NA,NA,NA,NA,NA
P02,L0,L0_2k,2k,R,150,2,4.766826595761025,4.168205818528019,5.406433907197431,27.968897352723612,NA,NA,NA,NA,NA,NA,NA
P02,L0,L0_2k,2k,R,150,3,4.217195775799463,3.7092103096874296,4.774501820246097,30.06509764175982,NA,NA,NA,NA,NA,NA,NA
P02,L0,L0_2k,2k,R,150,4,7.112445771342639,6.244453230231182,8.051477403696145,22.345756850655995,NA,NA,NA,NA,NA,NA,NA
P02,L0,L0_2k,2k,R,150,5,5.777654416344847,5.071725339175473,6.541661071838305,25.063195979428134,NA,NA,NA,NA,NA,NA,NA
P02,L0,L0_2k,2k,R,150,6,7.544263061611089,6.585622307910357,8.645133580255743,21.641654671134283,NA,NA,NA,NA,NA,NA,NA
P02,L0,L0_2k,2k,R,150,7,7.130309631114201,6.266244585432995,8.063938671936203,22.31523706805235,NA,NA,NA,NA,NA,NA,NA
P02,L0,L0_2k,2k,R,150,8,6.425156766893157,5.608315166845688,7.3106263737433395,23.626011448479822,NA,NA,NA,NA,NA,NA,NA
P02,L0,L0_2k,2k,R,150,9,6.529415439095967,5.717114362894091,7.4453807352006915,23.417346140745945,NA,NA,NA,NA,NA,NA,NA
P02,L0,L0_2k,2k,R,150,10,6.378538750478949,5.581750160260623,7.278354551786463,23.721169354644896,NA,NA,NA,NA,NA,NA,NA
P02,L0,L0_2k,2k,R,200,1,4.550729045921864,4.08693693978434,5.086505856157479,28.73784705496625,NA,NA,NA,NA,NA,NA,NA
P02,L0,L0_2k,2k,R,200,2,4.766826595761025,4.168205818528019,5.406433907197431,27.968897352723612,NA,NA,NA,NA,NA,NA,NA
P02,L0,L0_2k,2k,R,200,3,4.217195775799463,3.7092103096874296,4.774501820246097,30.06509764175982,NA,NA,NA,NA,NA,NA,NA
P02,L0,L0_2k,2k,R,200,4,7.112445771342639,6.244453230231182,8.051477403696145,22.345756850655995,NA,NA,NA,NA,NA,NA,NA
P02,L0,L0_2k,2k,R,200,5,5.777654416344847,5.071725339175473,6.541661071838305,25.063195979428134,NA,NA,NA,NA,NA,NA,NA
P02,L0,L0_2k,2k,R,200,6,7.544263061611089,6.585622307910357,8.645133580255743,21.641654671134283,NA,NA,NA,NA,NA,NA,NA
P02,L0,L0_2k,2k,R,200,7,7.130309631114201,6.266244585432995,8.063938671936203,22.31523706805235,NA,NA,NA,NA,NA,NA,NA
P02,L0,L0_2k,2k,R,200,8,6.425156766893157,5.608315166845688,7.3106263737433395,23.626011448479822,NA,NA,NA,NA,NA,NA,NA
P02,L0,L0_2k,2k,R,200,9,6.529415439095967,5.717114362894091,7.4453807352006915,23.417346140745945,NA,NA,NA,NA,NA,NA,NA
P02,L0,L0_2k,2k,R,200,10,6.378538750478949,5.581750160260623,7.278354551786463,23.721169354644896,NA,NA,NA,NA,NA,NA,NA
P02,L0,L0_2k,2k,R,250,1,4.550729045921864,4.08693693978434,5.086505856157479,28.73784705496625,NA,NA,NA,NA,NA,NA,NA
P02,L0,L0_2k,2k,R,250,2,4.766826595761025,4.168205818528019,5.406433907197431,27.968897352723612,NA,NA,NA,NA,NA,NA,NA
P02,L0,L0_2k,2k,R,250,3,4.217195775799463,3.7092103096874296,4.774501820246097,30.06509764175982,NA,NA,NA,NA,NA,NA,NA
P02,L0,L0_2k,2k,R,250,4,7.112445771342639,6.244453230231182,8.051477403696145,22.345756850655995,NA,NA,NA,NA,NA,NA,NA
P02,L0,L0_2k,2k,R,250,5,5.777654416344847,5.071725339175473,6.541661071838305,25.063195979428134,NA,NA,NA,NA,NA,NA,NA
P02,L0,L0_2k,2k,R,250,6,7.544263061611089,6.585622307910357,8.645133580255743,21.641654671134283,NA,NA,NA,NA,NA,NA,NA
P02,L0,L0_2k,2k,R,250,7,7.130309631114201,6.266244585432995,8.063938671936203,22.31523706805235,NA,NA,NA,NA,NA,NA,NA
P02,L0,L0_2k,2k,R,250,8,6.425156766893157,5.608315166845688,7.3106263737433395,23.626011448479822,NA,NA,NA,NA,NA,NA,NA
P02,L0,L0_2k,2k,R,250,9,6.529415439095967,5.717114362894091,7.4453807352006915,23.417346140745945,NA,NA,NA,NA,NA,NA,NA
P02,L0,L0_2k,2k,R,250,10,6.378538750478949,5.581750160260623,7.278354551786463,23.721169354644896,NA,NA,NA,NA,NA,NA,NA
P02,L0,L0_2k,2k,R,300,1,4.550729045921864,4.08693693978434,5.086505856157479,28.73784705496625,NA,NA,NA,NA,NA,NA,NA
P02,L0,L0_2k,2k,R,300,2,4.766826595761025,4.168205818528019,5.406433907197431,27.968897352723612,NA,NA,NA,NA,NA,NA,NA
P02,L0,L0_2k,2k,R,300,3,4.217195775799463,3.7092103096874296,4.774501820246097,30.06509764175982,NA,NA,NA,NA,NA,NA,NA
P02,L0,L0_2k,2k,R,300,4,7.112445771342639,6.244453230231182,8.051477403696145,22.345756850655995,NA,NA,NA,NA,NA,NA,NA
P02,L0,L0_2k,2k,R,300,5,5.777654416344847,5.071725339175473,6.541661071838305,25.063195979428134,NA,NA,NA,NA,NA,NA,NA
P02,L0,L0_2k,2k,R,300,6,7.544263061611089,6.585622307910357,8.645133580255743,21.641654671134283,NA,NA,NA,NA,NA,NA,NA
P02,L0,L0_2k,2k,R,300,7,7.130309631114201,6.266244585432995,8.063938671936203,22.31523706805235,NA,NA,NA,NA,NA,NA,NA
P02,L0,L0_2k,2k,R,300,8,6.425156766893157,5.608315166845688,7.3106263737433395,23.626011448479822,NA,NA,NA,NA,NA,NA,NA
P02,L0,L0_2k,2k,R,300,9,6.529415439095967,5.717114362894091,7.4453807352006915,23.417346140745945,NA,NA,NA,NA,NA,NA,NA
P02,L0,L0_2k,2k,R,300,10,6.378538750478949,5.581750160260623,7.278354551786463,23.721169354644896,NA,NA,NA,NA,NA,NA,NA
P02,L0,L0_2k,2k,R,350,1,4.550729045921864,4.08693693978434,5.086505856157479,28.73784705496625,NA,NA,NA,NA,NA,NA,NA
P02,L0,L0_2k,2k,R,350,2,4.766826595761025,4.168205818528019,5.406433907197431,27.968897352723612,NA,NA,NA,NA,NA,NA,NA
P02,L0,L0_2k,2k,R,350,3,4.217195775799463,3.7092103096874296,4.774501820246097,30.06509764175982,NA,NA,NA,NA,NA,NA,NA
P02,L0,L0_2k,2k,R,350,4,7.112445771342639,6.244453230231182,8.051477403696145,22.345756850655995,NA,NA,NA,NA,NA,NA,NA
P02,L0,L0_2k,2k,R,350,5,5.777654416344847,5.071725339175473,6.541661071838305,25.063195979428134,NA,NA,NA,NA,NA,NA,NA
P02,L0,L0_2k,2k,R,350,6,7.544263061611089,6.585622307910357,8.645133580255743,21.641654671134283,NA,NA,NA,NA,NA,NA,NA
P02,L0,L0_2k,2k,R,350,7,7.130309631114201,6.266244585432995,8.063938671936203,22.31523706805235,NA,NA,NA,NA,NA,NA,NA
P02,L0,L0_2k,2k,R,350,8,6.425156766893157,5.608315166845688,7.3106263737433395,23.626011448479822,NA,NA,NA,NA,NA,NA,NA
P02,L0,L0_2k,2k,R,350,9,6.529415439095967,5.717114362894091,7.4453807352006915,23.417346140745945,NA,NA,NA,NA,NA,NA,NA
P02,L0,L0_2k,2k,R,350,10,6.378538750478949,5.581750160260623,7.278354551786463,23.721169354644896,NA,NA,NA,NA,NA,NA,NA
P02,L0,L0_14k,14k,NR,50,1,1.7571694459084488,1.5001331122737813,2.0580769081984274,52.841545374316574,NA,NA,NA,NA,NA,NA,NA
P02,L0,L0_14k,14k,NR,50,2,1.6752301896873836,1.3933173351656092,1.9932024849772854,54.4565650286999,NA,NA,NA,NA,NA,NA,NA
P02,L0,L0_14k,14k,NR,50,3,1.4854607069675785,1.2353409360568974,1.7761115021732319,58.61967287682846,NA,NA,NA,NA,NA,NA,NA
P02,L0,L0_14k,14k,NR,50,4,2.483735644255302,2.0731943817601732,2.9557272623272377,42.12033980255438,NA,NA,NA,NA,NA,NA,NA
P02,L0,L0_14k,14k,NR,50,5,2.0514288256731072,1.707578843126407,2.4347432282199035,47.805457333732136,NA,NA,NA,NA,NA,NA,NA
P02,L0,L0_14k,14k,NR,50,6,2.5892071781358372,2.1535974141702465,3.081520157166967,40.974758862382636,NA,NA,NA,NA,NA,NA,NA
P02,L0,L0_14k,14k,NR,50,7,2.453560991020816,2.0507937901193367,2.929431015020531,42.463494372518795,NA,NA,NA,NA,NA,NA,NA
P02,L0,L0_14k,14k,NR,50,8,2.2513526425067614,1.88149126054785,2.673687829225482,44.95849538151754,NA,NA,NA,NA,NA,NA,NA
P02,L0,L0_14k,14k,NR,50,9,2.1953901267141935,1.8379555966496322,2.600928699867479,45.71439747448117,NA,NA,NA,NA,NA,NA,NA
P02,L0,L0_14k,14k,NR,50,10,2.1992899437723947,1.8304920575051586,2.611895709125096,45.66073244814772,NA,NA,NA,NA,NA,NA,NA
P02,L0,L0_14k,14k,NR,100,1,1.8618193784204053,1.5850173330768267,2.193121121260211,50.92126717212019,NA,NA,NA,NA,NA,NA,NA
P02,L0,L0_14k,14k,NR,100,2,1.7794058359038583,1.4850776183868644,2.1082624649889046,52.420579323619314,NA,NA,NA,NA,NA,NA,NA
P02,L0,L0_14k,14k,NR,100,3,1.5764519714233804,1.3114432803994358,1.8803097595246139,56.54558301194979,NA,NA,NA,NA,NA,NA,NA
P02,L0,L0_14k,14k,NR,100,4,2.634644030717264,2.2094761047971887,3.1359284501753573,40.50573848124406,NA,NA,NA,NA,NA,NA,NA
P02,L0,L0_14k,14k,NR,100,5,2.178567814342085,1.811427688369258,2.5962938448760173,45.94762253492839,NA,NA,NA,NA,NA,NA,NA
P02,L0,L0_14k,14k,NR,100,6,2.7451833587961305,2.280762399290532,3.278743911026691,39.421780531697216,NA,NA,NA,NA,NA,NA,NA
P02,L0,L0_14k,14k,NR,100,7,2.605311341693284,2.1564561925388266,3.1235377081427105,40.806896060509644,NA,NA,NA,NA,NA,NA,NA
P02,L0,L0_14k,14k,NR,100,8,2.3881400590407056,1.9906320101884118,2.8474229745497723,43.232447446585134,NA,NA,NA,NA,NA,NA,NA
P02,L0,L0_14k,14k,NR,100,9,2.328540066994074,1.9388907840423601,2.7709424665491067,43.964113763007155,NA,NA,NA,NA,NA,NA,NA
P02,L0,L0_14k,14k,NR,100,10,2.3295967176267247,1.9468990567100206,2.7785390743690748,43.95087406168552,NA,NA,NA,NA,NA,NA,NA
P02,L0,L0_14k,14k,NR,150,1,1.8013372937028673,1.5172454813977345,2.1278422180454575,52.012350473574145,NA,NA,NA,NA,NA,NA,NA
P02,L0,L0_14k,14k,NR,150,2,1.7175764723851827,1.4194655640953369,2.0469118202746643,53.609152402102154,NA,NA,NA,NA,NA,NA,NA
P02,L0,L0_14k,14k,NR,150,3,1.5237603984585988,1.253009963868509,1.8323801150019925,57.72829165622065,NA,NA,NA,NA,NA,NA,NA
P02,L0,L0_14k,14k,NR,150,4,2.545169860253553,2.1231259126098547,3.034494046254883,41.44315405715161,NA,NA,NA,NA,NA,NA,NA
P02,L0,L0_14k,14k,NR,150,5,2.1020974773553247,1.7493705551051089,2.5184272807439627,47.044348117462796,NA,NA,NA,NA,NA,NA,NA
P02,L0,L0_14k,14k,NR,150,6,2.6552146679386777,2.2162193633435496,3.1768051839007234,40.298011446609635,NA,NA,NA,NA,NA,NA,NA
P02,L0,L0_14k,14k,NR,150,7,2.5190339885417785,2.0826489493187776,3.0171941925789776,41.727797041661866,NA,NA,NA,NA,NA,NA,NA
P02,L0,L0_14k,14k,NR,150,8,2.3086870354019395,1.9195723335685486,2.7573845585921957,44.21471019744341,NA,NA,NA,NA,NA,NA,NA
P02,L0,L0_14k,14k,NR,150,9,2.2501086073926446,1.8735424825956681,2.6804516621701096,44.97497224048454,NA,NA,NA,NA,NA,NA,NA
P02,L0,L0_14k,14k,NR,150,10,2.252298624740127,1.874435749986082,2.686949474529802,44.9459759175207,NA,NA,NA,NA,NA,NA,NA
P02,L0,L0_14k,14k,NR,200,1,2.0597897205638143,1.7493535217161647,2.418132709986551,47.67790833636905,NA,NA,NA,NA,NA,NA,NA
P02,L0,L0_14k,14k,NR,200,2,1.9627053038063458,1.6450676557761006,2.3391947128402357,49.208653331322935,NA,NA,NA,NA,NA,NA,NA
P02,L0,L0_14k,14k,NR,200,3,1.7429371374557132,1.4432590799346312,2.091661562603463,53.11478158072684,NA,NA,NA,NA,NA,NA,NA
P02,L0,L0_14k,14k,NR,200,4,2.911332298629407,2.434256439059497,3.483641039387851,37.93126470327273,NA,NA,NA,NA,NA,NA,NA
P02,L0,L0_14k,14k,NR,200,5,2.4022101282635475,2.0017639800793456,2.8756022542804924,43.064114986055955,NA,NA,NA,NA,NA,NA,NA
P02,L0,L0_14k,14k,NR,200,6,3.0350147229425857,2.5315551849890774,3.5973463008141824,36.918140984432384,NA,NA,NA,NA,NA,NA,NA
P02,L0,L0_14k,14k,NR,200,7,2.8787124410347245,2.402020886595762,3.4563351942551126,38.21165235550999,NA,NA,NA,NA,NA,NA,NA
P02,L0,L0_14k,14k,NR,200,8,2.638836829132104,2.2039576810215737,3.153032714711112,40.46316871466953,NA,NA,NA,NA,NA,NA,NA
P02,L0,L0_14k,14k,NR,200,9,2.5713918161244376,2.1540986254788987,3.065265089594426,41.16257986038213,NA,NA,NA,NA,NA,NA,NA
P02,L0,L0_14k,14k,NR,200,10,2.57797154081424,2.166606226941936,3.0560359901198164,41.09295057494037,NA,NA,NA,NA,NA,NA,NA
P02,L0,L0_14k,14k,NR,250,1,2.1868982705904045,1.8426011504285544,2.577102427407232,45.83177550860169,NA,NA,NA,NA,NA,NA,NA
P02,L0,L0_14k,14k,NR,250,2,2.0818506263818337,1.7371058784009994,2.4734021757942233,47.3450959056139,NA,NA,NA,NA,NA,NA,NA
P02,L0,L0_14k,14k,NR,250,3,1.847188531296903,1.5324172157100244,2.2031556424501164,51.180626476916494,NA,NA,NA,NA,NA,NA,NA
P02,L0,L0_14k,14k,NR,250,4,3.0857998830033972,2.571009740816062,3.6902675031398235,36.52374761538543,NA,NA,NA,NA,NA,NA,NA
P02,L0,L0_14k,14k,NR,250,5,2.547278539890325,2.1207655846904983,3.052112432765936,41.420407356705816,NA,NA,NA,NA,NA,NA,NA
P02,L0,L0_14k,14k,NR,250,6,3.217036551626461,2.67753077856099,3.8436629051733,35.55799026143862,NA,NA,NA,NA,NA,NA,NA
P02,L0,L0_14k,14k,NR,250,7,3.0565721941811717,2.5469572719733726,3.6297360304672557,36.74925390621457,NA,NA,NA,NA,NA,NA,NA
P02,L0,L0_14k,14k,NR,250,8,2.798538929333944,2.3272791637005175,3.32837432838458,38.92581833197784,NA,NA,NA,NA,NA,NA,NA
P02,L0,L0_14k,14k,NR,250,9,2.731865434006619,2.2843633700597388,3.234403532473303,39.54826513510931,NA,NA,NA,NA,NA,NA,NA
P02,L0,L0_14k,14k,NR,250,10,2.729612615388725,2.283323637955482,3.2595830579894685,39.569769232263994,NA,NA,NA,NA,NA,NA,NA
P02,L0,L0_14k,14k,NR,300,1,2.8551212170431493,2.419398500206719,3.3528705100240797,38.418043376711886,NA,NA,NA,NA,NA,NA,NA
P02,L0,L0_14k,14k,NR,300,2,2.7231236374634107,2.2601372200452055,3.274836579251199,39.631885590314774,NA,NA,NA,NA,NA,NA,NA
P02,L0,L0_14k,14k,NR,300,3,2.411612197669228,1.9986316108811537,2.8965620266362,42.9525431726997,NA,NA,NA,NA,NA,NA,NA
P02,L0,L0_14k,14k,NR,300,4,4.0337177534170205,3.351426957871593,4.826966492636854,30.881245721336303,NA,NA,NA,NA,NA,NA,NA
P02,L0,L0_14k,14k,NR,300,5,3.3307363146356628,2.781967230325866,3.966444657766725,34.778618971774925,NA,NA,NA,NA,NA,NA,NA
P02,L0,L0_14k,14k,NR,300,6,4.206566639873225,3.4713866980114223,5.041489437585465,30.110574833462866,NA,NA,NA,NA,NA,NA,NA
P02,L0,L0_14k,14k,NR,300,7,3.9865205984770684,3.3054793761778067,4.770099922063404,31.102466149179502,NA,NA,NA,NA,NA,NA,NA
P02,L0,L0_14k,14k,NR,300,8,3.6572740523279097,3.0501861300469257,4.373738782676077,32.79359224230587,NA,NA,NA,NA,NA,NA,NA
P02,L0,L0_14k,14k,NR,300,9,3.5640181066529433,2.9787164909477464,4.246472756718887,33.325665828054966,NA,NA,NA,NA,NA,NA,NA
P02,L0,L0_14k,14k,NR,300,10,3.5738479054759917,2.9719966084430225,4.267072800119197,33.26835356896379,NA,NA,NA,NA,NA,NA,NA
P02,L0,L0_14k,14k,NR,350,1,1.8756740816599193,1.5915547088193294,2.2084736597502928,50.67829989350282,NA,NA,NA,NA,NA,NA,NA
P02,L0,L0_14k,14k,NR,350,2,1.788455499608715,1.4877661026583162,2.1309952464763904,52.25130005951197,NA,NA,NA,NA,NA,NA,NA
P02,L0,L0_14k,14k,NR,350,3,1.5862065135727894,1.3208486061308493,1.8951113731755276,56.33199868182017,NA,NA,NA,NA,NA,NA,NA
P02,L0,L0_14k,14k,NR,350,4,2.651065808508309,2.213201398309385,3.1477834367344055,40.339680271010735,NA,NA,NA,NA,NA,NA,NA
P02,L0,L0_14k,14k,NR,350,5,2.185293698948999,1.8159390855478237,2.607424603173788,45.85403533226198,NA,NA,NA,NA,NA,NA,NA
P02,L0,L0_14k,14k,NR,350,6,2.763084878063692,2.3152079743549865,3.264383600665405,39.253473811683925,NA,NA,NA,NA,NA,NA,NA
P02,L0,L0_14k,14k,NR,350,7,2.619996272338124,2.188092906873285,3.1267426635783773,40.6553916947188,NA,NA,NA,NA,NA,NA,NA
P02,L0,L0_14k,14k,NR,350,8,2.402777199978088,2.010672270109053,2.8320713688004258,43.05736505403182,NA,NA,NA,NA,NA,NA,NA
P02,L0,L0_14k,14k,NR,350,9,2.342154951462132,1.965041643550682,2.7713047047445842,43.79427157309624,NA,NA,NA,NA,NA,NA,NA
P02,L0,L0_14k,14k,NR,350,10,2.3467093144366453,1.960462562830869,2.7770455664543845,43.73781852995077,NA,NA,NA,NA,NA,NA,NA
P02,L0,L0_14k,14k,R,50,1,3.407137002740565,2.880045691108526,3.996896799071689,34.28225480590522,NA,NA,NA,NA,NA,NA,NA
P02,L0,L0_14k,14k,R,50,2,3.248934851519637,2.7047484276731226,3.8687706913244555,35.33420962383989,NA,NA,NA,NA,NA,NA,NA
P02,L0,L0_14k,14k,R,50,3,2.8813236246483904,2.380091516273502,3.4578629682358533,38.18899592415772,NA,NA,NA,NA,NA,NA,NA
P02,L0,L0_14k,14k,R,50,4,4.819474754713914,4.01855585914183,5.7616069064896545,27.79102395903279,NA,NA,NA,NA,NA,NA,NA
P02,L0,L0_14k,14k,R,50,5,3.9791289769791582,3.3227300081661624,4.737346023389785,31.137554784370103,NA,NA,NA,NA,NA,NA,NA
P02,L0,L0_14k,14k,R,50,6,5.011422690785553,4.17868463571372,6.016569712566931,27.171014051413923,NA,NA,NA,NA,NA,NA,NA
P02,L0,L0_14k,14k,R,50,7,4.766584973385274,3.936807445266484,5.705406442446218,27.96972183955921,NA,NA,NA,NA,NA,NA,NA
P02,L0,L0_14k,14k,R,50,8,4.369302414434517,3.6256971552585258,5.203392406683908,29.436723300732176,NA,NA,NA,NA,NA,NA,NA
P02,L0,L0_14k,14k,R,50,9,4.257316341571007,3.5404452222774663,5.08462613439784,29.89533327445197,NA,NA,NA,NA,NA,NA,NA
P02,L0,L0_14k,14k,R,50,10,4.256297326199845,3.537851427525929,5.12582760121549,29.89960847980623,NA,NA,NA,NA,NA,NA,NA
P02,L0,L0_14k,14k,R,100,1,4.0539592656417245,3.4243642109388395,4.7830200785251105,30.78784155891675,NA,NA,NA,NA,NA,NA,NA
P02,L0,L0_14k,14k,R,100,2,3.862798560689865,3.1939306525863422,4.647823933425513,31.70627908003569,NA,NA,NA,NA,NA,NA,NA
P02,L0,L0_14k,14k,R,100,3,3.4264093975952274,2.833236462446568,4.096055911219571,34.16031949601172,NA,NA,NA,NA,NA,NA,NA
P02,L0,L0_14k,14k,R,100,4,5.7265921181258435,4.727434847494688,6.880442634407332,25.18828952927881,NA,NA,NA,NA,NA,NA,NA
P02,L0,L0_14k,14k,R,100,5,4.725300113438101,3.9407525548888556,5.6547245415841205,28.111714536552974,NA,NA,NA,NA,NA,NA,NA
P02,L0,L0_14k,14k,R,100,6,5.9711682199823475,4.912704029445734,7.208690369016504,24.605877172945,NA,NA,NA,NA,NA,NA,NA
P02,L0,L0_14k,14k,R,100,7,5.666419688191873,4.675981915143284,6.804936257872199,25.33819597732222,NA,NA,NA,NA,NA,NA,NA
P02,L0,L0_14k,14k,R,100,8,5.186548722828309,4.288569314040911,6.264666671100089,26.64116608196187,NA,NA,NA,NA,NA,NA,NA
P02,L0,L0_14k,14k,R,100,9,5.0631402320468695,4.182949337841326,6.089128941487607,27.011157032236724,NA,NA,NA,NA,NA,NA,NA
P02,L0,L0_14k,14k,R,100,10,5.069395805560417,4.192240236138192,6.084577261811792,26.99201806132118,NA,NA,NA,NA,NA,NA,NA
P02,L0,L0_14k,14k,R,150,1,6.137728055044471,5.162850471705504,7.222040967191078,24.232097560935436,NA,NA,NA,NA,NA,NA,NA
P02,L0,L0_14k,14k,R,150,2,5.838564300213507,4.842366840469028,7.011815041104888,24.91644588889203,NA,NA,NA,NA,NA,NA,NA
P02,L0,L0_14k,14k,R,150,3,5.180245401857879,4.271215702730087,6.251814047934519,26.65968547611962,NA,NA,NA,NA,NA,NA,NA
P02,L0,L0_14k,14k,R,150,4,8.66737658803854,7.140809867614844,10.408978237840518,20.084583765808766,NA,NA,NA,NA,NA,NA,NA
P02,L0,L0_14k,14k,R,150,5,7.156689189375634,5.888317581972485,8.646310550555144,22.270399270497972,NA,NA,NA,NA,NA,NA,NA
P02,L0,L0_14k,14k,R,150,6,9.027718475877473,7.425230544404812,10.894563790783323,19.65248028481162,NA,NA,NA,NA,NA,NA,NA
P02,L0,L0_14k,14k,R,150,7,8.566688355776837,7.0793757262757575,10.35074299548705,20.21054604468555,NA,NA,NA,NA,NA,NA,NA
P02,L0,L0_14k,14k,R,150,8,7.860884209839375,6.472989060763908,9.475636884833937,21.16611808704984,NA,NA,NA,NA,NA,NA,NA
P02,L0,L0_14k,14k,R,150,9,7.657954496634337,6.319542281078224,9.179805869141912,21.467196646921224,NA,NA,NA,NA,NA,NA,NA
P02,L0,L0_14k,14k,R,150,10,7.6643854688331965,6.370054754269913,9.23730553015087,21.457455349116078,NA,NA,NA,NA,NA,NA,NA
P02,L0,L0_14k,14k,R,200,1,5.334995015175108,4.5203002225166955,6.28840442519213,26.216205068193137,NA,NA,NA,NA,NA,NA,NA
P02,L0,L0_14k,14k,R,200,2,5.085079650768597,4.167518587425183,6.152189604143177,26.94421720960133,NA,NA,NA,NA,NA,NA,NA
P02,L0,L0_14k,14k,R,200,3,4.503835558623588,3.7327744862727283,5.431702270202989,28.913548144445322,NA,NA,NA,NA,NA,NA,NA
P02,L0,L0_14k,14k,R,200,4,7.536824127409044,6.20305520578186,9.093006338239238,21.653220008810905,NA,NA,NA,NA,NA,NA,NA
P02,L0,L0_14k,14k,R,200,5,6.223939532954605,5.153852185114954,7.4621292071524365,24.045334825442595,NA,NA,NA,NA,NA,NA,NA
P02,L0,L0_14k,14k,R,200,6,7.854346949408514,6.4413413347798825,9.49624971581271,21.175618564567554,NA,NA,NA,NA,NA,NA,NA
P02,L0,L0_14k,14k,R,200,7,7.447882105443739,6.168265376937902,8.978540598850277,21.79296653578145,NA,NA,NA,NA,NA,NA,NA
P02,L0,L0_14k,14k,R,200,8,6.825622120018187,5.651444992832834,8.23161907603645,22.853848650803478,NA,NA,NA,NA,NA,NA,NA
P02,L0,L0_14k,14k,R,200,9,6.660704968031835,5.527729264667958,8.003138897018966,23.162409216487756,NA,NA,NA,NA,NA,NA,NA
P02,L0,L0_14k,14k,R,200,10,6.6729557690567685,5.503466947768007,8.024973280692036,23.139050092426363,NA,NA,NA,NA,NA,NA,NA
P02,L0,L0_14k,14k,R,250,1,9.18632623892206,7.6742154775334726,10.951597680389183,19.470979396059274,NA,NA,NA,NA,NA,NA,NA
P02,L0,L0_14k,14k,R,250,2,8.760506636752783,7.189477386016847,10.563342001120247,19.970163504386583,NA,NA,NA,NA,NA,NA,NA
P02,L0,L0_14k,14k,R,250,3,7.769506194208037,6.351234650773258,9.372274237980031,21.30009936115778,NA,NA,NA,NA,NA,NA,NA
P02,L0,L0_14k,14k,R,250,4,12.969735826201688,10.731131238928818,15.636683575045586,16.237169996825738,NA,NA,NA,NA,NA,NA,NA
P02,L0,L0_14k,14k,R,250,5,10.71262399886091,8.826362571454622,12.899845484578963,17.94883982921084,NA,NA,NA,NA,NA,NA,NA
P02,L0,L0_14k,14k,R,250,6,13.520034198917504,11.103760723786113,16.395871081110595,15.889328205485326,NA,NA,NA,NA,NA,NA,NA
P02,L0,L0_14k,14k,R,250,7,12.834054875184636,10.563436219117484,15.46333247682883,16.326510563255212,NA,NA,NA,NA,NA,NA,NA
P02,L0,L0_14k,14k,R,250,8,11.774555037818587,9.648597045457938,14.189383906049033,17.079061784447507,NA,NA,NA,NA,NA,NA,NA
P02,L0,L0_14k,14k,R,250,9,11.48050219488961,9.519242907121273,13.767543148999255,17.307131699856978,NA,NA,NA,NA,NA,NA,NA
P02,L0,L0_14k,14k,R,250,10,11.467561666771454,9.472111743300674,13.894046777470404,17.317380186545503,NA,NA,NA,NA,NA,NA,NA
P02,L0,L0_14k,14k,R,300,1,4.719392341129456,3.9522947812672564,5.621760255085104,28.132216807273075,NA,NA,NA,NA,NA,NA,NA
P02,L0,L0_14k,14k,R,300,2,4.499356688810488,3.7092350693068648,5.418050340299713,28.93050445375478,NA,NA,NA,NA,NA,NA,NA
P02,L0,L0_14k,14k,R,300,3,3.9894391816729198,3.298790950654994,4.777981793896592,31.088644793104955,NA,NA,NA,NA,NA,NA,NA
P02,L0,L0_14k,14k,R,300,4,6.668298900814712,5.5088932463137015,8.018173573477519,23.14792107749936,NA,NA,NA,NA,NA,NA,NA
P02,L0,L0_14k,14k,R,300,5,5.511598282562155,4.53291921282628,6.646710883022719,25.736896337184625,NA,NA,NA,NA,NA,NA,NA
P02,L0,L0_14k,14k,R,300,6,6.956090035776043,5.730715886970911,8.358646686380158,22.6184164542431,NA,NA,NA,NA,NA,NA,NA
P02,L0,L0_14k,14k,R,300,7,6.601739302527038,5.520357821315239,7.84186416271129,23.275856248974343,NA,NA,NA,NA,NA,NA,NA
P02,L0,L0_14k,14k,R,300,8,6.0448639047330985,4.962609484962056,7.3327047367624205,24.43832902051987,NA,NA,NA,NA,NA,NA,NA
P02,L0,L0_14k,14k,R,300,9,5.884739913983944,4.886540238340861,7.097200580420751,24.806937393512555,NA,NA,NA,NA,NA,NA,NA
P02,L0,L0_14k,14k,R,300,10,5.8990457788670145,4.8959581103310805,7.091572036499928,24.773308828400715,NA,NA,NA,NA,NA,NA,NA
P02,L0,L0_14k,14k,R,350,1,5.623377713507505,4.720602609017285,6.661623646901857,25.447126214455743,NA,NA,NA,NA,NA,NA,NA
P02,L0,L0_14k,14k,R,350,2,5.354077253207379,4.42971800162272,6.454393947377359,26.163083085827672,NA,NA,NA,NA,NA,NA,NA
P02,L0,L0_14k,14k,R,350,3,4.7479621113451556,3.9546618719711346,5.683692478640146,28.033496236988395,NA,NA,NA,NA,NA,NA,NA
P02,L0,L0_14k,14k,R,350,4,7.94068540885409,6.524186813036714,9.636706658352482,21.051175296205614,NA,NA,NA,NA,NA,NA,NA
P02,L0,L0_14k,14k,R,350,5,6.557353467573302,5.425749315769649,7.905930428824656,23.36237943379922,NA,NA,NA,NA,NA,NA,NA
P02,L0,L0_14k,14k,R,350,6,8.284481865033332,6.82499222350693,9.958183598195395,20.576730446067675,NA,NA,NA,NA,NA,NA,NA
P02,L0,L0_14k,14k,R,350,7,7.849979905771896,6.487337066118788,9.428907434665438,21.18197230679421,NA,NA,NA,NA,NA,NA,NA
P02,L0,L0_14k,14k,R,350,8,7.201970290241023,5.950219288728609,8.682651740488017,22.19406828959802,NA,NA,NA,NA,NA,NA,NA
P02,L0,L0_14k,14k,R,350,9,7.026180404614562,5.777501953733357,8.454105520698928,22.49494515198789,NA,NA,NA,NA,NA,NA,NA
P02,L0,L0_14k,14k,R,350,10,7.03425640380917,5.780330423955104,8.516237772856709,22.480849780831598,NA,NA,NA,NA,NA,NA,NA
P02,L1,L1_2k,2k,NR,50,1,4.931292135215083,4.17159770550909,5.861741185764103,27.424589123546028,0.23456760603975824,0.16198353659580905,0.3239234701119099,NA,NA,NA,NA
P02,L1,L1_2k,2k,NR,50,2,4.602292804920169,3.7156257826866907,5.674038241898112,28.54841735574409,0.29185815435141027,0.1887640996424073,0.41053641211920794,NA,NA,NA,NA
P02,L1,L1_2k,2k,NR,50,3,4.746422825712215,3.9036585837990674,5.777290801851918,28.0387877569401,0.31190540839502456,0.20772546279142093,0.42961235658460234,NA,NA,NA,NA
P02,L1,L1_2k,2k,NR,50,4,5.617711390102084,4.640005723182841,6.7874103951175435,25.461574164087118,0.1882795833088697,0.11463351595962981,0.283142014129596,NA,NA,NA,NA
P02,L1,L1_2k,2k,NR,50,5,5.346548219263557,4.3717162265802445,6.521267157767399,26.184003013578515,0.23246954945560522,0.14456956409921778,0.3467624305936254,NA,NA,NA,NA
P02,L1,L1_2k,2k,NR,50,6,5.012191251497617,4.082587484428862,6.123032907194307,27.16861696734373,0.18399159243925461,0.10782416215105234,0.2850292169984066,NA,NA,NA,NA
P02,L1,L1_2k,2k,NR,50,7,4.645597212965611,3.876641040767654,5.578582410418642,28.392286421263822,0.1421552456109142,0.07980172596029969,0.2330721595241674,NA,NA,NA,NA
P02,L1,L1_2k,2k,NR,50,8,4.352963871344569,3.5539221551123865,5.365998868612275,29.50227916252774,0.20055229122170148,0.11283355102848362,0.30937883645003106,NA,NA,NA,NA
P02,L1,L1_2k,2k,NR,50,9,4.935356506581051,3.9591125274180685,6.1108203600409015,27.411550329129362,0.23008239887252835,0.13907719163793325,0.34664092661950374,NA,NA,NA,NA
P02,L1,L1_2k,2k,NR,50,10,4.197469778339412,3.461603488431852,5.11617742998161,30.149665364078334,0.18265246402223503,0.10193237511779979,0.28875473714463973,NA,NA,NA,NA
P02,L1,L1_2k,2k,NR,100,1,4.931292135215083,4.17159770550909,5.861741185764103,27.424589123546028,0.18813724226132553,0.1255512855952815,0.2649568086372336,NA,NA,NA,NA
P02,L1,L1_2k,2k,NR,100,2,4.602292804920169,3.7156257826866907,5.674038241898112,28.54841735574409,0.2386237541777287,0.1508061788446214,0.3459773223474033,NA,NA,NA,NA
P02,L1,L1_2k,2k,NR,100,3,4.746422825712215,3.9036585837990674,5.777290801851918,28.0387877569401,0.2555909183475961,0.16681401845902405,0.36303340361221786,NA,NA,NA,NA
P02,L1,L1_2k,2k,NR,100,4,5.617711390102084,4.640005723182841,6.7874103951175435,25.461574164087118,0.14852314415769396,0.08869671945965565,0.23255430616656483,NA,NA,NA,NA
P02,L1,L1_2k,2k,NR,100,5,5.346548219263557,4.3717162265802445,6.521267157767399,26.184003013578515,0.18656853837682116,0.11290445294674868,0.281888643147338,NA,NA,NA,NA
P02,L1,L1_2k,2k,NR,100,6,5.012191251497617,4.082587484428862,6.123032907194307,27.16861696734373,0.14586162860934487,0.08396886041889348,0.23413951655496618,NA,NA,NA,NA
P02,L1,L1_2k,2k,NR,100,7,4.645597212965611,3.876641040767654,5.578582410418642,28.392286421263822,0.11111251087094912,0.06129620500666073,0.1839916443607154,NA,NA,NA,NA
P02,L1,L1_2k,2k,NR,100,8,4.352963871344569,3.5539221551123865,5.365998868612275,29.50227916252774,0.15928292638168742,0.09020003880611953,0.25478798384780876,NA,NA,NA,NA
P02,L1,L1_2k,2k,NR,100,9,4.935356506581051,3.9591125274180685,6.1108203600409015,27.411550329129362,0.18448614510294042,0.1103594247049532,0.28340251112308795,NA,NA,NA,NA
P02,L1,L1_2k,2k,NR,100,10,4.197469778339412,3.461603488431852,5.11617742998161,30.149665364078334,0.14454508639005836,0.07948852860532406,0.23587572430298842,NA,NA,NA,NA
P02,L1,L1_2k,2k,NR,150,1,4.931292135215083,4.17159770550909,5.861741185764103,27.424589123546028,0.21907703208833004,0.15065127813925108,0.30705562902901373,NA,NA,NA,NA
P02,L1,L1_2k,2k,NR,150,2,4.602292804920169,3.7156257826866907,5.674038241898112,28.54841735574409,0.27547480290004667,0.1787485191418291,0.3913977394325487,NA,NA,NA,NA
P02,L1,L1_2k,2k,NR,150,3,4.746422825712215,3.9036585837990674,5.777290801851918,28.0387877569401,0.29434915638471876,0.1946210754301038,0.41078681145718066,NA,NA,NA,NA
P02,L1,L1_2k,2k,NR,150,4,5.617711390102084,4.640005723182841,6.7874103951175435,25.461574164087118,0.17563183839487223,0.10494794589844549,0.2677282230734359,NA,NA,NA,NA
P02,L1,L1_2k,2k,NR,150,5,5.346548219263557,4.3717162265802445,6.521267157767399,26.184003013578515,0.21839136124645853,0.134822597707111,0.3285105097366057,NA,NA,NA,NA
P02,L1,L1_2k,2k,NR,150,6,5.012191251497617,4.082587484428862,6.123032907194307,27.16861696734373,0.1723134100255233,0.09889071634658902,0.26794316852796984,NA,NA,NA,NA
P02,L1,L1_2k,2k,NR,150,7,4.645597212965611,3.876641040767654,5.578582410418642,28.392286421263822,0.13176036759893842,0.07162790164275065,0.2175273864210355,NA,NA,NA,NA
P02,L1,L1_2k,2k,NR,150,8,4.352963871344569,3.5539221551123865,5.365998868612275,29.50227916252774,0.18743954125169054,0.1067005553217835,0.293903397335857,NA,NA,NA,NA
P02,L1,L1_2k,2k,NR,150,9,4.935356506581051,3.9591125274180685,6.1108203600409015,27.411550329129362,0.2158548622733762,0.1312040897500426,0.3269485815400089,NA,NA,NA,NA
P02,L1,L1_2k,2k,NR,150,10,4.197469778339412,3.461603488431852,5.11617742998161,30.149665364078334,0.17017397137081045,0.09703146739761025,0.2694359943864618,NA,NA,NA,NA
P02,L1,L1_2k,2k,NR,200,1,4.931292135215083,4.17159770550909,5.861741185764103,27.424589123546028,0.16635869519201268,0.10589368640588258,0.24338559616566388,NA,NA,NA,NA
P02,L1,L1_2k,2k,NR,200,2,4.602292804920169,3.7156257826866907,5.674038241898112,28.54841735574409,0.21149251608875247,0.12971439762459117,0.3179695713160519,NA,NA,NA,NA
P02,L1,L1_2k,2k,NR,200,3,4.746422825712215,3.9036585837990674,5.777290801851918,28.0387877569401,0.2275265815295528,0.1398501029043525,0.3375762579872682,NA,NA,NA,NA
P02,L1,L1_2k,2k,NR,200,4,5.617711390102084,4.640005723182841,6.7874103951175435,25.461574164087118,0.13063724373640967,0.07530306095625408,0.20964484811809875,NA,NA,NA,NA
P02,L1,L1_2k,2k,NR,200,5,5.346548219263557,4.3717162265802445,6.521267157767399,26.184003013578515,0.16509602844006338,0.09369168447004314,0.2606496161555392,NA,NA,NA,NA
P02,L1,L1_2k,2k,NR,200,6,5.012191251497617,4.082587484428862,6.123032907194307,27.16861696734373,0.12797804310968774,0.06998743977617272,0.20981522253606535,NA,NA,NA,NA
P02,L1,L1_2k,2k,NR,200,7,4.645597212965611,3.876641040767654,5.578582410418642,28.392286421263822,0.09725168922906052,0.050743686528229776,0.16898347543953618,NA,NA,NA,NA
P02,L1,L1_2k,2k,NR,200,8,4.352963871344569,3.5539221551123865,5.365998868612275,29.50227916252774,0.14025645421822708,0.07413409957566786,0.23041414656478837,NA,NA,NA,NA
P02,L1,L1_2k,2k,NR,200,9,4.935356506581051,3.9591125274180685,6.1108203600409015,27.411550329129362,0.16194965410789122,0.09299813026365494,0.258705098175975,NA,NA,NA,NA
P02,L1,L1_2k,2k,NR,200,10,4.197469778339412,3.461603488431852,5.11617742998161,30.149665364078334,0.12693506003720895,0.06678281770774445,0.21381762739453178,NA,NA,NA,NA
P02,L1,L1_2k,2k,NR,250,1,4.931292135215083,4.17159770550909,5.861741185764103,27.424589123546028,0.1417851734161328,0.08459370656200815,0.2156058667704855,NA,NA,NA,NA
P02,L1,L1_2k,2k,NR,250,2,4.602292804920169,3.7156257826866907,5.674038241898112,28.54841735574409,0.18154359662075548,0.10405316957173057,0.2827622802265898,NA,NA,NA,NA
P02,L1,L1_2k,2k,NR,250,3,4.746422825712215,3.9036585837990674,5.777290801851918,28.0387877569401,0.19665428974979882,0.11524391228379106,0.2994981005996883,NA,NA,NA,NA
P02,L1,L1_2k,2k,NR,250,4,5.617711390102084,4.640005723182841,6.7874103951175435,25.461574164087118,0.11098105842149572,0.05824322477901513,0.18657679915683353,NA,NA,NA,NA
P02,L1,L1_2k,2k,NR,250,5,5.346548219263557,4.3717162265802445,6.521267157767399,26.184003013578515,0.14055483494481408,0.07674602798672173,0.2313445801090757,NA,NA,NA,NA
P02,L1,L1_2k,2k,NR,250,6,5.012191251497617,4.082587484428862,6.123032907194307,27.16861696734373,0.10814163533534762,0.05422606129092991,0.1890914716146172,NA,NA,NA,NA
P02,L1,L1_2k,2k,NR,250,7,4.645597212965611,3.876641040767654,5.578582410418642,28.392286421263822,0.08162921804378544,0.040332587420353685,0.14785967443966763,NA,NA,NA,NA
P02,L1,L1_2k,2k,NR,250,8,4.352963871344569,3.5539221551123865,5.365998868612275,29.50227916252774,0.11853609522961164,0.06142522711662868,0.20033794294359736,NA,NA,NA,NA
P02,L1,L1_2k,2k,NR,250,9,4.935356506581051,3.9591125274180685,6.1108203600409015,27.411550329129362,0.13880085756233246,0.07486051157372213,0.2295602224300337,NA,NA,NA,NA
P02,L1,L1_2k,2k,NR,250,10,4.197469778339412,3.461603488431852,5.11617742998161,30.149665364078334,0.10717550958463015,0.05406858376332756,0.18612654791241456,NA,NA,NA,NA
P02,L1,L1_2k,2k,NR,300,1,4.931292135215083,4.17159770550909,5.861741185764103,27.424589123546028,0.08558258088083068,0.046264769055693565,0.1399629123253771,NA,NA,NA,NA
P02,L1,L1_2k,2k,NR,300,2,4.602292804920169,3.7156257826866907,5.674038241898112,28.54841735574409,0.11189130014400767,0.05630395192773123,0.19169307338594857,NA,NA,NA,NA
P02,L1,L1_2k,2k,NR,300,3,4.746422825712215,3.9036585837990674,5.777290801851918,28.0387877569401,0.12155387655643746,0.06422745359394848,0.2040841660867544,NA,NA,NA,NA
P02,L1,L1_2k,2k,NR,300,4,5.617711390102084,4.640005723182841,6.7874103951175435,25.461574164087118,0.0659847513156613,0.031903131933326605,0.11682543129468964,NA,NA,NA,NA
P02,L1,L1_2k,2k,NR,300,5,5.346548219263557,4.3717162265802445,6.521267157767399,26.184003013578515,0.08483770097418966,0.04160160471694122,0.15074011574258003,NA,NA,NA,NA
P02,L1,L1_2k,2k,NR,300,6,5.012191251497617,4.082587484428862,6.123032907194307,27.16861696734373,0.06410237605166272,0.030825422850602743,0.11879599673999044,NA,NA,NA,NA
P02,L1,L1_2k,2k,NR,300,7,4.645597212965611,3.876641040767654,5.578582410418642,28.392286421263822,0.0476831635819379,0.02196393594994377,0.09128453687527138,NA,NA,NA,NA
P02,L1,L1_2k,2k,NR,300,8,4.352963871344569,3.5539221551123865,5.365998868612275,29.50227916252774,0.07101049178524799,0.0334756053721588,0.13150073109007984,NA,NA,NA,NA
P02,L1,L1_2k,2k,NR,300,9,4.935356506581051,3.9591125274180685,6.1108203600409015,27.411550329129362,0.0832440864191871,0.041682203258715064,0.14861149829733689,NA,NA,NA,NA
P02,L1,L1_2k,2k,NR,300,10,4.197469778339412,3.461603488431852,5.11617742998161,30.149665364078334,0.06376619878710824,0.029572797768112113,0.11960137657271293,NA,NA,NA,NA
P02,L1,L1_2k,2k,NR,350,1,4.931292135215083,4.17159770550909,5.861741185764103,27.424589123546028,0.19115630446879286,0.12935010456059826,0.2680853715793568,NA,NA,NA,NA
P02,L1,L1_2k,2k,NR,350,2,4.602292804920169,3.7156257826866907,5.674038241898112,28.54841735574409,0.2417668870532927,0.15234776111039866,0.35054690748415135,NA,NA,NA,NA
P02,L1,L1_2k,2k,NR,350,3,4.746422825712215,3.9036585837990674,5.777290801851918,28.0387877569401,0.2591164991645936,0.17007592221136358,0.3667703540199486,NA,NA,NA,NA
P02,L1,L1_2k,2k,NR,350,4,5.617711390102084,4.640005723182841,6.7874103951175435,25.461574164087118,0.15118092234052388,0.09165194356862276,0.23221096706165348,NA,NA,NA,NA
P02,L1,L1_2k,2k,NR,350,5,5.346548219263557,4.3717162265802445,6.521267157767399,26.184003013578515,0.18930761698756438,0.11667796731688751,0.28699481629760265,NA,NA,NA,NA
P02,L1,L1_2k,2k,NR,350,6,5.012191251497617,4.082587484428862,6.123032907194307,27.16861696734373,0.1485996516238346,0.08515699552363783,0.2336864061068812,NA,NA,NA,NA
P02,L1,L1_2k,2k,NR,350,7,4.645597212965611,3.876641040767654,5.578582410418642,28.392286421263822,0.11314974176551348,0.06056749951128915,0.1904260862940904,NA,NA,NA,NA
P02,L1,L1_2k,2k,NR,350,8,4.352963871344569,3.5539221551123865,5.365998868612275,29.50227916252774,0.16221122068912872,0.09177871176882893,0.25785639907543206,NA,NA,NA,NA
P02,L1,L1_2k,2k,NR,350,9,4.935356506581051,3.9591125274180685,6.1108203600409015,27.411550329129362,0.1872934204903031,0.11225255931942105,0.2841012043489112,NA,NA,NA,NA
P02,L1,L1_2k,2k,NR,350,10,4.197469778339412,3.461603488431852,5.11617742998161,30.149665364078334,0.1460719364269888,0.0801568321244844,0.24291979346956505,NA,NA,NA,NA
P02,L1,L1_2k,2k,R,50,1,10.899488919659735,9.433478646280474,12.700180552284248,17.786102225669975,0.08361489673350986,0.04964092704558384,0.1329651219224032,NA,NA,NA,NA
P02,L1,L1_2k,2k,R,50,2,10.179916902991835,8.29490772826411,12.339842659765845,18.438591714573015,0.1096877999252775,0.06259373648334988,0.1800658809836783,NA,NA,NA,NA
P02,L1,L1_2k,2k,R,50,3,10.47664053532591,8.704044563334397,12.646014398934604,18.16090823811565,0.11916422687761766,0.06718223582695415,0.19518742525486826,NA,NA,NA,NA
P02,L1,L1_2k,2k,R,50,4,12.419359399938598,10.379675157188737,14.712173926096513,16.60901892638192,0.06479359367773216,0.033631810191856876,0.11417403178706227,NA,NA,NA,NA
P02,L1,L1_2k,2k,R,50,5,11.807287966401963,9.805716501948138,14.210638803895254,17.054229405802108,0.08320676345418257,0.04485110342432753,0.14269203215361909,NA,NA,NA,NA
P02,L1,L1_2k,2k,R,50,6,11.058980390278034,9.21027087932491,13.41153842345609,17.65066253035631,0.06323686168391918,0.032179397798948246,0.1118293192460372,NA,NA,NA,NA
P02,L1,L1_2k,2k,R,50,7,10.275977986689464,8.641993239564066,12.171972160116434,18.3472988662274,0.04703826666698633,0.023204901929089278,0.08798110857316395,NA,NA,NA,NA
P02,L1,L1_2k,2k,R,50,8,9.627314621715012,8.01838189655778,11.578532826994351,18.991747051605525,0.06985237366444294,0.035035686195409095,0.12435456476454897,NA,NA,NA,NA
P02,L1,L1_2k,2k,R,50,9,10.895884545658006,8.946031929676964,13.154840075264776,17.78919930985427,0.08244307094753056,0.043536215261504405,0.14060590673794238,NA,NA,NA,NA
P02,L1,L1_2k,2k,R,50,10,9.276605633741188,7.767931638357863,11.007392911221062,19.369901640081288,0.06254583196362064,0.031725539789608015,0.11326826011023601,NA,NA,NA,NA
P02,L1,L1_2k,2k,R,100,1,10.899488919659735,9.433478646280474,12.700180552284248,17.786102225669975,0.08808795824813676,0.05051777054996888,0.13996454497123909,NA,NA,NA,NA
P02,L1,L1_2k,2k,R,100,2,10.179916902991835,8.29490772826411,12.339842659765845,18.438591714573015,0.1153007522698884,0.0632011993282948,0.19146664847395303,NA,NA,NA,NA
P02,L1,L1_2k,2k,R,100,3,10.47664053532591,8.704044563334397,12.646014398934604,18.16090823811565,0.12514628461770672,0.06777301353152555,0.20490184530629985,NA,NA,NA,NA
P02,L1,L1_2k,2k,R,100,4,12.419359399938598,10.379675157188737,14.712173926096513,16.60901892638192,0.06775857979535488,0.035245469972907825,0.1199446029291197,NA,NA,NA,NA
P02,L1,L1_2k,2k,R,100,5,11.807287966401963,9.805716501948138,14.210638803895254,17.054229405802108,0.08770578940145879,0.04558849802511281,0.15209375820446377,NA,NA,NA,NA
P02,L1,L1_2k,2k,R,100,6,11.058980390278034,9.21027087932491,13.41153842345609,17.65066253035631,0.06617338371863069,0.033524722010526926,0.12017664380293172,NA,NA,NA,NA
P02,L1,L1_2k,2k,R,100,7,10.275977986689464,8.641993239564066,12.171972160116434,18.3472988662274,0.04953602361018072,0.02406732544898416,0.0927222796647125,NA,NA,NA,NA
P02,L1,L1_2k,2k,R,100,8,9.627314621715012,8.01838189655778,11.578532826994351,18.991747051605525,0.072851064945986,0.03658650770064623,0.130470911869707,NA,NA,NA,NA
P02,L1,L1_2k,2k,R,100,9,10.895884545658006,8.946031929676964,13.154840075264776,17.78919930985427,0.08611469623587648,0.0454419408814788,0.14708494942017392,NA,NA,NA,NA
P02,L1,L1_2k,2k,R,100,10,9.276605633741188,7.767931638357863,11.007392911221062,19.369901640081288,0.0655863199872907,0.03307092063697517,0.11770569570391273,NA,NA,NA,NA
P02,L1,L1_2k,2k,R,150,1,10.899488919659735,9.433478646280474,12.700180552284248,17.786102225669975,0.044683408046097106,0.020489447648305462,0.08294942113967231,NA,NA,NA,NA
P02,L1,L1_2k,2k,R,150,2,10.179916902991835,8.29490772826411,12.339842659765845,18.438591714573015,0.05924852498494007,0.025256355237062274,0.11558247698777371,NA,NA,NA,NA
P02,L1,L1_2k,2k,R,150,3,10.47664053532591,8.704044563334397,12.646014398934604,18.16090823811565,0.064412854519937085,0.02861016640749389,0.12578208586438572,NA,NA,NA,NA
P02,L1,L1_2k,2k,R,150,4,12.419359399938598,10.379675157188737,14.712173926096513,16.60901892638192,0.033818075911972154,0.014231143640880404,0.06915377906172487,NA,NA,NA,NA
P02,L1,L1_2k,2k,R,150,5,11.807287966401963,9.805716501948138,14.210638803895254,17.054229405802108,0.044150968303821835,0.019178523930388987,0.08835669563112726,NA,NA,NA,NA
P02,L1,L1_2k,2k,R,150,6,11.058980390278034,9.21027087932491,13.41153842345609,17.65066253035631,0.03299598498883939,0.013697686978553225,0.06869233244994634,NA,NA,NA,NA
P02,L1,L1_2k,2k,R,150,7,10.275977986689464,8.641993239564066,12.171972160116434,18.3472988662274,0.024474195736282962,0.01008487807387169,0.05260215644440292,NA,NA,NA,NA
P02,L1,L1_2k,2k,R,150,8,9.627314621715012,8.01838189655778,11.578532826994351,18.991747051605525,0.0366551501603954,0.0150993244353787,0.07575400521150719,NA,NA,NA,NA
P02,L1,L1_2k,2k,R,150,9,10.895884545658006,8.946031929676964,13.154840075264776,17.78919930985427,0.043335181934268496,0.018500298159081528,0.08732013080437874,NA,NA,NA,NA
P02,L1,L1_2k,2k,R,150,10,9.276605633741188,7.767931638357863,11.007392911221062,19.369901640081288,0.03257690509510967,0.013549430036773261,0.0686904675956745,NA,NA,NA,NA
P02,L1,L1_2k,2k,R,200,1,10.899488919659735,9.433478646280474,12.700180552284248,17.786102225669975,0.042892677890107825,0.020104522265977868,0.07980563339505119,NA,NA,NA,NA
P02,L1,L1_2k,2k,R,200,2,10.179916902991835,8.29490772826411,12.339842659765845,18.438591714573015,0.05691344700009722,0.025508195057819576,0.11100174154685132,NA,NA,NA,NA
P02,L1,L1_2k,2k,R,200,3,10.47664053532591,8.704044563334397,12.646014398934604,18.16090823811565,0.062348266363453315,0.02810935856773318,0.11841855986471775,NA,NA,NA,NA
P02,L1,L1_2k,2k,R,200,4,12.419359399938598,10.379675157188737,14.712173926096513,16.60901892638192,0.03274427356793106,0.014157227953966848,0.06594798083959834,NA,NA,NA,NA
P02,L1,L1_2k,2k,R,200,5,11.807287966401963,9.805716501948138,14.210638803895254,17.054229405802108,0.04250662818706856,0.018583460463268833,0.0840161011236879,NA,NA,NA,NA
P02,L1,L1_2k,2k,R,200,6,11.058980390278034,9.21027087932491,13.41153842345609,17.65066253035631,0.031798052199318444,0.013754226366185488,0.06475580676334626,NA,NA,NA,NA
P02,L1,L1_2k,2k,R,200,7,10.275977986689464,8.641993239564066,12.171972160116434,18.3472988662274,0.023656804363273862,0.009668921699642525,0.050412282118685495,NA,NA,NA,NA
P02,L1,L1_2k,2k,R,200,8,9.627314621715012,8.01838189655778,11.578532826994351,18.991747051605525,0.03522538296747965,0.014516667971123122,0.07324515457828587,NA,NA,NA,NA
P02,L1,L1_2k,2k,R,200,9,10.895884545658006,8.946031929676964,13.154840075264776,17.78919930985427,0.04163234201041617,0.017896606502910858,0.08477995333013325,NA,NA,NA,NA
P02,L1,L1_2k,2k,R,200,10,9.276605633741188,7.767931638357863,11.007392911221062,19.369901640081288,0.03158669935261863,0.013235327231002653,0.06552170245099735,NA,NA,NA,NA
P02,L1,L1_2k,2k,R,250,1,10.899488919659735,9.433478646280474,12.700180552284248,17.786102225669975,0.012707381372757284,0.003874690115034925,0.03258326773237434,NA,NA,NA,NA
P02,L1,L1_2k,2k,R,250,2,10.179916902991835,8.29490772826411,12.339842659765845,18.438591714573015,0.017089008878501333,0.00498703504324076,0.04695629228463672,NA,NA,NA,NA
P02,L1,L1_2k,2k,R,250,3,10.47664053532591,8.704044563334397,12.646014398934604,18.16090823811565,0.018806279095440314,0.005463899205599498,0.05026906406265291,NA,NA,NA,NA
P02,L1,L1_2k,2k,R,250,4,12.419359399938598,10.379675157188737,14.712173926096513,16.60901892638192,0.009619950976164958,0.002721969141236662,0.026899298550412287,NA,NA,NA,NA
P02,L1,L1_2k,2k,R,250,5,11.807287966401963,9.805716501948138,14.210638803895254,17.054229405802108,0.012579986792131216,0.0035715665666239764,0.034803907358183596,NA,NA,NA,NA
P02,L1,L1_2k,2k,R,250,6,11.058980390278034,9.21027087932491,13.41153842345609,17.65066253035631,0.009340925327065194,0.002607825503820125,0.026855420584245247,NA,NA,NA,NA
P02,L1,L1_2k,2k,R,250,7,10.275977986689464,8.641993239564066,12.171972160116434,18.3472988662274,0.00691844763052764,0.0019167221920255312,0.01964494793993803,NA,NA,NA,NA
P02,L1,L1_2k,2k,R,250,8,9.627314621715012,8.01838189655778,11.578532826994351,18.991747051605525,0.010421216968010797,0.0028673160399278162,0.02927197942573199,NA,NA,NA,NA
P02,L1,L1_2k,2k,R,250,9,10.895884545658006,8.946031929676964,13.154840075264776,17.78919930985427,0.012380726361479404,0.0035043766409038426,0.03446130434757247,NA,NA,NA,NA
P02,L1,L1_2k,2k,R,250,10,9.276605633741188,7.767931638357863,11.007392911221062,19.369901640081288,0.009215716713374681,0.0026052777571611493,0.026801110013681653,NA,NA,NA,NA
P02,L1,L1_2k,2k,R,300,1,10.899488919659735,9.433478646280474,12.700180552284248,17.786102225669975,0.0569104377156282,0.02748557905576306,0.09951698151992737,NA,NA,NA,NA
P02,L1,L1_2k,2k,R,300,2,10.179916902991835,8.29490772826411,12.339842659765845,18.438591714573015,0.0749497626142493,0.03506111633994229,0.1360017720634769,NA,NA,NA,NA
P02,L1,L1_2k,2k,R,300,3,10.47664053532591,8.704044563334397,12.646014398934604,18.16090823811565,0.08185174142190411,0.03845654842896699,0.1484935854563765,NA,NA,NA,NA
P02,L1,L1_2k,2k,R,300,4,12.419359399938598,10.379675157188737,14.712173926096513,16.60901892638192,0.043328743400377755,0.019393551466488506,0.08372641847061157,NA,NA,NA,NA
P02,L1,L1_2k,2k,R,300,5,11.807287966401963,9.805716501948138,14.210638803895254,17.054229405802108,0.05595457705712435,0.02539464261269249,0.1085074760529483,NA,NA,NA,NA
P02,L1,L1_2k,2k,R,300,6,11.058980390278034,9.21027087932491,13.41153842345609,17.65066253035631,0.041910236198507006,0.018399372936180488,0.08428120857467644,NA,NA,NA,NA
P02,L1,L1_2k,2k,R,300,7,10.275977986689464,8.641993239564066,12.171972160116434,18.3472988662274,0.03128856745930048,0.013107109282799914,0.06521721684801979,NA,NA,NA,NA
P02,L1,L1_2k,2k,R,300,8,9.627314621715012,8.01838189655778,11.578532826994351,18.991747051605525,0.04668061188899883,0.020391103161776947,0.08997968164484758,NA,NA,NA,NA
P02,L1,L1_2k,2k,R,300,9,10.895884545658006,8.946031929676964,13.154840075264776,17.78919930985427,0.055445424453298475,0.02524823850240637,0.10526441671898734,NA,NA,NA,NA
P02,L1,L1_2k,2k,R,300,10,9.276605633741188,7.767931638357863,11.007392911221062,19.369901640081288,0.04176265035606002,0.01800117387659192,0.08352608098321998,NA,NA,NA,NA
P02,L1,L1_2k,2k,R,350,1,10.899488919659735,9.433478646280474,12.700180552284248,17.786102225669975,0.03770303874795072,0.01745504283411244,0.07099603140392056,NA,NA,NA,NA
P02,L1,L1_2k,2k,R,350,2,10.179916902991835,8.29490772826411,12.339842659765845,18.438591714573015,0.05003126261791504,0.021533649316426987,0.1001229574434865,NA,NA,NA,NA
P02,L1,L1_2k,2k,R,350,3,10.47664053532591,8.704044563334397,12.646014398934604,18.16090823811565,0.054425882010269704,0.024843185278500782,0.1058546465353907,NA,NA,NA,NA
P02,L1,L1_2k,2k,R,350,4,12.419359399938598,10.379675157188737,14.712173926096513,16.60901892638192,0.0286635110117858,0.012024108831148876,0.05936339322310654,NA,NA,NA,NA
P02,L1,L1_2k,2k,R,350,5,11.807287966401963,9.805716501948138,14.210638803895254,17.054229405802108,0.037265281709539924,0.01607505093954117,0.07617181368953999,NA,NA,NA,NA
P02,L1,L1_2k,2k,R,350,6,11.058980390278034,9.21027087932491,13.41153842345609,17.65066253035631,0.028012358717411215,0.011562242991061544,0.05972448061882981,NA,NA,NA,NA
P02,L1,L1_2k,2k,R,350,7,10.275977986689464,8.641993239564066,12.171972160116434,18.3472988662274,0.020605345080388193,0.008329495500201227,0.044949872961630694,NA,NA,NA,NA
P02,L1,L1_2k,2k,R,350,8,9.627314621715012,8.01838189655778,11.578532826994351,18.991747051605525,0.030881766150253405,0.012910026972508936,0.06389550385675144,NA,NA,NA,NA
P02,L1,L1_2k,2k,R,350,9,10.895884545658006,8.946031929676964,13.154840075264776,17.78919930985427,0.0366666755967259,0.015552323252896126,0.0755620727413764,NA,NA,NA,NA
P02,L1,L1_2k,2k,R,350,10,9.276605633741188,7.767931638357863,11.007392911221062,19.369901640081288,0.027845668679421554,0.011232537196836543,0.05913140174278291,NA,NA,NA,NA
P02,L1,L1_14k,14k,NR,50,1,3.991977834273006,2.946438487669555,5.5955589168741735,31.076637978563383,0.19363397814650485,0.1100751130935203,0.2931896999655053,NA,NA,NA,NA
P02,L1,L1_14k,14k,NR,50,2,3.7807680838234443,2.67569833295769,5.438753538413464,32.12696593867897,0.2539998745123237,0.1394788129226648,0.3832534936521556,NA,NA,NA,NA
P02,L1,L1_14k,14k,NR,50,3,3.8322489646309688,2.7361306618786947,5.467090618059679,31.86097924845119,0.26221512989109763,0.14573461963157328,0.4002476665786661,NA,NA,NA,NA
P02,L1,L1_14k,14k,NR,50,4,4.432764187239496,3.209901061403279,6.213049692875162,29.18630640232763,0.14942498578603486,0.0752681050867565,0.2483449221610855,NA,NA,NA,NA
P02,L1,L1_14k,14k,NR,50,5,4.393442362318735,3.1895881982638006,6.15035532447849,29.340685886949622,0.19617576793658145,0.10367210785738583,0.3145707040920403,NA,NA,NA,NA
P02,L1,L1_14k,14k,NR,50,6,3.906461935431253,2.775776271933807,5.651629725712277,31.489104466384585,0.13960760809752554,0.06556250717089956,0.24576281060980118,NA,NA,NA,NA
P02,L1,L1_14k,14k,NR,50,7,3.825042481032776,2.792993634396448,5.377046475960239,31.897809299005086,0.11482529945166264,0.055213747071893776,0.20536949403206,NA,NA,NA,NA
P02,L1,L1_14k,14k,NR,50,8,3.5844386579529846,2.586183093936657,5.158569724819235,33.20693479279648,0.171777204415629,0.08533735295923424,0.296671217221186,NA,NA,NA,NA
P02,L1,L1_14k,14k,NR,50,9,3.7986129828348476,2.7277259328471968,5.445962194024027,32.034001826551574,0.17324939268106354,0.08673653019054509,0.2934079541440552,NA,NA,NA,NA
P02,L1,L1_14k,14k,NR,50,10,3.3228960602894526,2.4234542162688846,4.774485476972398,34.830762729305754,0.1490549308841309,0.07091722354009292,0.26017747351409604,NA,NA,NA,NA
P02,L1,L1_14k,14k,NR,100,1,5.410174243844661,4.124084455770385,7.019573731873615,26.00882151902066,0.19847602059665723,0.13052418821996878,0.28119570870278887,NA,NA,NA,NA
P02,L1,L1_14k,14k,NR,100,2,5.121462946622104,3.7504556880895037,6.927551205635072,26.83433034991884,0.25940801357301557,0.16537281781814986,0.3751124222969331,NA,NA,NA,NA
P02,L1,L1_14k,14k,NR,100,3,5.187319013603354,3.8754209773552697,6.90183410610524,26.638905666091183,0.268407495470583,0.17607327674114867,0.3808384388021607,NA,NA,NA,NA
P02,L1,L1_14k,14k,NR,100,4,6.013502533648866,4.448081876210404,8.002840334824473,24.50920079615574,0.1531697517003957,0.08705104162371524,0.24322207648293645,NA,NA,NA,NA
P02,L1,L1_14k,14k,NR,100,5,5.934342539974738,4.422302204611821,7.951625041570618,24.690932242060814,0.20022888958625384,0.12281693360058223,0.3027942717504291,NA,NA,NA,NA
P02,L1,L1_14k,14k,NR,100,6,5.28802300355774,3.96247019503154,7.029479350123023,26.348400717719812,0.1437259002767207,0.07909824358468619,0.23313673076489067,NA,NA,NA,NA
P02,L1,L1_14k,14k,NR,100,7,5.171634608771576,3.92519877173872,6.7435573238427216,26.685048788599715,0.11763164835072895,0.06520285740145518,0.19394853000965148,NA,NA,NA,NA
P02,L1,L1_14k,14k,NR,100,8,4.836578430902779,3.6213821691132715,6.578425947531587,27.733989137127043,0.17662769357088748,0.09860869790728718,0.2840814884687956,NA,NA,NA,NA
P02,L1,L1_14k,14k,NR,100,9,5.162352811103687,3.810293545411287,6.827942789417753,26.712472337958868,0.17718922217471975,0.10379457890169377,0.27492304948532054,NA,NA,NA,NA
P02,L1,L1_14k,14k,NR,100,10,4.503865914617149,3.3605905730115593,6.0777008513958,28.913433326443688,0.15411455613006436,0.08220760142980094,0.2550159405811244,NA,NA,NA,NA
P02,L1,L1_14k,14k,NR,150,1,4.041034204214465,2.9671595532650112,5.473355511075006,30.847383535317718,0.18574011784031974,0.10161171968040635,0.2819240252924527,NA,NA,NA,NA
P02,L1,L1_14k,14k,NR,150,2,3.8315953054932153,2.678376335352091,5.417425090347895,31.864314543257155,0.2424083076995212,0.13236115117115588,0.37552074326925544,NA,NA,NA,NA
P02,L1,L1_14k,14k,NR,150,3,3.8826643343275076,2.7760013715404797,5.440005397351544,31.606903534031172,0.2520166356971548,0.13867048182620617,0.3821143710413733,NA,NA,NA,NA
P02,L1,L1_14k,14k,NR,150,4,4.473894334092261,3.2261976533134016,6.22953473680289,29.02749033739532,0.14212729215031533,0.06942989471985815,0.24154629512537357,NA,NA,NA,NA
P02,L1,L1_14k,14k,NR,150,5,4.443184752875641,3.1581990142002003,6.17878928517908,29.145814797723048,0.18645644924331872,0.09713338700494153,0.29951765793319535,NA,NA,NA,NA
P02,L1,L1_14k,14k,NR,150,6,3.968406665836797,2.7984939058812817,5.558634353906822,31.18867118305019,0.1331474292460271,0.060549015729531114,0.23056705764534746,NA,NA,NA,NA
P02,L1,L1_14k,14k,NR,150,7,3.871064433170858,2.786766220442985,5.352610988711132,31.664814387699415,0.10851605150143662,0.05173943954163064,0.19690239517180463,NA,NA,NA,NA
P02,L1,L1_14k,14k,NR,150,8,3.629858102041048,2.6357526829430635,5.018639157726301,32.94735115752718,0.16336190777344045,0.08115756223116863,0.2733541662832518,NA,NA,NA,NA
P02,L1,L1_14k,14k,NR,150,9,3.850739474189884,2.698214919181127,5.4817861916297135,31.767070655310366,0.16567452681301936,0.07921186292557245,0.2796125520059831,NA,NA,NA,NA
P02,L1,L1_14k,14k,NR,150,10,3.3745611899634023,2.4206289363703086,4.7119922475014615,34.49132355410505,0.14216438702661557,0.06783353213804856,0.24700459061470367,NA,NA,NA,NA
P02,L1,L1_14k,14k,NR,200,1,4.360696316003478,3.2621390203879104,5.754761825994907,29.471197638062307,0.14490727660989527,0.0760474771873257,0.23035598911128877,NA,NA,NA,NA
P02,L1,L1_14k,14k,NR,200,2,4.108406767339362,2.9557673750436577,5.688865619994764,30.54084665933763,0.19404513258391115,0.09946882854039313,0.3101259965062048,NA,NA,NA,NA
P02,L1,L1_14k,14k,NR,200,3,4.1792065313902125,3.0352307583111853,5.711135695927377,30.22862075078737,0.20121483211322796,0.10380230976298177,0.3169671080834459,NA,NA,NA,NA
P02,L1,L1_14k,14k,NR,200,4,4.817844183411193,3.5533633871316526,6.548002418321985,27.796480358183388,0.10973469645682157,0.05204031447283422,0.19457475833769164,NA,NA,NA,NA
P02,L1,L1_14k,14k,NR,200,5,4.7749616860321336,3.414032959758844,6.5829899972870445,27.94118193912094,0.14615884306322496,0.0692406044234219,0.25359760373026247,NA,NA,NA,NA
P02,L1,L1_14k,14k,NR,200,6,4.261505018103833,3.075324890149896,5.871132920497139,29.877779817371874,0.10221572825563817,0.0464257414488993,0.1888166487775526,NA,NA,NA,NA
P02,L1,L1_14k,14k,NR,200,7,4.161553599620174,3.091057495326865,5.561923657571558,30.305547625674244,0.0840436141589733,0.03767571782440649,0.15739692540588449,NA,NA,NA,NA
P02,L1,L1_14k,14k,NR,200,8,3.8964718574818287,2.8310539511322723,5.459383371948611,31.53839190394821,0.12720614342777808,0.05727401271351115,0.23330464315497867,NA,NA,NA,NA
P02,L1,L1_14k,14k,NR,200,9,4.143316551440041,3.015831783254441,5.704235897033838,30.38565791626039,0.12908132085888652,0.060615990569182855,0.22678488451886894,NA,NA,NA,NA
P02,L1,L1_14k,14k,NR,200,10,3.625300189462488,2.6371524919541884,4.9795393547708535,32.97312517193802,0.10993984247849868,0.048958461438780486,0.20255772005633976,NA,NA,NA,NA
P02,L1,L1_14k,14k,NR,250,1,3.7026437821453912,2.7964317253260016,5.042609558068236,32.54383843195628,0.0877139552445502,0.022381716854092983,0.1711790485868516,NA,NA,NA,NA
P02,L1,L1_14k,14k,NR,250,2,3.5080427768541598,2.531091708075992,4.9744982985335895,33.657768235959104,0.1197945352488026,0.029967507575823376,0.2374631972941612,NA,NA,NA,NA
P02,L1,L1_14k,14k,NR,250,3,3.5619079598979266,2.5825561112115056,4.953493198712921,33.338007655843946,0.12417425184308387,0.033121590971750596,0.24490381488826726,NA,NA,NA,NA
P02,L1,L1_14k,14k,NR,250,4,4.107647351303657,3.020343677144147,5.737945233082669,30.54424979823502,0.06468784501265568,0.015439702983660182,0.14048354651139458,NA,NA,NA,NA
P02,L1,L1_14k,14k,NR,250,5,4.064968234238085,2.968203632024564,5.68430072888392,30.737404420549115,0.08856884320272754,0.021729447667482235,0.18616556196227171,NA,NA,NA,NA
P02,L1,L1_14k,14k,NR,250,6,3.6277160629600917,2.6700624754042765,5.078386651295102,32.95945635709604,0.06036003797031335,0.014201181623593196,0.1391893199281286,NA,NA,NA,NA
P02,L1,L1_14k,14k,NR,250,7,3.5475880662771244,2.6157523706084906,4.865963721651865,33.42212579178628,0.048760293905656074,0.011486074154168859,0.11310771346977792,NA,NA,NA,NA
P02,L1,L1_14k,14k,NR,250,8,3.334580519310112,2.434141668946138,4.6252950720901245,34.75313575195167,0.07587157480596605,0.019440864935095628,0.16183283736025633,NA,NA,NA,NA
P02,L1,L1_14k,14k,NR,250,9,3.5419885119055485,2.529139321090505,4.935967721849012,33.45519233398044,0.07718466928938317,0.018151648946308337,0.16779913471236577,NA,NA,NA,NA
P02,L1,L1_14k,14k,NR,250,10,3.100642211397319,2.2393947301680783,4.318258467511423,36.410733140227684,0.06428410808903492,0.014769261244213924,0.14882706852946814,NA,NA,NA,NA
P02,L1,L1_14k,14k,NR,300,1,6.911216351955338,5.423839218027682,8.680604487665235,22.6985571438327,0.10848151326692815,0.06355897567246076,0.1670714265818646,NA,NA,NA,NA
P02,L1,L1_14k,14k,NR,300,2,6.539862037478597,4.8930443697235,8.60600867281599,23.39674680366995,0.14676144906269517,0.08314035747194903,0.23424260765493796,NA,NA,NA,NA
P02,L1,L1_14k,14k,NR,300,3,6.6214863740581995,5.025748087141445,8.68756507300353,23.237675342564312,0.15337473327912063,0.08771028133424204,0.24202182615375423,NA,NA,NA,NA
P02,L1,L1_14k,14k,NR,300,4,7.6681183076214,5.9186450961244255,9.755690361264293,21.451807183181725,0.08111271770065058,0.04219121042453206,0.14286103224546418,NA,NA,NA,NA
P02,L1,L1_14k,14k,NR,300,5,7.57618875281255,5.803043695460671,9.78983634175254,21.592231528972835,0.10962825345808513,0.06042652580254723,0.18229556236413355,NA,NA,NA,NA
P02,L1,L1_14k,14k,NR,300,6,6.77584006564697,5.174104770984487,8.698019731324125,22.945668587789008,0.07584879300215289,0.038178629435528265,0.13598792159821857,NA,NA,NA,NA
P02,L1,L1_14k,14k,NR,300,7,6.594369510906292,5.092796328447936,8.463097713287414,23.290154831353558,0.06156481090063995,0.030060257112463244,0.11173459076877541,NA,NA,NA,NA
P02,L1,L1_14k,14k,NR,300,8,6.203187980129666,4.742956271632094,8.10446974890041,24.089886733891046,0.0954846965982909,0.048462753865589715,0.16758969808257076,NA,NA,NA,NA
P02,L1,L1_14k,14k,NR,300,9,6.580923245433206,5.101386813302389,8.513467318924864,23.31631193902118,0.09589970923063437,0.05016353503015241,0.16722392286491522,NA,NA,NA,NA
P02,L1,L1_14k,14k,NR,300,10,5.755637648163587,4.460117633486115,7.444128716046598,25.11689843377654,0.08181105771907815,0.040427761912462334,0.1468937921837607,NA,NA,NA,NA
P02,L1,L1_14k,14k,NR,350,1,6.837599707362555,5.004773916643517,9.28400468030345,22.831923223253817,0.23142636141926204,0.15636243357496604,0.3194924255943881,NA,NA,NA,NA
P02,L1,L1_14k,14k,NR,350,2,6.465739928464201,4.523491019950917,9.180374367583852,23.544114539573513,0.29914970843921684,0.19655660842291992,0.4214849779065768,NA,NA,NA,NA
P02,L1,L1_14k,14k,NR,350,3,6.564796759008157,4.656189486645074,9.142998489842517,23.347801415178093,0.3085405546952754,0.2045441447608565,0.43150175878925706,NA,NA,NA,NA
P02,L1,L1_14k,14k,NR,350,4,7.586873696111184,5.530218105687349,10.433448793491563,21.575766787915427,0.1801395122737508,0.10823817981997583,0.2763368679351561,NA,NA,NA,NA
P02,L1,L1_14k,14k,NR,350,5,7.464152193901626,5.297393080260353,10.768590345448548,21.76719832091402,0.2341663839581072,0.1431497367469208,0.3489992860347912,NA,NA,NA,NA
P02,L1,L1_14k,14k,NR,350,6,6.715752352022376,4.697351671126246,9.356390598901875,23.058008082519954,0.169953150189376,0.0945019355906845,0.2660050704735103,NA,NA,NA,NA
P02,L1,L1_14k,14k,NR,350,7,6.544762827724631,4.662539609364087,9.026205304113628,23.38710211835595,0.13969696116252855,0.07716824816487991,0.22648183734431562,NA,NA,NA,NA
P02,L1,L1_14k,14k,NR,350,8,6.151604259963997,4.344425375986012,8.73409827480509,24.201736994933817,0.20715967961571058,0.11858676234252742,0.3218946177763293,NA,NA,NA,NA
P02,L1,L1_14k,14k,NR,350,9,6.515856585546628,4.60614443611164,9.120654791869983,23.44416517364224,0.20784034434627427,0.12508070294069715,0.31653722173664883,NA,NA,NA,NA
P02,L1,L1_14k,14k,NR,350,10,5.698698669127,4.0886569542001405,8.074943013520295,25.257439794127926,0.1809931273161698,0.09653306539456902,0.29420442717042017,NA,NA,NA,NA
P02,L1,L1_14k,14k,R,50,1,9.337762850070785,7.5869651085775835,11.405650637468764,19.302322019709322,0.07913638757385627,0.0458604687861679,0.12837811572248703,NA,NA,NA,NA
P02,L1,L1_14k,14k,R,50,2,8.829016939188897,6.879765907999184,11.291316149129138,19.887236931899213,0.10841241635724011,0.0603068401762136,0.18138003696585206,NA,NA,NA,NA
P02,L1,L1_14k,14k,R,50,3,8.956105200292367,7.051726985371067,11.314067394884397,19.736120759468747,0.1134502896476878,0.06336025196509204,0.18713689021028612,NA,NA,NA,NA
P02,L1,L1_14k,14k,R,50,4,10.35257586922988,8.200445113975958,12.971478606773156,18.275470990650657,0.05907001650656463,0.030999063633362203,0.10615705293513818,NA,NA,NA,NA
P02,L1,L1_14k,14k,R,50,5,10.232727947927835,8.060268313409248,12.98757258929831,18.388233182337082,0.08008699716251708,0.04277079171205096,0.13856623071965507,NA,NA,NA,NA
P02,L1,L1_14k,14k,R,50,6,9.135914952620052,7.1819825313642,11.644162923661003,19.528117540795282,0.05475374401705201,0.027253641418475433,0.101540839861829,NA,NA,NA,NA
P02,L1,L1_14k,14k,R,50,7,8.927811567184964,7.140383517781251,11.103382051180349,19.76946363834018,0.044423131468094554,0.02157320848400524,0.08367225712009144,NA,NA,NA,NA
P02,L1,L1_14k,14k,R,50,8,8.371354828200214,6.6231174792700624,10.692173496378041,20.46187632982944,0.06924872427004773,0.035585814816603466,0.12449139970493552,NA,NA,NA,NA
P02,L1,L1_14k,14k,R,50,9,8.896350363298858,6.997737620122866,11.29347661611015,19.806739811601048,0.07000331948011373,0.03581227571832,0.12604160395314745,NA,NA,NA,NA
P02,L1,L1_14k,14k,R,50,10,7.786537531469149,6.157205090809301,9.851896907910337,21.274932667757273,0.05901530656357952,0.028680899223475668,0.1096580582756155,NA,NA,NA,NA
P02,L1,L1_14k,14k,R,100,1,11.995049824810014,9.194970916696072,15.45428919480184,16.913855456561365,0.09519121728760604,0.05427193145437804,0.15506017474565145,NA,NA,NA,NA
P02,L1,L1_14k,14k,R,100,2,11.333566038934626,8.327314291703058,15.22901134397848,17.4245855587573,0.13003750159807922,0.06972497651003341,0.21847498948130473,NA,NA,NA,NA
P02,L1,L1_14k,14k,R,100,3,11.530426563199235,8.431646561396835,15.497840520517038,17.267763553841096,0.13518585705266697,0.07322657531529236,0.22501097922432595,NA,NA,NA,NA
P02,L1,L1_14k,14k,R,100,4,13.303679013254577,9.919615336753306,17.70128252059143,16.023394541349123,0.0715867517406748,0.035916098134622015,0.1286392636715423,NA,NA,NA,NA
P02,L1,L1_14k,14k,R,100,5,13.116885589871735,9.87580852600074,17.638074251944182,16.141920105174677,0.0973642930988871,0.05037680775198881,0.16529627400398184,NA,NA,NA,NA
P02,L1,L1_14k,14k,R,100,6,11.723309649756082,8.70513718023157,15.730280196052073,17.118157823242257,0.06685651203049947,0.03199902083650558,0.12422432741231322,NA,NA,NA,NA
P02,L1,L1_14k,14k,R,100,7,11.460614108730866,8.721211305938706,14.924675039910994,17.32288997221865,0.05406286899336561,0.025988432274186474,0.10203274151609083,NA,NA,NA,NA
P02,L1,L1_14k,14k,R,100,8,10.755173903756416,8.08673867803753,14.237044595447337,17.911389731756103,0.08373596014012114,0.041859705247452896,0.1511228918202455,NA,NA,NA,NA
P02,L1,L1_14k,14k,R,100,9,11.422602395222214,8.485181200792365,15.140848245302639,17.353128979145016,0.08456492097384546,0.042462330321698195,0.14837561698910814,NA,NA,NA,NA
P02,L1,L1_14k,14k,R,100,10,9.98005873973798,7.488940923596267,13.292822196004662,18.633001000026912,0.07163009216951532,0.034833805400368636,0.13161874126102685,NA,NA,NA,NA
P02,L1,L1_14k,14k,R,150,1,10.665611655407501,8.43574385852924,13.422076113386645,17.99049297856588,0.0432247362844545,0.018148692201636802,0.08476599840748732,NA,NA,NA,NA
P02,L1,L1_14k,14k,R,150,2,10.074255003152038,7.518191881457224,13.485908588133698,18.540606951535832,0.05992371357215252,0.023613897272560677,0.12379113446996887,NA,NA,NA,NA
P02,L1,L1_14k,14k,R,150,3,10.219358873011554,7.8617262295393875,13.456377852185756,18.400942221830995,0.06285796981556888,0.02514307752105699,0.12649130218105287,NA,NA,NA,NA
P02,L1,L1_14k,14k,R,150,4,11.831796915298655,9.182926735757315,15.240462800992482,17.035706995173282,0.03183262597489869,0.012209484489160477,0.069592986746107,NA,NA,NA,NA
P02,L1,L1_14k,14k,R,150,5,11.71527779616907,9.028078995602442,15.198623779489024,17.1243099153768,0.043494968259538455,0.0176241264734488,0.08956579447481051,NA,NA,NA,NA
P02,L1,L1_14k,14k,R,150,6,10.448944062759995,8.033390253545411,13.49602943573334,18.186295875449098,0.02930589004852651,0.011271076896487587,0.06521543394281111,NA,NA,NA,NA
P02,L1,L1_14k,14k,R,150,7,10.217809084257992,7.990072195503762,12.963443142903547,18.402417209483197,0.023853217923662285,0.009050950228977438,0.051677349114473636,NA,NA,NA,NA
P02,L1,L1_14k,14k,R,150,8,9.588335652302437,7.379510923601577,12.427947201045312,19.032679902427187,0.037535125246041204,0.01432532907091383,0.08022612467897229,NA,NA,NA,NA
P02,L1,L1_14k,14k,R,150,9,10.17200101463488,7.944125544205298,13.038210426736804,18.44617586306451,0.037860895593132694,0.01465263586537055,0.08063340465948785,NA,NA,NA,NA
P02,L1,L1_14k,14k,R,150,10,8.901992385903142,6.9185231232618944,11.501331289425721,19.800039357933947,0.03180475103077464,0.012383490909055002,0.06905877164456527,NA,NA,NA,NA
P02,L1,L1_14k,14k,R,200,1,10.965476638816526,8.81818752226456,13.497717777095408,17.729687197725827,0.04359124968053105,0.02024820984192614,0.07975032094205212,NA,NA,NA,NA
P02,L1,L1_14k,14k,R,200,2,10.33705568481571,8.021327961456496,13.402939377076645,18.289956245465756,0.06058764385410926,0.027138866425790376,0.11546266841448742,NA,NA,NA,NA
P02,L1,L1_14k,14k,R,200,3,10.508447197474155,8.171467343339389,13.431527728050876,18.131884322199593,0.06322259675234598,0.028766938181008263,0.12070317942514408,NA,NA,NA,NA
P02,L1,L1_14k,14k,R,200,4,12.164334165249688,9.57598740712964,15.380856724241802,16.790230955525747,0.03197753617442739,0.013828403788469279,0.06443987601412303,NA,NA,NA,NA
P02,L1,L1_14k,14k,R,200,5,12.015623064850793,9.440950432370748,15.319516523194789,16.898684969191347,0.04388465323296205,0.019194159163990664,0.08679169774660198,NA,NA,NA,NA
P02,L1,L1_14k,14k,R,200,6,10.72003134277222,8.406584337933413,13.572643956985045,17.942303337116634,0.029660058714499636,0.012390245940787822,0.060631892999219394,NA,NA,NA,NA
P02,L1,L1_14k,14k,R,200,7,10.48594995515467,8.266958409983589,13.274505623278424,18.152398812233518,0.02394641317191544,0.009884520565501176,0.050417687991258855,NA,NA,NA,NA
P02,L1,L1_14k,14k,R,200,8,9.820547505873744,7.634150526571914,12.746639748245087,18.792676002206598,0.03763691420818126,0.01577470389936657,0.07861828095906302,NA,NA,NA,NA
P02,L1,L1_14k,14k,R,200,9,10.44741602054214,8.15908506083526,13.227861404336393,18.187699650477995,0.03809703263711485,0.016603986255320193,0.07612723736424606,NA,NA,NA,NA
P02,L1,L1_14k,14k,R,200,10,9.118955983138871,7.207336449190198,11.58679558763458,19.54745355605903,0.03174881287367383,0.013107123593654728,0.06695899309029606,NA,NA,NA,NA
P02,L1,L1_14k,14k,R,250,1,12.873715827236897,10.534891837141615,15.71674227143235,16.300242619304893,0.014913611111581317,0.004474854712866681,0.03742630306451996,NA,NA,NA,NA
P02,L1,L1_14k,14k,R,250,2,12.183738484643829,9.505975557175388,15.75777232138749,16.77623340452213,0.02115182511115535,0.006019610934846956,0.05565777476605654,NA,NA,NA,NA
P02,L1,L1_14k,14k,R,250,3,12.354247988729771,9.752964417357699,15.641820944316702,16.654725021305897,0.022068686774066162,0.0064616398625648224,0.05839240684775289,NA,NA,NA,NA
P02,L1,L1_14k,14k,R,250,4,14.28849340904344,11.428565133304165,17.898641380009884,15.439049760327196,0.010985399948976191,0.0030278402172817477,0.030441382791569202,NA,NA,NA,NA
P02,L1,L1_14k,14k,R,250,5,14.13889117168175,11.187882891852444,17.997861683298098,15.523703668476855,0.015098994395553102,0.004307160876669191,0.04205714164588076,NA,NA,NA,NA
P02,L1,L1_14k,14k,R,250,6,12.607399828489195,9.944086217715551,15.996749428606885,16.479109171072455,0.01017257003935589,0.002915715055684485,0.02836131089051173,NA,NA,NA,NA
P02,L1,L1_14k,14k,R,250,7,12.327753339415317,9.840488727739821,15.420793721416322,16.6734320031328,0.008101163855814868,0.002252223936577356,0.02257007613147725,NA,NA,NA,NA
P02,L1,L1_14k,14k,R,250,8,11.574982628898987,9.196649859231206,14.704659775004405,17.232855257414837,0.01299717748678893,0.003594211437165241,0.03501481167099802,NA,NA,NA,NA
P02,L1,L1_14k,14k,R,250,9,12.281901911367136,9.650936693249747,15.647028491480222,16.705956037510155,0.013100620086596567,0.0036081970835082104,0.035440999997494,NA,NA,NA,NA
P02,L1,L1_14k,14k,R,250,10,10.722494998938613,8.594162377084213,13.498969107541773,17.94013091123972,0.010906196185868567,0.0030003574865219056,0.03138550625192712,NA,NA,NA,NA
P02,L1,L1_14k,14k,R,300,1,10.105491611627947,8.194270393868447,12.718783294577198,18.510271472632756,0.05262558133171889,0.024991311874158623,0.09755300014620788,NA,NA,NA,NA
P02,L1,L1_14k,14k,R,300,2,9.572914594836611,7.299381971236011,12.505682175614965,19.048947568110158,0.07311452749758683,0.03233855976781165,0.13667663942451497,NA,NA,NA,NA
P02,L1,L1_14k,14k,R,300,3,9.728799539164376,7.481689165765324,12.56636524320579,18.886407797462343,0.0763167801989268,0.03512277145911199,0.14165175457379167,NA,NA,NA,NA
P02,L1,L1_14k,14k,R,300,4,11.23601406127107,8.864571877053214,14.302317094089172,17.503902313160886,0.038944051953757636,0.017165823179975722,0.0780531513998534,NA,NA,NA,NA
P02,L1,L1_14k,14k,R,300,5,11.115857907112295,8.624839694125628,14.413501515171916,17.603108104100436,0.05294016151322582,0.023540274294835455,0.1043979908713852,NA,NA,NA,NA
P02,L1,L1_14k,14k,R,300,6,9.914572539563142,7.607104492341969,12.918485040469525,18.698058156878545,0.036294121468249806,0.014799233063136451,0.07557821392644759,NA,NA,NA,NA
P02,L1,L1_14k,14k,R,300,7,9.6735072018371,7.667263474387596,12.43035862557588,18.94358096924422,0.02905804450989046,0.011922267744279715,0.06300371092622271,NA,NA,NA,NA
P02,L1,L1_14k,14k,R,300,8,9.081529408195957,7.11671512471605,11.760009594780762,19.5903313003453,0.04574273780766715,0.019595803152129748,0.09241113868920517,NA,NA,NA,NA
P02,L1,L1_14k,14k,R,300,9,9.640637783289549,7.502578178178117,12.430728350431393,18.977816799718433,0.046039878088718525,0.019809766692192518,0.092216116380366,NA,NA,NA,NA
P02,L1,L1_14k,14k,R,300,10,8.428198249812965,6.602414901824155,10.92048004082041,20.387764728189453,0.0389635920807057,0.01581344572122447,0.08031821958894247,NA,NA,NA,NA
P02,L1,L1_14k,14k,R,350,1,10.772231874066598,8.69428834788028,13.161246210100009,17.896442176078583,0.037623528662975234,0.017247724430797525,0.07114551519750525,NA,NA,NA,NA
P02,L1,L1_14k,14k,R,350,2,10.167612441358767,7.8524891444709555,13.020562103731928,18.450384571777757,0.05225866337736747,0.02293205511172363,0.10353021064448178,NA,NA,NA,NA
P02,L1,L1_14k,14k,R,350,3,10.338802923980303,8.057539835870754,13.161242706554777,18.28832378918029,0.055146691167174716,0.024617890011236147,0.10720254124645502,NA,NA,NA,NA
P02,L1,L1_14k,14k,R,350,4,11.926337770832522,9.447396990689096,14.985980156620093,16.96482153016614,0.02765993038596147,0.011538847247761838,0.05845892378939013,NA,NA,NA,NA
P02,L1,L1_14k,14k,R,350,5,11.79219185342153,9.3348811991916,14.945844704555533,17.065668354277566,0.03813580426107398,0.016277600722486744,0.07764346799800843,NA,NA,NA,NA
P02,L1,L1_14k,14k,R,350,6,10.536491245171895,8.315546842464823,13.321043089936863,18.106409396713726,0.0254405987085171,0.01063393475903741,0.05461400313019198,NA,NA,NA,NA
P02,L1,L1_14k,14k,R,350,7,10.2909166972769,8.197979032450425,12.88330008365716,18.33322367556354,0.020528082600653953,0.00824697011222197,0.044883941846445875,NA,NA,NA,NA
P02,L1,L1_14k,14k,R,350,8,9.672156733013518,7.575147528775272,12.268839883500934,18.944983911701634,0.032489379967701695,0.01372609146377253,0.06834192303010612,NA,NA,NA,NA
P02,L1,L1_14k,14k,R,350,9,10.237155066969404,8.086582698900903,13.026424914779618,18.38403045699264,0.0327373843566902,0.013978603794937294,0.06701956425590118,NA,NA,NA,NA
P02,L1,L1_14k,14k,R,350,10,8.963026214541655,7.144362982451516,11.206901735845873,19.72799044112191,0.027663314786924156,0.011390325573059764,0.059493663234773994,NA,NA,NA,NA
P02,L2,L2_2k,2k,NR,50,1,5.204767591590306,4.417647327775788,6.133906656694984,26.587861240227305,0.13325681444240953,0.03613987627744534,0.27051188775411794,0.13224893221221945,0.04316703445073347,0.23434784600658487,0.734494253345371
P02,L2,L2_2k,2k,NR,50,2,4.752584525094447,3.8733179678091156,5.800861685365679,28.017624608174682,0.11975971423103074,0.028713571615481555,0.2799630740092671,0.132892674117522,0.03898407243388527,0.2601275301885289,0.7473476116514473
P02,L2,L2_2k,2k,NR,50,3,4.825084600199213,3.9708913255093936,5.837704319127518,27.772277007377145,0.13513899006704125,0.03369043972447781,0.3067928943978126,0.1289063565930536,0.03548630929436422,0.25925057943713203,0.7359546533399052
P02,L2,L2_2k,2k,NR,50,4,5.794384040123536,4.813213194286706,6.928122401482016,25.02262490247564,0.086362692066462,0.02182873159975345,0.2043716109822758,0.08261964157298943,0.023487165387415656,0.1753755542315853,0.8310176663605486
P02,L2,L2_2k,2k,NR,50,5,5.505797703848813,4.5291503320042015,6.685159119535869,25.752212365324187,0.10076812011171626,0.025862915098962047,0.23666109815179945,0.10402204205330115,0.030675660923152062,0.21779316253877748,0.7952098378349826
P02,L2,L2_2k,2k,NR,50,6,5.215192085393133,4.299457784044542,6.318439784153538,26.5575091717449,0.08036585613182176,0.019246170777592334,0.20520765685999914,0.092648404062988,0.024710052518086063,0.1932367795340952,0.8269857398051902
P02,L2,L2_2k,2k,NR,50,7,4.760049129437871,3.9769641818850734,5.677307945048536,27.99205270383797,0.07333788285978123,0.018297893853628906,0.17364280478498492,0.06211703872915163,0.018449176611713428,0.13620580103057117,0.8645450784110671
P02,L2,L2_2k,2k,NR,50,8,4.451748224647158,3.706737309515165,5.393731933860724,29.11266937589389,0.0701322148229247,0.016215541028348483,0.18605259802062987,0.10909885648374351,0.03118121136753628,0.218249677069984,0.8207689286933317
P02,L2,L2_2k,2k,NR,50,9,4.989023724631245,4.092791600147496,6.082263727804649,27.24116384615059,0.11480075913420956,0.024389477563682177,0.27372957612879545,0.08506877357651657,0.02144046363307628,0.1994487220477369,0.800130467289274
P02,L2,L2_2k,2k,NR,50,10,4.280153185683044,3.5712923097530687,5.153295265846289,29.80001609314985,0.09552415904208336,0.02296438075841385,0.22149226894304716,0.07035971383998958,0.019023012669601845,0.16203561666118907,0.834116127117927
P02,L2,L2_2k,2k,NR,100,1,5.204767591590306,4.417647327775788,6.133906656694984,26.587861240227305,0.14768627536878437,0.055361506119445764,0.2593039703966508,0.07579362577904203,0.018149002682883143,0.1643839096768885,0.7765200988521737
P02,L2,L2_2k,2k,NR,100,2,4.752584525094447,3.8733179678091156,5.800861685365679,28.017624608174682,0.13484945549289123,0.04048003687698217,0.2745069266416068,0.07700603047622348,0.01609357863369655,0.18638924301018905,0.7881445140308854
P02,L2,L2_2k,2k,NR,100,3,4.825084600199213,3.9708913255093936,5.837704319127518,27.772277007377145,0.14976564634956602,0.05080911688306587,0.284994567392365,0.07297564414231805,0.016372426687797162,0.17586433680143349,0.7772587095081159
P02,L2,L2_2k,2k,NR,100,4,5.794384040123536,4.813213194286706,6.928122401482016,25.02262490247564,0.09534139554894215,0.028777280312953565,0.203542857326504,0.04646570051688628,0.009344856762529049,0.12160009012076542,0.8581929039341716
P02,L2,L2_2k,2k,NR,100,5,5.505797703848813,4.5291503320042015,6.685159119535869,25.752212365324187,0.11172093526674648,0.037129396075825424,0.22144517655463802,0.05881177271169662,0.013733300731615033,0.1447008759729978,0.8294672920215569
P02,L2,L2_2k,2k,NR,100,6,5.215192085393133,4.299457784044542,6.318439784153538,26.5575091717449,0.08828073387928588,0.029468174986230177,0.18652597191826797,0.0514881529108008,0.011531697374663549,0.12854241110415035,0.8602311132099133
P02,L2,L2_2k,2k,NR,100,7,4.760049129437871,3.9769641818850734,5.677307945048536,27.99205270383797,0.079288513686742,0.02754130067461797,0.16628477512022705,0.034756205330793155,0.0078554442221426,0.09019699077868819,0.8859552809824649
P02,L2,L2_2k,2k,NR,100,8,4.451748224647158,3.706737309515165,5.393731933860724,29.11266937589389,0.07796452325227235,0.023619870367379153,0.17893545514437784,0.06190807877684702,0.013989676402784996,0.14993470157528288,0.8601273979708807
P02,L2,L2_2k,2k,NR,100,9,4.989023724631245,4.092791600147496,6.082263727804649,27.24116384615059,0.1250606031129053,0.03914203674857707,0.25180850061103865,0.04762218829469363,0.009252198285391679,0.13022338254907437,0.827317208592401
P02,L2,L2_2k,2k,NR,100,10,4.280153185683044,3.5712923097530687,5.153295265846289,29.80001609314985,0.10355887218570273,0.03232175814422487,0.21522804375851112,0.03903113404693701,0.0082218764905818,0.11050951624956604,0.8574099937673603
P02,L2,L2_2k,2k,NR,150,1,5.204767591590306,4.417647327775788,6.133906656694984,26.587861240227305,0.21174453350157874,0.09847767571494688,0.3247353893200598,0.05196804272220379,0.011359183259908034,0.1349735475144536,0.7362874237762175
P02,L2,L2_2k,2k,NR,150,2,4.752584525094447,3.8733179678091156,5.800861685365679,28.017624608174682,0.1937598745484663,0.07930287912305149,0.336784997982425,0.052384188080119326,0.01102192320885103,0.14739675389975718,0.7538559373714143
P02,L2,L2_2k,2k,NR,150,3,4.825084600199213,3.9708913255093936,5.837704319127518,27.772277007377145,0.21396573408296887,0.09060460807135652,0.36566159224699846,0.050356366432876526,0.009991095222812859,0.14553444297239435,0.7356778994841546
P02,L2,L2_2k,2k,NR,150,4,5.794384040123536,4.813213194286706,6.928122401482016,25.02262490247564,0.13747732927470374,0.054540712334139194,0.25341238777412267,0.03180327772075886,0.006351300506596593,0.09747189189651949,0.8307193930045373
P02,L2,L2_2k,2k,NR,150,5,5.505797703848813,4.5291503320042015,6.685159119535869,25.752212365324187,0.161384788962518,0.06559584672787527,0.2909879481954187,0.04076740315020966,0.00830382900848951,0.11739556943784855,0.7978478078872724
P02,L2,L2_2k,2k,NR,150,6,5.215192085393133,4.299457784044542,6.318439784153538,26.5575091717449,0.13038110114478668,0.0465811468261171,0.25255720926266767,0.03537569353518283,0.006802793269317842,0.1108282128860614,0.8342432053200306
P02,L2,L2_2k,2k,NR,150,7,4.760049129437871,3.9769641818850734,5.677307945048536,27.99205270383797,0.11683901413789215,0.04483322030392934,0.22407041123978627,0.02401532022297746,0.004741137602202814,0.07426155969129049,0.8591456656391304
P02,L2,L2_2k,2k,NR,150,8,4.451748224647158,3.706737309515165,5.393731933860724,29.11266937589389,0.114544264786163,0.04191310955615368,0.23062128496724812,0.042274319514933226,0.008815499629431062,0.12214823503434814,0.8431814156989038
P02,L2,L2_2k,2k,NR,150,9,4.989023724631245,4.092791600147496,6.082263727804649,27.24116384615059,0.18070063729549213,0.06913803164713699,0.3170570024747147,0.0319763283918061,0.005940149938398731,0.10806475255298345,0.7873230343127018
P02,L2,L2_2k,2k,NR,150,10,4.280153185683044,3.5712923097530687,5.153295265846289,29.80001609314985,0.14954862564038107,0.06323878553666189,0.26381429674501916,0.02688541313961325,0.005487194853238954,0.08496768609570074,0.8235659612200057
P02,L2,L2_2k,2k,NR,200,1,5.204767591590306,4.417647327775788,6.133906656694984,26.587861240227305,0.06259975396296538,0.014792226027890779,0.16806413388314054,0.13713691816975643,0.05464960724767827,0.22203997153172542,0.8002633278672783
P02,L2,L2_2k,2k,NR,200,2,4.752584525094447,3.8733179678091156,5.800861685365679,28.017624608174682,0.055777313056133454,0.01176637661240977,0.17026793977718974,0.136845165663643,0.04962027984032189,0.2529644044247752,0.8073775212802236
P02,L2,L2_2k,2k,NR,200,3,4.825084600199213,3.9708913255093936,5.837704319127518,27.772277007377145,0.06377645946193637,0.013067276701185866,0.18676215375731262,0.13274775426979285,0.04707777216570975,0.24575489370350964,0.8034757862682709
P02,L2,L2_2k,2k,NR,200,4,5.794384040123536,4.813213194286706,6.928122401482016,25.02262490247564,0.03946599822601722,0.008405368591316036,0.12179030498776468,0.08622007394221294,0.029601957714920205,0.16777201917792714,0.8743139278317698
P02,L2,L2_2k,2k,NR,200,5,5.505797703848813,4.5291503320042015,6.685159119535869,25.752212365324187,0.04606897225466128,0.009692201298725384,0.15205772938319867,0.10955363541646865,0.03441963248961758,0.21166951013043617,0.84437739232887
P02,L2,L2_2k,2k,NR,200,6,5.215192085393133,4.299457784044542,6.318439784153538,26.5575091717449,0.0366629763112028,0.007067010731224612,0.11919687944882955,0.09544195744896279,0.0308074339058102,0.18645068530220776,0.8678950662398344
P02,L2,L2_2k,2k,NR,200,7,4.760049129437871,3.9769641818850734,5.677307945048536,27.99205270383797,0.03327218134983076,0.00720488787812935,0.10431499543972735,0.06503818974898135,0.0213815485722569,0.13722460839363224,0.9016896289011879
P02,L2,L2_2k,2k,NR,200,8,4.451748224647158,3.706737309515165,5.393731933860724,29.11266937589389,0.0313391906661907,0.006115394854123212,0.11368444575488089,0.11366834352073599,0.03719265615618927,0.21513027220720513,0.8549924658130733
P02,L2,L2_2k,2k,NR,200,9,4.989023724631245,4.092791600147496,6.082263727804649,27.24116384615059,0.05307789450035079,0.011393930610401863,0.15653715917369043,0.087931971363479,0.030073548081282167,0.17529594600473383,0.8589901341361702
P02,L2,L2_2k,2k,NR,200,10,4.280153185683044,3.5712923097530687,5.153295265846289,29.80001609314985,0.04373181034479596,0.008845337802256928,0.134754287527833,0.07404677936780377,0.02289831549500246,0.15689884547084854,0.8822214102874002
P02,L2,L2_2k,2k,NR,250,1,5.204767591590306,4.417647327775788,6.133906656694984,26.587861240227305,0.1557107471991317,0.08018642420435833,0.2447328857254056,0.030881973628090302,0.007307622145310187,0.08106704244918496,0.813407279172778
P02,L2,L2_2k,2k,NR,250,2,4.752584525094447,3.8733179678091156,5.800861685365679,28.017624608174682,0.14099926554523567,0.059800592383231634,0.26039858482289924,0.030914137903963603,0.006656744247533821,0.09492985439524088,0.8280865965508007
P02,L2,L2_2k,2k,NR,250,3,4.825084600199213,3.9708913255093936,5.837704319127518,27.772277007377145,0.15886135693410516,0.07060802235970805,0.2792187094364593,0.029820399864400247,0.006128427166317406,0.08997749923971225,0.8113182432014946
P02,L2,L2_2k,2k,NR,250,4,5.794384040123536,4.813213194286706,6.928122401482016,25.02262490247564,0.09837737546014971,0.04009664134543931,0.1864459441795969,0.018496004049751696,0.003960375502504087,0.05951290287095414,0.8831266204900986
P02,L2,L2_2k,2k,NR,250,5,5.505797703848813,4.5291503320042015,6.685159119535869,25.752212365324187,0.11658644746158794,0.04930628474099968,0.21477788651752813,0.0238516023984744,0.00514497170907651,0.07330048843345556,0.8595619501399376
P02,L2,L2_2k,2k,NR,250,6,5.215192085393133,4.299457784044542,6.318439784153538,26.5575091717449,0.09271245362655177,0.03627541257177765,0.18465703784028764,0.020711656475194677,0.0045173640381461185,0.06432296568169178,0.8865758898982535
P02,L2,L2_2k,2k,NR,250,7,4.760049129437871,3.9769641818850734,5.677307945048536,27.99205270383797,0.08225879927467891,0.03211924823861799,0.16773668068562478,0.013741270495810153,0.002896425956160506,0.044961323936457624,0.9039999302295109
P02,L2,L2_2k,2k,NR,250,8,4.451748224647158,3.706737309515165,5.393731933860724,29.11266937589389,0.08191878839109734,0.033333658845791724,0.16731747319560444,0.024778404345163027,0.005349864885478537,0.07558773940740816,0.8933028072637397
P02,L2,L2_2k,2k,NR,250,9,4.989023724631245,4.092791600147496,6.082263727804649,27.24116384615059,0.13064689049169553,0.05193442807031973,0.24289560490431103,0.018926356970337645,0.003744104210799037,0.06488624548557417,0.8504267525379668
P02,L2,L2_2k,2k,NR,250,10,4.280153185683044,3.5712923097530687,5.153295265846289,29.80001609314985,0.10763667157030668,0.04462604937025957,0.2045386667884007,0.015885005810744347,0.0030268603081568383,0.05417807265421864,0.876478322618949
P02,L2,L2_2k,2k,NR,300,1,5.204767591590306,4.417647327775788,6.133906656694984,26.587861240227305,0.047463448581386,0.013022554232581625,0.11418948041268248,0.06701613167471361,0.02117083995329117,0.12838927126762167,0.8855204197439004
P02,L2,L2_2k,2k,NR,300,2,4.752584525094447,3.8733179678091156,5.800861685365679,28.017624608174682,0.04251270621026759,0.010294081075077165,0.12026555472368386,0.0675606285003429,0.01853670774969433,0.14838499261724672,0.8899266652893895
P02,L2,L2_2k,2k,NR,300,3,4.825084600199213,3.9708913255093936,5.837704319127518,27.772277007377145,0.048283598850690695,0.01234499929577246,0.12778503518837153,0.06556822210324735,0.019073323540352044,0.1428538186374055,0.886148179046062
P02,L2,L2_2k,2k,NR,300,4,5.794384040123536,4.813213194286706,6.928122401482016,25.02262490247564,0.02889681190879915,0.007086559055753363,0.08124369352345151,0.041192194277035826,0.011061936824335988,0.09359016658261039,0.9299109938141651
P02,L2,L2_2k,2k,NR,300,5,5.505797703848813,4.5291503320042015,6.685159119535869,25.752212365324187,0.03450587635483653,0.008043336042629738,0.101024527862479,0.05283239488959239,0.012819542017941362,0.12031129339273487,0.9126617287555712
P02,L2,L2_2k,2k,NR,300,6,5.215192085393133,4.299457784044542,6.318439784153538,26.5575091717449,0.02701702617921619,0.006965114255251148,0.0745953505313842,0.04535896299036699,0.013147635102109449,0.1013977408923396,0.9276240108304168
P02,L2,L2_2k,2k,NR,300,7,4.760049129437871,3.9769641818850734,5.677307945048536,27.99205270383797,0.02400134588484356,0.005757231170692467,0.0698436157264817,0.03060592929160268,0.008500747304268474,0.07605935933497214,0.9453927248235537
P02,L2,L2_2k,2k,NR,300,8,4.451748224647158,3.706737309515165,5.393731933860724,29.11266937589389,0.023394201221495423,0.005440504807874759,0.070381280525912,0.05491530739431283,0.015012899645399142,0.12136670130736682,0.9216904913841918
P02,L2,L2_2k,2k,NR,300,9,4.989023724631245,4.092791600147496,6.082263727804649,27.24116384615059,0.03941622321920717,0.010254060043372232,0.10254245844580137,0.042214577868775534,0.011202209818542235,0.09796208051706329,0.9183691989120173
P02,L2,L2_2k,2k,NR,300,10,4.280153185683044,3.5712923097530687,5.153295265846289,29.80001609314985,0.031971906367823134,0.008061042213003845,0.08473605460015678,0.03455524228122239,0.009371383951733314,0.08420559758141849,0.9334728513509545
P02,L2,L2_2k,2k,NR,350,1,5.204767591590306,4.417647327775788,6.133906656694984,26.587861240227305,0.08413759809215085,0.023958044051704857,0.18802855166627486,0.12974787210815902,0.05777804733097957,0.21062613226422558,0.7861145297996901
P02,L2,L2_2k,2k,NR,350,2,4.752584525094447,3.8733179678091156,5.800861685365679,28.017624608174682,0.07442852230768762,0.0181028356208215,0.19920285132244286,0.13139874569138188,0.049312292002991025,0.24607973113870385,0.7941727320009305
P02,L2,L2_2k,2k,NR,350,3,4.825084600199213,3.9708913255093936,5.837704319127518,27.772277007377145,0.08456977646985708,0.022690130047930343,0.20962747317656139,0.1259036987859971,0.04947282163241201,0.23737327684702927,0.7895265247441458
P02,L2,L2_2k,2k,NR,350,4,5.794384040123536,4.813213194286706,6.928122401482016,25.02262490247564,0.05338827347336224,0.01362226903599245,0.1350739845284158,0.08183686863376066,0.030808411763174316,0.15967398274351932,0.864774857892877
P02,L2,L2_2k,2k,NR,350,5,5.505797703848813,4.5291503320042015,6.685159119535869,25.752212365324187,0.062314617900260084,0.01648476519600548,0.15986933274156692,0.10275967218806187,0.03987409288562807,0.1964915401381459,0.834925709911678
P02,L2,L2_2k,2k,NR,350,6,5.215192085393133,4.299457784044542,6.318439784153538,26.5575091717449,0.049711688278649004,0.010977189944991035,0.14224114458327689,0.09090058904837266,0.031513772275617656,0.1800387001292307,0.8593877226729784
P02,L2,L2_2k,2k,NR,350,7,4.760049129437871,3.9769641818850734,5.677307945048536,27.99205270383797,0.044954474575915906,0.01094558679814088,0.12549919411963323,0.06216661595076198,0.021013010241931876,0.13269772497647092,0.892878909473322
P02,L2,L2_2k,2k,NR,350,8,4.451748224647158,3.706737309515165,5.393731933860724,29.11266937589389,0.04273391013989536,0.009510804186185983,0.13304268683198633,0.1089532840815263,0.037176343278493944,0.20524784627214326,0.8483128057785784
P02,L2,L2_2k,2k,NR,350,9,4.989023724631245,4.092791600147496,6.082263727804649,27.24116384615059,0.07201281208035995,0.017267223651266966,0.18330614701760017,0.08348350188193357,0.028662583264807497,0.1739887128788149,0.8445036860377065
P02,L2,L2_2k,2k,NR,350,10,4.280153185683044,3.5712923097530687,5.153295265846289,29.80001609314985,0.05842890720324085,0.014927973875677989,0.16199254577151984,0.07024841121120251,0.023300297351907518,0.14845350548998693,0.8713226815855566
P02,L2,L2_2k,2k,R,50,1,11.245434229793762,9.697628247363923,13.060895632848132,17.49619559749539,0.05554867917308348,0.02054804767798603,0.11506649433932328,0.050017980837621434,0.01825270947253843,0.09642502830074394,0.8944333399892951
P02,L2,L2_2k,2k,R,50,2,10.25552677323262,8.489430118379184,12.375029033669787,18.366620815057964,0.050143181959611066,0.015705426902929257,0.12150488940509876,0.05074102136085474,0.0153697824293812,0.11339970887058555,0.8991157966795341
P02,L2,L2_2k,2k,R,50,3,10.421129914442044,8.685700029153132,12.51172982140973,18.211899270734456,0.056944685974220914,0.017665447952423908,0.13426908878230484,0.04888447166040104,0.015123109358783094,0.10873496426563521,0.8941708423653781
P02,L2,L2_2k,2k,R,50,4,12.523101933157161,10.574525582236202,14.728659277890966,16.53696812469,0.03366386926272384,0.010022452543053213,0.08323324385661732,0.030337459471517385,0.009322758832774941,0.07180982017008788,0.9359986712657589
P02,L2,L2_2k,2k,R,50,5,11.89024943645946,9.920542244283933,14.244632856092359,16.991775224295665,0.04061158157249723,0.012669097145995062,0.0983648274253217,0.03880673555168081,0.012053108575496473,0.0902953869093899,0.920581682875822
P02,L2,L2_2k,2k,R,50,6,11.263163764472166,9.407241161966448,13.51823960103435,17.481718581187714,0.031423482182904555,0.010301046761468953,0.07615025017622669,0.03355374797032848,0.011499991707397602,0.07581735069835381,0.9350227698467669
P02,L2,L2_2k,2k,R,50,7,10.282681199027623,8.691404244984566,12.153410294007278,18.340979102108182,0.0279840582848345,0.008722932259060246,0.06815375182084926,0.02250391123437215,0.007145364754456236,0.05521001925440638,0.9495120304807934
P02,L2,L2_2k,2k,R,50,8,9.610263880450002,8.111060927357688,11.41731963936367,19.00961979736687,0.027472561598367383,0.008156119933176512,0.07306522780486037,0.04071071987750677,0.012490336099375351,0.0902431990506107,0.9318167185241258
P02,L2,L2_2k,2k,R,50,9,10.783214408142967,9.000362422206315,12.883220103964742,17.886838257119493,0.045583377503094796,0.014691493985584381,0.10636060275613604,0.031085815004166958,0.010204090960975038,0.07290861390002264,0.9233308074927382
P02,L2,L2_2k,2k,R,50,10,9.243617700274378,7.839407737145116,10.91290721425029,19.406651453837473,0.03706246715115655,0.012171141662700153,0.08596597795991771,0.025730617065693066,0.008150741819379007,0.06143097170829861,0.9372069157831504
P02,L2,L2_2k,2k,R,100,1,11.245434229793762,9.697628247363923,13.060895632848132,17.49619559749539,0.08056019146144065,0.029555233311651483,0.14851128240993938,0.033642095376505934,0.008972880978582847,0.080139942728555,0.8857977131620534
P02,L2,L2_2k,2k,R,100,2,10.25552677323262,8.489430118379184,12.375029033669787,18.366620815057964,0.07257212400697996,0.023836098749185686,0.1525770022903401,0.03370582320963236,0.00830403725550068,0.09107290158302168,0.8937220527833877
P02,L2,L2_2k,2k,R,100,3,10.421129914442044,8.685700029153132,12.51172982140973,18.211899270734456,0.08200412115709713,0.025603078985155535,0.17556663090955563,0.032801968840625174,0.007167781931640043,0.09450670261759211,0.8851939100022778
P02,L2,L2_2k,2k,R,100,4,12.523101933157161,10.574525582236202,14.728659277890966,16.53696812469,0.04847932904393658,0.0158076551021664,0.10651037406215275,0.020182859960755844,0.0046162213430674314,0.05916618968746666,0.9313378109953075
P02,L2,L2_2k,2k,R,100,5,11.89024943645946,9.920542244283933,14.244632856092359,16.991775224295665,0.05916862459007275,0.017004134342736517,0.1338130092693175,0.025956681611679237,0.0057309321843998645,0.07869508236329423,0.914874693798248
P02,L2,L2_2k,2k,R,100,6,11.263163764472166,9.407241161966448,13.51823960103435,17.481718581187714,0.04591465638467654,0.014902394559490488,0.10180314542806479,0.022656746018379643,0.005659257830498858,0.059990613265786724,0.9314285975969439
P02,L2,L2_2k,2k,R,100,7,10.282681199027623,8.691404244984566,12.153410294007278,18.340979102108182,0.040403416532633254,0.012965625860472821,0.09420945320063284,0.015130517700713043,0.0033540635299683787,0.0454067028656385,0.9444660657666537
P02,L2,L2_2k,2k,R,100,8,9.610263880450002,8.111060927357688,11.41731963936367,19.00961979736687,0.0404120350641728,0.01290672802813419,0.09408253979830308,0.027121680717904904,0.006643533947423738,0.07313026373952286,0.9324662842179223
P02,L2,L2_2k,2k,R,100,9,10.783214408142967,9.000362422206315,12.883220103964742,17.886838257119493,0.06600609257061549,0.022740689961975147,0.13647590666397436,0.020782435444121845,0.004850914389719581,0.05957156176700071,0.9132114719852626
P02,L2,L2_2k,2k,R,100,10,9.243617700274378,7.839407737145116,10.91290721425029,19.406651453837473,0.053291599884334684,0.0185456073749185,0.11302187801754858,0.01710555162348059,0.004138485149627226,0.04909158698732563,0.9296028484921848
P02,L2,L2_2k,2k,R,150,1,11.245434229793762,9.697628247363923,13.060895632848132,17.49619559749539,0.048958323534811075,0.018519996450458442,0.09917732575658621,0.018755994750022847,0.005349832659847452,0.0463977623007544,0.932285681715166
P02,L2,L2_2k,2k,R,150,2,10.25552677323262,8.489430118379184,12.375029033669787,18.366620815057964,0.04477539922169923,0.013659052547982983,0.10376055986436153,0.018937726186190502,0.004780503595091051,0.054489311240846126,0.9362868745921102
P02,L2,L2_2k,2k,R,150,3,10.421129914442044,8.685700029153132,12.51172982140973,18.211899270734456,0.050082235495827236,0.016653080339634942,0.11241720354935883,0.018273605108658844,0.004714243532774719,0.050671288657382754,0.9316441593955139
P02,L2,L2_2k,2k,R,150,4,12.523101933157161,10.574525582236202,14.728659277890966,16.53696812469,0.02941892623370984,0.009436122871739542,0.07095620978919587,0.011342142651201722,0.0028483760620172365,0.03271979042957454,0.9592389311150884
P02,L2,L2_2k,2k,R,150,5,11.89024943645946,9.920542244283933,14.244632856092359,16.991775224295665,0.03547780248097225,0.011701807687329,0.08036180782952765,0.01446746551171843,0.0037769336886474174,0.04132322714278943,0.9500547320073094
P02,L2,L2_2k,2k,R,150,6,11.263163764472166,9.407241161966448,13.51823960103435,17.481718581187714,0.027390150091237724,0.00886275324702901,0.06551627499788094,0.012577554331426648,0.0031325513686628623,0.03657173979838556,0.9600322955773357
P02,L2,L2_2k,2k,R,150,7,10.282681199027623,8.691404244984566,12.153410294007278,18.340979102108182,0.024033498026478955,0.007811886801193712,0.06026708782577635,0.008411730094260517,0.002081779561410498,0.025043444624153744,0.9675547718792605
P02,L2,L2_2k,2k,R,150,8,9.610263880450002,8.111060927357688,11.41731963936367,19.00961979736687,0.024048460031710635,0.007750184896386971,0.06025138692191152,0.0151120705850788,0.0039727194495234475,0.042949151471274066,0.9608394693832105
P02,L2,L2_2k,2k,R,150,9,10.783214408142967,9.000362422206315,12.883220103964742,17.886838257119493,0.03971590846834748,0.013316665784037118,0.0919923958505415,0.011526347756179323,0.0028424475845360998,0.033473335848184925,0.9487577437754732
P02,L2,L2_2k,2k,R,150,10,9.243617700274378,7.839407737145116,10.91290721425029,19.406651453837473,0.032087154986941056,0.01066614558813365,0.07509933021321388,0.00946595668854099,0.0023295238449951862,0.029469356091111357,0.958446888324518
P02,L2,L2_2k,2k,R,200,1,11.245434229793762,9.697628247363923,13.060895632848132,17.49619559749539,0.03906937386217066,0.012112089031886682,0.08514987881640071,0.023393273855639017,0.006355104371631683,0.05709703765734326,0.9375373522821903
P02,L2,L2_2k,2k,R,200,2,10.25552677323262,8.489430118379184,12.375029033669787,18.366620815057964,0.035134003160807996,0.009597252552235676,0.08803593314396488,0.023822264649028646,0.005828043404920072,0.06432167742128256,0.9410437321901634
P02,L2,L2_2k,2k,R,200,3,10.421129914442044,8.685700029153132,12.51172982140973,18.211899270734456,0.04001745711911309,0.010259137438747354,0.1005792087065301,0.022928230289514004,0.005243240875969304,0.06443343094578638,0.937054312591373
P02,L2,L2_2k,2k,R,200,4,12.523101933157161,10.574525582236202,14.728659277890966,16.53696812469,0.023040562401656195,0.006285876141782248,0.05974202251509274,0.014068187023978662,0.0034371716016133474,0.04062693220061185,0.9628912505743651
P02,L2,L2_2k,2k,R,200,5,11.89024943645946,9.920542244283933,14.244632856092359,16.991775224295665,0.028145035036108143,0.0075136159756982405,0.07158230534796554,0.018190115775547903,0.0043029819496767365,0.05194921824011856,0.953664849188344
P02,L2,L2_2k,2k,R,200,6,11.263163764472166,9.407241161966448,13.51823960103435,17.481718581187714,0.021640890872630752,0.005937883629683266,0.05560203275320746,0.015613909222199632,0.003957258990808621,0.04383263897698792,0.9627451999051696
P02,L2,L2_2k,2k,R,200,7,10.282681199027623,8.691404244984566,12.153410294007278,18.340979102108182,0.01902910189175002,0.0049567541465889,0.052045641661571836,0.010453836681571661,0.0025466488100937064,0.03160869643675158,0.9705170614266784
P02,L2,L2_2k,2k,R,200,8,9.610263880450002,8.111060927357688,11.41731963936367,19.00961979736687,0.01907174367516132,0.0050523779154512055,0.05315399372493126,0.01904875761885337,0.004690046515941506,0.05177808040680779,0.9618794987059853
P02,L2,L2_2k,2k,R,200,9,10.783214408142967,9.000362422206315,12.883220103964742,17.886838257119493,0.031552727712936886,0.00870108961902867,0.07834905400953747,0.014495643505292028,0.003484641585586191,0.041984760933089824,0.9539516287817711
P02,L2,L2_2k,2k,R,200,10,9.243617700274378,7.839407737145116,10.91290721425029,19.406651453837473,0.025434208652858004,0.007280777825562943,0.06305746395606678,0.011908610434359986,0.0028761766688566674,0.035427607276241654,0.962657180912782
P02,L2,L2_2k,2k,R,250,1,11.245434229793762,9.697628247363923,13.060895632848132,17.49619559749539,0.019952894450541617,0.006511045470245747,0.04804187278354371,0.012459790691346992,0.0035164007048896,0.03256120858788055,0.9675873148581114
P02,L2,L2_2k,2k,R,250,2,10.25552677323262,8.489430118379184,12.375029033669787,18.366620815057964,0.01768469685946232,0.005116845480210337,0.049374554057292734,0.012550296844660833,0.0032337156843103214,0.038004437865470565,0.9697650062958769
P02,L2,L2_2k,2k,R,250,3,10.421129914442044,8.685700029153132,12.51172982140973,18.211899270734456,0.020274897178245745,0.005913390129587104,0.0555092942169468,0.011965299111908766,0.002970594544535585,0.034585892315722316,0.9677598037098455
P02,L2,L2_2k,2k,R,250,4,12.523101933157161,10.574525582236202,14.728659277890966,16.53696812469,0.011532524364810214,0.0033934889839151825,0.03339129450636453,0.007455313730738317,0.001857311743875362,0.022659909599014674,0.9810121619044515
P02,L2,L2_2k,2k,R,250,5,11.89024943645946,9.920542244283933,14.244632856092359,16.991775224295665,0.014243553451634349,0.0040809602487698726,0.03935378463984095,0.009610222140468902,0.0024484347506770077,0.02863691369599373,0.9761462244078968
P02,L2,L2_2k,2k,R,250,6,11.263163764472166,9.407241161966448,13.51823960103435,17.481718581187714,0.010984312760023849,0.0031079654718871893,0.03170162449763788,0.008291771878578229,0.0021314928168288,0.025066255779012062,0.9807239153613979
P02,L2,L2_2k,2k,R,250,7,10.282681199027623,8.691404244984566,12.153410294007278,18.340979102108182,0.009635489730929368,0.0027292556991837537,0.02767564491321938,0.005459957669223171,0.0013958212316978753,0.01727369709525864,0.9849045525998475
P02,L2,L2_2k,2k,R,250,8,9.610263880450002,8.111060927357688,11.41731963936367,19.00961979736687,0.00957163368797067,0.002606387607687257,0.028551066719835667,0.010072629284307914,0.0025218546137798317,0.02918031514352744,0.9803557370277214
P02,L2,L2_2k,2k,R,250,9,10.783214408142967,9.000362422206315,12.883220103964742,17.886838257119493,0.015960761255097683,0.004687602292763455,0.042880508650313336,0.0075992770389510965,0.0019276239729442304,0.023818929518553994,0.9764399617059512
P02,L2,L2_2k,2k,R,250,10,9.243617700274378,7.839407737145116,10.91290721425029,19.406651453837473,0.012790011579898036,0.0037463968469124012,0.03600060990336588,0.006249722515587152,0.0015636583448869863,0.01977686593451187,0.9809602659045148
P02,L2,L2_2k,2k,R,300,1,11.245434229793762,9.697628247363923,13.060895632848132,17.49619559749539,0.051028501678218964,0.016839928550873736,0.10674407216171035,0.028243949189542417,0.008071318421184392,0.06616099778573545,0.9207275491322386
P02,L2,L2_2k,2k,R,300,2,10.25552677323262,8.489430118379184,12.375029033669787,18.366620815057964,0.045900516189954735,0.013250157321509748,0.11020305438236931,0.028838151537418248,0.006924685022633114,0.07566421490200956,0.9252613322726271
P02,L2,L2_2k,2k,R,300,3,10.421129914442044,8.685700029153132,12.51172982140973,18.211899270734456,0.05301446850762393,0.01404327710711673,0.12575428466572636,0.027403750017709477,0.006588714892898614,0.07786165310086834,0.9195817814746666
P02,L2,L2_2k,2k,R,300,4,12.523101933157161,10.574525582236202,14.728659277890966,16.53696812469,0.030587338373932405,0.009053934966696138,0.07393176685344889,0.017100504227866825,0.004287858236839246,0.046452119793391165,0.9523121573982007
P02,L2,L2_2k,2k,R,300,5,11.89024943645946,9.920542244283933,14.244632856092359,16.991775224295665,0.03701628742991593,0.010405387487859468,0.09132149980081902,0.02194642833190368,0.00558048167890205,0.059455619196587754,0.9410372842381804
P02,L2,L2_2k,2k,R,300,6,11.263163764472166,9.407241161966448,13.51823960103435,17.481718581187714,0.028731902660709574,0.007703623995388175,0.07306027087594393,0.018986412656487997,0.004619500202050735,0.05243002039388956,0.9522816846828024
P02,L2,L2_2k,2k,R,300,7,10.282681199027623,8.691404244984566,12.153410294007278,18.340979102108182,0.02538711303341485,0.006553052956195831,0.06848096993626346,0.012720578996358128,0.002814073555405613,0.03860061370601511,0.961892307970227
P02,L2,L2_2k,2k,R,300,8,9.610263880450002,8.111060927357688,11.41731963936367,19.00961979736687,0.02501671899343412,0.0072390936497367655,0.0645435976574862,0.022900057665649683,0.005923122435674118,0.059820587202228964,0.9520832233409161
P02,L2,L2_2k,2k,R,300,9,10.783214408142967,9.000362422206315,12.883220103964742,17.886838257119493,0.041489243048456664,0.01271717772659155,0.09595100789515384,0.01735265842282872,0.004495554075955251,0.04792686941955551,0.9411580985287146
P02,L2,L2_2k,2k,R,300,10,9.243617700274378,7.839407737145116,10.91290721425029,19.406651453837473,0.03353935322272493,0.009942915311275929,0.08081089556114518,0.014462748877945037,0.0035054895245510025,0.04131392188266962,0.95199789789933
P02,L2,L2_2k,2k,R,350,1,11.245434229793762,9.697628247363923,13.060895632848132,17.49619559749539,0.03493079248505462,0.01134257505906633,0.07734640951898794,0.025594799488235058,0.008250320181317905,0.0599880335148132,0.9394744080267103
P02,L2,L2_2k,2k,R,350,2,10.25552677323262,8.489430118379184,12.375029033669787,18.366620815057964,0.030987681996784665,0.008816787658078052,0.08117601814958565,0.025949582499548936,0.007378989662287925,0.06784139730646949,0.9430627355036664
P02,L2,L2_2k,2k,R,350,3,10.421129914442044,8.685700029153132,12.51172982140973,18.211899270734456,0.03591855998874183,0.009315385653314849,0.09124622209743471,0.025076097831234365,0.006738865042677157,0.06776917712537199,0.9390053421800238
P02,L2,L2_2k,2k,R,350,4,12.523101933157161,10.574525582236202,14.728659277890966,16.53696812469,0.020677316554484057,0.006127695323118848,0.05198396305641993,0.015431668212695725,0.004356676308418061,0.04149876702717205,0.9638910152328203
P02,L2,L2_2k,2k,R,350,5,11.89024943645946,9.920542244283933,14.244632856092359,16.991775224295665,0.024816974202355235,0.007232172066492017,0.06379501423993814,0.020021253514982493,0.005588144337022865,0.05464506123607796,0.9551617722826622
P02,L2,L2_2k,2k,R,350,6,11.263163764472166,9.407241161966448,13.51823960103435,17.481718581187714,0.019345909465210344,0.0053936630220049785,0.050840787992603435,0.017157190615684978,0.004865128808344455,0.04644296470520916,0.9634968999191047
P02,L2,L2_2k,2k,R,350,7,10.282681199027623,8.691404244984566,12.153410294007278,18.340979102108182,0.01699001147308437,0.004782801925464314,0.04612213775156204,0.011350657351396731,0.0030862412974867978,0.03317246647514815,0.971659331175519
P02,L2,L2_2k,2k,R,350,8,9.610263880450002,8.111060927357688,11.41731963936367,19.00961979736687,0.01712232304773457,0.004845997049161685,0.04521792193053842,0.020972415967781564,0.00605412663048001,0.053047046878477576,0.9619052609844839
P02,L2,L2_2k,2k,R,350,9,10.783214408142967,9.000362422206315,12.883220103964742,17.886838257119493,0.02814770318664729,0.008525562939358489,0.06979471474456324,0.01584842302747743,0.004436921805015795,0.04342251498732869,0.9560038737858753
P02,L2,L2_2k,2k,R,350,10,9.243617700274378,7.839407737145116,10.91290721425029,19.406651453837473,0.02258860795423593,0.0066532504085655185,0.05682692627964283,0.013060200164902142,0.0036225628032599687,0.03735089133854047,0.9643511918808619
P02,L2,L2_14k,14k,NR,50,1,4.246198449388776,3.198631093507387,5.7167207364229125,29.942080041784806,0.0983969415946572,0.022966164660825822,0.2386443445646089,0.12530570024133336,0.039465812114581625,0.220612537108276,0.7762973581640095
P02,L2,L2_14k,14k,NR,50,2,3.8968120570137508,2.8426840294585713,5.4417440421633385,31.536709596853935,0.08848718930307373,0.017117389150115164,0.25077670726846957,0.13092195650541513,0.0368985226254014,0.25611960054317845,0.7805908541915111
P02,L2,L2_14k,14k,NR,50,3,3.998972559419735,2.9564852949697373,5.5355218503338595,31.043629264319737,0.10181452656612197,0.021150822574364857,0.27114748735054656,0.12323636589115211,0.034291065821348124,0.24970533927789448,0.7749491075427258
P02,L2,L2_14k,14k,NR,50,4,4.638652492684285,3.4498145237077402,6.313401361397293,28.417146889565966,0.05963808915541444,0.012353687518353619,0.17130691431390793,0.07983587650469465,0.02175254874131901,0.1707867367896248,0.8605260343398908
P02,L2,L2_14k,14k,NR,50,5,4.559794315639443,3.3976745874408616,6.208213443897256,28.70426145418682,0.07548814411937153,0.01610186842111808,0.20497384855170186,0.09777862442651972,0.02875369147008161,0.20637199979512716,0.8267332314541087
P02,L2,L2_14k,14k,NR,50,6,4.153069361039381,3.0746832125055095,5.7454369642064025,30.342735366590766,0.05303979089929004,0.01107348707025386,0.15990552624173845,0.08664959475992687,0.02294450659330438,0.18583784573441553,0.8603106143407832
P02,L2,L2_14k,14k,NR,50,7,3.959904449611501,2.9825014435146024,5.360676105322136,31.229387328842833,0.05254064068967455,0.011661924562009903,0.1480350675810451,0.06045238507272985,0.01834856908785712,0.12956913724534547,0.8870069742375956
P02,L2,L2_14k,14k,NR,50,8,3.705286523371859,2.753857397056746,5.074832752301991,32.52946743030622,0.05273517842843896,0.010171443005846992,0.1625502665277731,0.10492242898122592,0.031179848299207735,0.2121776653656741,0.842342392590335
P02,L2,L2_14k,14k,NR,50,9,3.9434315485642157,2.9395737424056088,5.467088763807833,31.30874043500586,0.07433022413419095,0.014669629787765157,0.21471655953454602,0.08125368446043069,0.020122495597526373,0.18898364113141083,0.8444160914053783
P02,L2,L2_14k,14k,NR,50,10,3.4579553496904545,2.5615326464736663,4.780737480315783,33.96347959460506,0.06903888330000552,0.014173705889591642,0.1966456101776164,0.06934850396896652,0.018632358523228688,0.15690670685577907,0.861612612731028
P02,L2,L2_14k,14k,NR,100,1,5.440301869290282,4.198357156562853,7.049688209364264,25.927123326154916,0.1554225395708972,0.05865547740429703,0.27046121891413005,0.07516702294548619,0.018669033820155407,0.15746977771508444,0.7694104374836166
P02,L2,L2_14k,14k,NR,100,2,5.013420616229567,3.7724155638618675,6.690866077146883,27.164784031110813,0.14195195660015059,0.04314517219050425,0.2943918214936805,0.07886215691480879,0.01715500283626632,0.18865639178174287,0.7791858864850406
P02,L2,L2_14k,14k,NR,100,3,5.1366583636537575,3.8752126717640443,6.800992529054872,26.788845110370346,0.16008070939416538,0.0552340707045092,0.3031958513880223,0.07356428389357775,0.018005259893245588,0.17253781216060035,0.7663550067122569
P02,L2,L2_14k,14k,NR,100,4,5.9624997234154,4.509815099775339,7.888401064432078,24.625817597979225,0.09575758246975571,0.02768612496807764,0.21339089149846538,0.047428204008995514,0.009777451033448273,0.11907157756003584,0.8568142135212488
P02,L2,L2_14k,14k,NR,100,5,5.841247628480529,4.386032864286788,7.7851672452692915,24.910041516646743,0.1196089361026019,0.04076328154045435,0.24007710913526042,0.0578420108943775,0.013723529332404123,0.1414542955164751,0.8225490530030206
P02,L2,L2_14k,14k,NR,100,6,5.337949118013402,4.065424644522804,7.021036465466737,26.20795950815767,0.08482825713876825,0.028072718278535115,0.1831448665028908,0.050506231388343426,0.011730326882627897,0.1204910843325776,0.8646655114728883
P02,L2,L2_14k,14k,NR,100,7,5.088890363240366,3.905633637968356,6.6563197764796165,26.93264252894759,0.08271100385595578,0.02904425021679747,0.1738571096162473,0.034907901531326,0.008437385655566145,0.0896964503250373,0.8823810946127182
P02,L2,L2_14k,14k,NR,100,8,4.755663913589581,3.617385282700347,6.252201655873513,28.00706660152711,0.0854269962256109,0.025827695509680972,0.19734206320398529,0.06221517683371071,0.014645216280797813,0.14683715508279363,0.8523578269406784
P02,L2,L2_14k,14k,NR,100,9,5.061586949600708,3.802008585856034,6.732917924408469,27.015915826444306,0.11818344028115188,0.03628308115911762,0.2441333419094675,0.04774711198860691,0.009692355783039848,0.1275733257966661,0.8340694477302412
P02,L2,L2_14k,14k,NR,100,10,4.45284116092189,3.3329115113818277,5.951101144251881,29.108447502595425,0.10853807495052323,0.03379924412239802,0.23171088110845314,0.04099758680953263,0.00872047198990582,0.11032695685169085,0.8504643382399442
P02,L2,L2_14k,14k,NR,150,1,4.110249579762645,3.0742002786500953,5.501718304878159,30.53259339868849,0.15860832799750768,0.046127880386418844,0.28631135150600157,0.05804245124448683,0.012921202285616544,0.14096904037538696,0.7833492207580055
P02,L2,L2_14k,14k,NR,150,2,3.7859114413161112,2.7187762545309373,5.260047115178721,32.10008706739402,0.14490035775094823,0.03538671283249786,0.3057532402623842,0.06025907942258664,0.012175105452838062,0.16544665116735402,0.7948405628264651
P02,L2,L2_14k,14k,NR,150,3,3.8809900078154467,2.8457519852066873,5.35942883574415,31.61524237411574,0.1637904306024356,0.04531930671665045,0.32364602994767955,0.05757796349758989,0.01147614744574753,0.15957497061747278,0.7786316058999745
P02,L2,L2_14k,14k,NR,150,4,4.507158665641612,3.2961172099661993,6.170274991790367,28.900987267028253,0.09594644675557748,0.02336722335713825,0.21399224816218326,0.03617186693241894,0.006865332720413585,0.10105393031492023,0.8678816863120036
P02,L2,L2_14k,14k,NR,150,5,4.425969542032455,3.2378825747048317,6.031417823128784,29.21280271272837,0.12148760189902663,0.03262631397715571,0.25669293388992215,0.045204280210161873,0.009044550275150111,0.12440503768191846,0.8333081178908115
P02,L2,L2_14k,14k,NR,150,6,4.039703277492968,2.9268306518148735,5.529647103985952,30.8535348660083,0.08792687038851738,0.019644153303833976,0.20291215943454288,0.038814538955554465,0.007338499484355069,0.11719198618326318,0.8732585906559283
P02,L2,L2_14k,14k,NR,150,7,3.847952695946848,2.827489848099955,5.251689023307587,31.781169921539455,0.08501606614432677,0.022038728236457757,0.18919265727393303,0.026950987234188976,0.005480034778997737,0.07889759861962119,0.8880329466214842
P02,L2,L2_14k,14k,NR,150,8,3.5930828039342746,2.652004599974715,4.855729832712244,33.15705683226248,0.08613218535857232,0.020698942921102664,0.2092978957751242,0.04795120549361685,0.010002651790431796,0.129932708915685,0.8659166091478108
P02,L2,L2_14k,14k,NR,150,9,3.8329679509557906,2.760672807284901,5.2929307438543605,31.857311851856966,0.11984151563556089,0.03053236839882116,0.25963396779565334,0.036391550231455794,0.006750554453824151,0.11249384488705975,0.8437669341329833
P02,L2,L2_14k,14k,NR,150,10,3.3649980038499985,2.443151453705592,4.593885859749109,34.55341830589081,0.10903561290460705,0.028485746920554167,0.2300489764513562,0.031175002112023155,0.006262815579667107,0.0917911101968738,0.8597893849833698
P02,L2,L2_14k,14k,NR,200,1,4.860879312282588,3.719068059317535,6.377460803874348,27.653574672369317,0.06036515611012465,0.014221180879863404,0.1659990230583471,0.12721467589513802,0.04928370443247214,0.2153780375326561,0.8124201679947374
P02,L2,L2_14k,14k,NR,200,2,4.467749429928887,3.285463376173393,6.046788953143517,29.051047593003155,0.05484756655927558,0.010893635376350883,0.16627618377888936,0.13183773604372034,0.04581222501324491,0.2493114827307426,0.813314697397004
P02,L2,L2_14k,14k,NR,200,3,4.574723115021886,3.4157464943059734,6.155286478245279,28.649216562829903,0.06273274821381972,0.013456108123689933,0.1846427065747687,0.12478631902204704,0.04131171751717769,0.24179382084987328,0.8124809327641332
P02,L2,L2_14k,14k,NR,200,4,5.3165939304524725,3.9852296044320443,7.103488380881983,26.267747645387107,0.03610926630043493,0.007863710762421136,0.11269163575462299,0.0814453957939866,0.027151901173821685,0.16424617379111203,0.8824453379055786
P02,L2,L2_14k,14k,NR,200,5,5.2064921909704145,3.849851681809184,7.040555815171994,26.58283247194741,0.046094072403428915,0.009469326150294454,0.15377982046500574,0.10104771185749406,0.030641603563821746,0.20460424655883652,0.852858215739077
P02,L2,L2_14k,14k,NR,200,6,4.757747782499869,3.533623282452116,6.434252820558188,27.99992883475375,0.03200308822385636,0.006376940418846474,0.10845153330350368,0.08806420473555673,0.027567254858004323,0.180559128544366,0.8799327070405869
P02,L2,L2_14k,14k,NR,200,7,4.547125720921322,3.4158670663195507,6.0321757594372265,28.751230776544507,0.03179903485325071,0.006720385646317693,0.10118347199312375,0.06177331859617604,0.019914333032604366,0.13460849053747076,0.9064276465505732
P02,L2,L2_14k,14k,NR,200,8,4.246054772564314,3.1538280493287245,5.7022309594655365,29.942685631578502,0.03155995821473663,0.006103825634943397,0.11549205185497659,0.10676147533436287,0.03456964170430913,0.2164503516225234,0.8616785664509005
P02,L2,L2_14k,14k,NR,200,9,4.525677837311781,3.3854809625393347,6.079624715057788,28.831295927839413,0.046027607381324005,0.009620617099965903,0.14003453128257545,0.08186481031967015,0.02663145248826109,0.17085553118849725,0.8721075822990058
P02,L2,L2_14k,14k,NR,200,10,3.9620264552386555,2.966065182616038,5.346173971562044,31.21921001322157,0.04191129631397342,0.008385207306049795,0.13410538542828593,0.07126265322701644,0.02164706896599719,0.15674206863114562,0.8868260504590102
P02,L2,L2_14k,14k,NR,250,1,3.9591489902289245,3.0262155032661413,5.321330448892789,31.233013032737006,0.09645449737206008,0.02619817607901546,0.19693968898868303,0.030949375075522482,0.007931921078144378,0.08156645694031132,0.8725961275524174
P02,L2,L2_14k,14k,NR,250,2,3.6465480064501996,2.67509546502193,5.025372963245569,32.853489538441636,0.08709479390942593,0.02025992967994326,0.2104172693419298,0.032653377061779135,0.0070613356263986935,0.09692629930967532,0.8802518290287948
P02,L2,L2_14k,14k,NR,250,3,3.7169857689167762,2.786411521671107,5.1203359139989635,32.466078225425846,0.09903651411747091,0.0265482733072712,0.22611743179730748,0.030902702154835537,0.00675214464313884,0.09027094779042225,0.8700607837276935
P02,L2,L2_14k,14k,NR,250,4,4.322412825857762,3.2533045719836644,5.953149873277106,29.626083146470258,0.05559525733342009,0.0127575756312407,0.14431028965788048,0.01916453168282614,0.004358833782024683,0.06005574045757044,0.9252402109837538
P02,L2,L2_14k,14k,NR,250,5,4.240585288604674,3.1485538536459052,5.843080701361083,29.965767395702525,0.07198538682647239,0.01682440410940511,0.17239511930770487,0.024441196020308177,0.0055412399974117685,0.07190004434919925,0.9035734171532195
P02,L2,L2_14k,14k,NR,250,6,3.874342372977913,2.906094787149225,5.37096208862754,31.648416861286687,0.05001085613033611,0.011194679024621564,0.13341491150470183,0.02091991390950912,0.004642533304022573,0.06255889962228758,0.9290692299601548
P02,L2,L2_14k,14k,NR,250,7,3.7023908341567235,2.7640808590664956,5.012526277063685,32.54521495073052,0.049001367617546976,0.011054681102140607,0.1259029295131326,0.014359892301605594,0.003093929569863434,0.046890561268031546,0.9366387400808474
P02,L2,L2_14k,14k,NR,250,8,3.4568674429648834,2.5916471236537673,4.72089652752014,33.97021183167701,0.05046914925540599,0.012068178962647487,0.1290170986727291,0.025753829663047335,0.0059310890219659695,0.07518118340893602,0.9237770210815467
P02,L2,L2_14k,14k,NR,250,9,3.6812508000394697,2.712776239905911,5.083532472890354,32.6608840351216,0.07079067284739793,0.015900549426414667,0.1760252013027022,0.01926079180077077,0.0038929058005251265,0.06600349261785646,0.9099485353518313
P02,L2,L2_14k,14k,NR,250,10,3.2284567607563313,2.386722808202602,4.431612097406095,35.47739956970017,0.06393930859780902,0.014142515755852582,0.1621736223744256,0.01665252066887523,0.0033524866926610193,0.05565359519727175,0.9194081707333157
P02,L2,L2_14k,14k,NR,300,1,7.261024248889853,5.770371871057999,9.109897789791622,22.095703972128394,0.05812744303406364,0.017834393803204118,0.13086294278450114,0.07817982102943602,0.02863930169644206,0.14233319688736565,0.8636927359365003
P02,L2,L2_14k,14k,NR,300,2,6.707376174518217,5.094900553537308,8.631020260109887,23.073801594136437,0.052518284262590156,0.013683308781441195,0.13818792382398634,0.08197033079303731,0.026008542756301933,0.16842816212845207,0.8655113849443725
P02,L2,L2_14k,14k,NR,300,3,6.85011430611827,5.239676138222453,8.881335752198641,22.809083056718475,0.06037230780221285,0.016647220059587183,0.14729688852749842,0.07678519224808167,0.025646436570068668,0.15981045599098287,0.8628424999497055
P02,L2,L2_14k,14k,NR,300,4,7.9621243574599525,6.164682810336256,10.092266589288371,21.02061608520742,0.03335125641982365,0.008805195376430021,0.09291613605416067,0.04920109404463455,0.014761496906977327,0.10609952365676617,0.9174476495355418
P02,L2,L2_14k,14k,NR,300,5,7.8095483813248565,6.018829673156634,10.038984021361445,21.241072852935506,0.04348246504049255,0.010880294600276424,0.11795239819630453,0.061756865145868825,0.018172938922145096,0.13342214667463095,0.8947606698136386
P02,L2,L2_14k,14k,NR,300,6,7.119261276995662,5.523830944792962,9.196509940450797,22.33409783511714,0.030166495819441697,0.008185344562544258,0.08195886274654653,0.05275440572826533,0.017072784014222863,0.11837663352427631,0.917079098452293
P02,L2,L2_14k,14k,NR,300,7,6.782911625559729,5.31202727503922,8.661457440275246,22.932557032771257,0.029778266236226997,0.00764548988616772,0.07989185076444165,0.036656336701988916,0.011334155990443679,0.08694358044406018,0.9335653970617841
P02,L2,L2_14k,14k,NR,300,8,6.348658391016911,4.892971162432492,8.161003970236091,23.782781445935438,0.030314265759976547,0.007252154842652289,0.09030563688689446,0.06546209022416011,0.020337892539494716,0.13928925924213276,0.9042236440158634
P02,L2,L2_14k,14k,NR,300,9,6.765027871369424,5.265584036352284,8.647928024840807,22.965759970542283,0.04271878709128778,0.01170089439395478,0.11083814380748462,0.05001437435953848,0.015123185036035386,0.11135626247422896,0.9072668385491738
P02,L2,L2_14k,14k,NR,300,10,5.942300725806475,4.5479522998845265,7.597266733493706,24.67247506632895,0.03892423962070449,0.010385074395900607,0.1013922358375705,0.04270354953091432,0.012922548731999713,0.09813754117532737,0.9183722108483813
P02,L2,L2_14k,14k,NR,350,1,6.899660793552208,5.133477386112435,9.247222238454166,22.719334713754012,0.11716028122525157,0.039574188134797884,0.23688034432251498,0.13318337052301504,0.05955523522204965,0.21434237641987364,0.7496563482517334
P02,L2,L2_14k,14k,NR,350,2,6.353569065151139,4.5491760043643215,8.930267141441849,23.772622241898194,0.10646012067183962,0.027794316330519635,0.2541709227593725,0.13837916681174212,0.05081222503202042,0.25554423620426453,0.7551607125164183
P02,L2,L2_14k,14k,NR,350,3,6.49327468321919,4.667370203544797,9.065857713869711,23.48904040908786,0.12028682593173592,0.0392883122304867,0.262114950847551,0.13100590683247756,0.04910462513427991,0.2396300666708371,0.7487072672357865
P02,L2,L2_14k,14k,NR,350,4,7.555267901089438,5.538905237577707,10.204450054780773,21.624579709467852,0.07230759725192026,0.02104826073024084,0.166752918517593,0.0848162664926852,0.03338785115140883,0.1666351667422748,0.8428761362553945
P02,L2,L2_14k,14k,NR,350,5,7.363816131223764,5.348105372860684,10.415680610009247,21.927599065955413,0.09051656510190985,0.02722867389060423,0.211752916657818,0.10515909312709051,0.03905076220630282,0.20036799415082837,0.8043243417709997
P02,L2,L2_14k,14k,NR,350,6,6.762323523614991,4.886985066068006,9.356103268057147,22.970793614740973,0.06480846286846725,0.017122653767409783,0.16758270597631106,0.09241788301819083,0.032133245424795974,0.18126520574813673,0.8427736541133419
P02,L2,L2_14k,14k,NR,350,7,6.446995784815145,4.666237738440403,8.8678501345979,23.581832350872673,0.06464723262347832,0.018452300372643417,0.15540889610472824,0.0650717467224971,0.022024984985951054,0.13733029797774263,0.8702810206540246
P02,L2,L2_14k,14k,NR,350,8,6.025459332161401,4.415302240125391,8.297192280946245,24.482106042053925,0.063681457675689,0.015381497964861292,0.17953132340275899,0.11355759853002427,0.037995043358410696,0.21301751257527504,0.8227609437942868
P02,L2,L2_14k,14k,NR,350,9,6.415107246438712,4.616830865839616,8.782676865145186,23.646426177381013,0.09043261977711659,0.024559952430013444,0.21202560613406896,0.08672478316016861,0.030566294728575708,0.17702481692063468,0.8228425970627148
P02,L2,L2_14k,14k,NR,350,10,5.624276881973687,4.140374119726615,7.825503767054814,25.444835841404853,0.08271178370040724,0.02211521817029214,0.20541490093814377,0.0747122059685851,0.024291368743280306,0.158053918676531,0.8425760103310077
P02,L2,L2_14k,14k,R,50,1,9.527764832301834,7.728737369563221,11.696632150713084,19.096818213954066,0.05097410691368813,0.0179235543136696,0.11211266530185965,0.04915238933922063,0.017626975125353887,0.094854039166952,0.8998735037470913
P02,L2,L2_14k,14k,R,50,2,8.776020509776785,6.875540705396105,11.161570810808144,19.951293678033185,0.04631343429743334,0.013433470608350697,0.11825994298224844,0.051842836147038135,0.01580815424234132,0.11523452683144517,0.9018437295555286
P02,L2,L2_14k,14k,R,50,3,8.980939700606365,7.085312019736759,11.398345893800585,19.706993806652303,0.052907720625723076,0.016045585210366392,0.13312815625724075,0.04880584787403529,0.014319781549388925,0.1093793492261034,0.8982864315002417
P02,L2,L2_14k,14k,R,50,4,10.42829917714409,8.284464789400388,13.023518422377789,18.205289457569382,0.029297392355936508,0.008445919058096935,0.0784917703133054,0.030617195860199935,0.009091095251739557,0.07035209966381732,0.9400854117838635
P02,L2,L2_14k,14k,R,50,5,10.22682372066247,8.085075887121755,13.018641981619858,18.393842654271634,0.038289131936583384,0.011107547512546419,0.09532322975360853,0.03830520611368253,0.011974400015225165,0.08696466664421194,0.9234056619497342
P02,L2,L2_14k,14k,R,50,6,9.344128813612024,7.3724556920999404,11.826252518877103,19.2953283378711,0.02627369116059708,0.007908347237602593,0.06721860981805813,0.03297025242504692,0.010717885406201003,0.0736005091133256,0.940756056414356
P02,L2,L2_14k,14k,R,50,7,8.908547053700513,7.091405203599205,11.125286266596705,19.792263636152345,0.025473658320464547,0.007772951062737481,0.06430017406952333,0.022679137726154305,0.007091370688053169,0.055577226937255725,0.9518472039533812
P02,L2,L2_14k,14k,R,50,8,8.327542045030413,6.641745817083852,10.436166916808677,20.519557920788536,0.026384294731261235,0.007673884835864427,0.0725838199418872,0.04064497381977748,0.01286965389078499,0.08914525161861445,0.9329707314489613
P02,L2,L2_14k,14k,R,50,9,8.882438391712437,6.969304888650504,11.202103308872456,19.823290936641186,0.03703522411127885,0.011059128884121588,0.09314027493323684,0.03065443127230392,0.009608105813498193,0.07209778103274354,0.9323103446164172
P02,L2,L2_14k,14k,R,50,10,7.7783954106419095,6.153198673171946,9.831557955512848,21.2869527895954,0.033528131158963886,0.010670838937118602,0.08395928383026857,0.026353879466799002,0.007983666362129315,0.06268725955892507,0.9401179893742371
P02,L2,L2_14k,14k,R,100,1,11.691431230351402,8.998074768916098,15.322944531624419,17.142614745974385,0.08770235275326049,0.029247054252317987,0.1662208180748552,0.03185006793248066,0.00811889937234116,0.07708095775538815,0.8804475793142588
P02,L2,L2_14k,14k,R,100,2,10.78414840313102,7.991346406574696,14.475216756283041,17.886022220477724,0.07955794318807019,0.023108228877208762,0.1748291260437857,0.033379049814052306,0.007833559615869913,0.0901724444216805,0.8870630069978775
P02,L2,L2_14k,14k,R,100,3,11.019736897837621,8.128187587361024,14.96544816574307,17.6836998101933,0.09158459839735683,0.025306032340952564,0.20056637684278872,0.031348002980306496,0.006578939021370514,0.09315768468970327,0.8770673986223367
P02,L2,L2_14k,14k,R,100,4,12.808761566461433,9.64528025447437,16.986045109634496,16.3433292664937,0.05085094187397014,0.01444902888615378,0.1164640397148625,0.01963855635295953,0.004356399093756273,0.05752700119266017,0.9295105017730704
P02,L2,L2_14k,14k,R,100,5,12.535337131312687,9.32673772762533,16.89610035977491,16.528532420968844,0.06634049768408973,0.017278075650854072,0.15164648094149077,0.024610548589692742,0.005051512056050926,0.07456727473408185,0.9090489537262176
P02,L2,L2_14k,14k,R,100,6,11.444341720906511,8.566174463684852,15.502427762588953,17.335815525207643,0.04536888471298504,0.012953200238531965,0.108396844878564,0.021231874323219976,0.0049365185564478435,0.05960233523701178,0.933399240963795
P02,L2,L2_14k,14k,R,100,7,10.947633443308286,8.311933217595115,14.370117071123875,17.744888756419535,0.04394493975556131,0.013249439309454075,0.10258445460573007,0.014638028694916575,0.0033244860110157454,0.04439434195123495,0.941417031549522
P02,L2,L2_14k,14k,R,100,8,10.221855409427132,7.700687112210574,13.570252941246357,18.39856693052097,0.0457953911901417,0.01335908434991931,0.10915551355096513,0.02630886899216099,0.006462247135503244,0.06920720411672941,0.9278957398176972
P02,L2,L2_14k,14k,R,100,9,10.87223221918774,8.153304049044998,14.472508680835524,17.80956310973026,0.06337156714618775,0.019851267624697345,0.13640232097587168,0.019583896054082138,0.004583747128264605,0.055902668851196526,0.9170445367997301
P02,L2,L2_14k,14k,R,100,10,9.527572040668256,7.219264139954686,12.775486912333632,19.09702340245092,0.05783449742680661,0.018280861793292847,0.12588779132056854,0.016985998664550434,0.003985892016841166,0.0483831562679337,0.925179503908643
P02,L2,L2_14k,14k,R,150,1,10.997389209124641,8.704129455997332,13.95261997600716,17.702596689842967,0.04868330930385636,0.0169346726411179,0.10125879413413422,0.018264399386167876,0.005092943450950485,0.04696159030318312,0.9330522913099758
P02,L2,L2_14k,14k,R,150,2,10.10246052031544,7.702759009289412,13.46275079256287,18.513208570692953,0.044357096436997465,0.012643587920977585,0.1118471961777488,0.01919679832813699,0.004551532825507123,0.05583069632933361,0.9364461052348655
P02,L2,L2_14k,14k,R,150,3,10.366918764570535,7.949552417942946,13.56369500986804,18.26211520136126,0.05072305742404075,0.015485634095926994,0.12287527392214251,0.017914229875927015,0.004569125160275991,0.051224790870403,0.9313627127000322
P02,L2,L2_14k,14k,R,150,4,12.030369207996669,9.392511504209253,15.52479992103925,16.88783647256199,0.02742493991365817,0.008016350716265561,0.07060476878819275,0.011180300571046225,0.0028035491425201027,0.03236747032182308,0.9613947595152956
P02,L2,L2_14k,14k,R,150,5,11.803589683618709,9.071798099382438,15.336201216787858,17.057029613711528,0.03570211902052445,0.01125611363867498,0.08587079594733266,0.014011009674171467,0.0036185986803827877,0.04034643143028676,0.9502868713053041
P02,L2,L2_14k,14k,R,150,6,10.779898582840051,8.368716341938757,13.919510598825322,17.889736217999424,0.024548956589305032,0.007432704238991726,0.061775058741322164,0.012182406386453886,0.0030309126062788485,0.03500809932865227,0.9632686370242411
P02,L2,L2_14k,14k,R,150,7,10.285055864983505,8.029566482538362,13.115837938561532,18.338741848434413,0.023826164873205512,0.007155672906123237,0.0604386588724285,0.008331793153201265,0.00204978885013096,0.025592820538941186,0.9678420419735931
P02,L2,L2_14k,14k,R,150,8,9.600594642788554,7.504547698514232,12.330264738227358,19.01977774576122,0.02506167725315277,0.0072817344873036295,0.06424819225915263,0.015001749564679298,0.003905909752290985,0.042549449029448884,0.959936573182168
P02,L2,L2_14k,14k,R,150,9,10.232983876802713,8.002100424118408,13.265127659355938,18.387990146676266,0.03481189962445158,0.010722466803909614,0.08511873982923099,0.011346580587043778,0.0027833676628494907,0.03457100038012397,0.9538415197885046
P02,L2,L2_14k,14k,R,150,10,8.96171707047456,6.938070887624307,11.613163658461744,19.729527555636516,0.03160108328188253,0.009952819159028252,0.07701634274920224,0.009618923821155593,0.0023242762845097275,0.029612283021093012,0.9587799928969619
P02,L2,L2_14k,14k,R,200,1,11.07791849073734,8.948965372484073,13.596576389717539,17.63478575032157,0.039556940592452454,0.012268496289145095,0.08677802253769838,0.02271408377622777,0.0066671702975762085,0.05496530306144689,0.9377289756313198
P02,L2,L2_14k,14k,R,200,2,10.210536035373579,7.9688374322999165,12.997237153713039,18.409343983931105,0.03535312444283066,0.010028015781293571,0.0911001189401412,0.023912102760569445,0.0065507441019707355,0.0635588043803135,0.9407347727965999
P02,L2,L2_14k,14k,R,200,3,10.433053131347265,8.208703194067558,13.165690872615137,18.200910458197217,0.04120182948852656,0.011111337585926626,0.10507097551860074,0.022346507897865367,0.005541040080727652,0.06257667409677742,0.936451662613608
P02,L2,L2_14k,14k,R,200,4,12.112137544538218,9.600016964036287,15.152758764111262,16.828058719791855,0.022152941865610964,0.006145257886473446,0.057373691467107496,0.013952308939939498,0.003789051448860136,0.03893731737016425,0.9638947491944495
P02,L2,L2_14k,14k,R,200,5,11.834201746985912,9.431422789655384,15.062589451196107,17.03389282514374,0.029108807712758155,0.007894461894635843,0.07628020850057055,0.01758022630856218,0.004321935025531459,0.0495727758108708,0.9533109659786797
P02,L2,L2_14k,14k,R,200,6,10.836677894836889,8.55023463461153,13.722870173776322,17.8403065903255,0.019804411110332317,0.0054109588517873616,0.0542629571716103,0.015232910177569382,0.0038849518690666604,0.042103374630822324,0.9649626787120984
P02,L2,L2_14k,14k,R,200,7,10.345543320105122,8.177057172329954,13.002639928823639,18.282030306089112,0.019390163056482876,0.005186239687333236,0.05079247179387216,0.010454573362838001,0.002610284957237595,0.030471979436652585,0.9701552635806792
P02,L2,L2_14k,14k,R,200,8,9.659481424883843,7.659733911478667,12.245029495064019,18.958167017298628,0.02022128352977295,0.005365664684743567,0.05609578210887208,0.018823754406702094,0.0049862402868147745,0.050378066021234146,0.9609549620635249
P02,L2,L2_14k,14k,R,200,9,10.287805245240069,8.1074440407958,13.011267082543432,18.336152590414255,0.02829555302314864,0.007628977611141593,0.07231910966750922,0.014212887389755187,0.003435919139307113,0.04183617352210457,0.9574915595870961
P02,L2,L2_14k,14k,R,200,10,9.04209676066439,7.093045419938953,11.416622897274893,19.63581582946927,0.025547617784070584,0.007160326481851231,0.0661402045022429,0.012128765750978187,0.003121724248100648,0.03401449595999345,0.9623236164649512
P02,L2,L2_14k,14k,R,250,1,13.472766477563614,10.946495644484097,16.53190772482901,15.91833007607774,0.02223706699725897,0.0071645102093226025,0.05288300609691896,0.013385323091046935,0.0038798300920800236,0.0349022906989806,0.9643776099116941
P02,L2,L2_14k,14k,R,250,2,12.398650350758398,9.674005239748027,15.805071292577644,16.623515067925968,0.020097070352114048,0.0055645755750464865,0.05771797043577965,0.014053116267449622,0.0034111796286976854,0.043207638002808205,0.9658498133804363
P02,L2,L2_14k,14k,R,250,3,12.656881951779226,9.953148915371226,16.14341780149289,16.445428754456294,0.023332083662173445,0.006598729830242345,0.0629283460870001,0.01318349881594973,0.0033189152444540204,0.04131593529737614,0.9634844175218769
P02,L2,L2_14k,14k,R,250,4,14.741918366009994,11.763907240478876,18.356569893289954,15.190707982926812,0.012357045315806895,0.00344967313812356,0.03597603989804246,0.00825251488639061,0.0020846603197314855,0.024639184676219197,0.9793904397978025
P02,L2,L2_14k,14k,R,250,5,14.412604400918369,11.369455102058883,18.26159128575181,15.369863535965795,0.01636061027425875,0.004643182319714702,0.04719626668376211,0.010264049956652258,0.0025899399953619507,0.030836153700242234,0.973375339769089
P02,L2,L2_14k,14k,R,250,6,13.191052021910938,10.427075118013223,16.677464973627778,16.094544684684145,0.011220791608348666,0.003101512717717872,0.03200785799810952,0.008870539321145909,0.002260170399388464,0.0266730638471808,0.9799086690705054
P02,L2,L2_14k,14k,R,250,7,12.5969949439421,10.004451703170094,15.658404321986456,16.48621777658106,0.010703320845121246,0.0030316510757968556,0.030922028381884858,0.006115346902233821,0.0015091323783966463,0.019458871712665485,0.9831813322526449
P02,L2,L2_14k,14k,R,250,8,11.749852767834637,9.329205286864909,14.771473455114178,17.09787401810646,0.011353321711781605,0.0030602952456845853,0.03359941228438524,0.010928523828639418,0.002924293079428895,0.032471647110848885,0.977718154459579
P02,L2,L2_14k,14k,R,250,9,12.521966242568334,9.829177361707337,15.790015952661891,16.537751797077153,0.015916409391519976,0.004472303243713564,0.043601165658762216,0.008323132380356181,0.0020312631297885186,0.02637559884497561,0.9757604582281239
P02,L2,L2_14k,14k,R,250,10,10.97923130547915,8.714599607458641,13.738140105022525,17.717995596728336,0.01434395069910488,0.004066414254023119,0.04026253262884061,0.007048199604868916,0.00171450167627369,0.022649463282919974,0.9786078496960262
P02,L2,L2_14k,14k,R,300,1,10.429456412905829,8.38744051366522,13.024203518454456,18.204223203300838,0.04797325100950213,0.015747135895548384,0.10433951409830362,0.027899403150038124,0.008304234294306597,0.06452605262719527,0.9241273458404597
P02,L2,L2_14k,14k,R,300,2,9.594734626075159,7.421837788432244,12.476047239898675,19.025941915931224,0.04254044130906709,0.012081393314262575,0.11026804153956035,0.029263861201547975,0.007376749649234391,0.07698497916088247,0.9281956974893849
P02,L2,L2_14k,14k,R,300,3,9.806425923242447,7.690160436243246,12.695990941587464,18.80701165329164,0.050263748664255675,0.013337845263450266,0.1250914735019086,0.027568481224092254,0.00659954491570213,0.07404729515972377,0.9221677701116521
P02,L2,L2_14k,14k,R,300,4,11.42870705098947,9.075705750954908,14.47263860194512,17.34826190543172,0.02707538009817101,0.00755133853961988,0.06783530021434939,0.017095935429333783,0.0045986297367696235,0.04585604185515645,0.9558286844724952
P02,L2,L2_14k,14k,R,300,5,11.187636784614838,8.63194553217747,14.587524457978226,17.543641773094137,0.03520542165466047,0.010104175627271924,0.08953167401027486,0.021529132642435278,0.005628815298544587,0.057686207277373204,0.9432654457029043
P02,L2,L2_14k,14k,R,300,6,10.227591937950104,7.947665219635324,13.278903321789631,18.393112496723283,0.024345643602399672,0.006313647299625159,0.06648377167334286,0.01855258980779841,0.00460064659687723,0.04976574853976211,0.957101766589802
P02,L2,L2_14k,14k,R,300,7,9.721036747016072,7.698328179298441,12.55100738468789,18.894403267054493,0.023545867966430198,0.006017158655296654,0.06533119429300444,0.012745089900030988,0.0030385222075114964,0.03764228852808078,0.9637090421335388
P02,L2,L2_14k,14k,R,300,8,9.102828278035673,7.124027818890023,11.628507877564994,19.565895498521158,0.024319166570306847,0.006903234894984399,0.06288496405208953,0.02298449533321329,0.006043317089179018,0.05968949770322268,0.9526963380964798
P02,L2,L2_14k,14k,R,300,9,9.690777528774804,7.587213778135556,12.393402735269188,18.92566716227315,0.034109714295174925,0.010224710822670117,0.08510850771276052,0.01722894772729605,0.004476904544751305,0.04705431023551417,0.948661337977529
P02,L2,L2_14k,14k,R,300,10,8.507215043158137,6.679745062674846,10.91417184104102,20.286078743580703,0.031359704651556124,0.008901029946284727,0.07801994840876858,0.01488411506945105,0.0037820044847192338,0.040621482754786095,0.9537561802789928
P02,L2,L2_14k,14k,R,350,1,11.237588217414586,9.071163482354908,13.849996364911009,17.502613772243937,0.03590207075360398,0.011827238440495718,0.07821672324398278,0.025380160538786466,0.007576161695017918,0.05795993738461584,0.9387177687076096
P02,L2,L2_14k,14k,R,350,2,10.371695288985471,8.070983066513243,13.196007832938712,18.25767392896733,0.03192215402805716,0.008992138351868777,0.08450239751568767,0.0265121398193987,0.007156304978723711,0.06723538829424668,0.9415657061525441
P02,L2,L2_14k,14k,R,350,3,10.571581825100004,8.240647909472926,13.484742749171804,18.074684794454186,0.03763009423145612,0.01025566523391835,0.09406456786651138,0.024491373615088803,0.006487220146812184,0.06826104174572478,0.9378785321534551
P02,L2,L2_14k,14k,R,350,4,12.296345077605688,9.742741567150745,15.509612421940973,16.695690409121198,0.019948115133457893,0.005885058575292138,0.05285537561537173,0.015466395783086284,0.00424369910220466,0.04093927119364295,0.9645854890834559
P02,L2,L2_14k,14k,R,350,5,12.025187982471454,9.486925388017086,15.34157824026971,16.891645827547478,0.026145770508269627,0.0075476249502503855,0.06712223766980722,0.019458158616313687,0.005230170659602302,0.05237707077150862,0.9543960708754167
P02,L2,L2_14k,14k,R,350,6,11.010700640005503,8.66141210504226,14.054509005827605,17.691333421904886,0.017919481545916056,0.0050866075677539445,0.04932377954059613,0.01679041061684576,0.004461379306596109,0.04527770695906417,0.9652901078372382
P02,L2,L2_14k,14k,R,350,7,10.496176400398326,8.320556588994984,13.2548004157738,18.143064992970054,0.017347395507365134,0.005018309420854228,0.04699981686335696,0.011581624742687846,0.0029547481676094845,0.032802900358313646,0.971070979749947
P02,L2,L2_14k,14k,R,350,8,9.817610670002205,7.753481629563742,12.322565826587326,18.795654644446152,0.018230062586529323,0.005108422525715042,0.050553347281376594,0.02072793572589775,0.005674318455577664,0.05359247492522169,0.9610420016875729
P02,L2,L2_14k,14k,R,350,9,10.445838245640758,8.194997874886104,13.198632613303658,18.18914945626376,0.02540808235377819,0.007600072751581992,0.06429380267751214,0.015750015960419805,0.004233269557480236,0.042534611934193556,0.958841901685802
P02,L2,L2_14k,14k,R,350,10,9.179849498519031,7.267378317810519,11.55301043969593,19.478292154801306,0.023101717194723613,0.006777416377218578,0.05917329824992606,0.01325843270563773,0.003541380764900297,0.036898471353837906,0.9636398500996386
P03,L0,L0_2k,2k,NR,50,1,1.0935766580739497,0.9612392158850216,1.237560320176072,69.56004587964418,NA,NA,NA,NA,NA,NA,NA
P03,L0,L0_2k,2k,NR,50,2,1.1329020595178214,0.9724210956087255,1.306447403832853,68.28962620688844,NA,NA,NA,NA,NA,NA,NA
P03,L0,L0_2k,2k,NR,50,3,1.522401938035612,1.3287085362419033,1.7295627072127329,57.759443590726754,NA,NA,NA,NA,NA,NA,NA
P03,L0,L0_2k,2k,NR,50,4,1.4878579304658983,1.2979144114661214,1.6887704140530746,58.563074267840605,NA,NA,NA,NA,NA,NA,NA
P03,L0,L0_2k,2k,NR,50,5,1.5083606352055328,1.3056563730771462,1.732908840409228,58.08342304890823,NA,NA,NA,NA,NA,NA,NA
P03,L0,L0_2k,2k,NR,50,6,2.436272810154553,2.143071893126196,2.7647840253750715,42.66333016588427,NA,NA,NA,NA,NA,NA,NA
P03,L0,L0_2k,2k,NR,50,7,1.6552475025257403,1.4432125978557564,1.8854206653529322,54.866237011311846,NA,NA,NA,NA,NA,NA,NA
P03,L0,L0_2k,2k,NR,50,8,2.1405796547763636,1.8756720655458161,2.431880881967018,46.484834255362365,NA,NA,NA,NA,NA,NA,NA
P03,L0,L0_2k,2k,NR,50,9,1.8783611125494222,1.6448050001771926,2.1312489154603984,50.63147176547992,NA,NA,NA,NA,NA,NA,NA
P03,L0,L0_2k,2k,NR,50,10,2.2647032300014196,1.9926365971665587,2.56215292337149,44.78258719719682,NA,NA,NA,NA,NA,NA,NA
P03,L0,L0_2k,2k,NR,100,1,1.0935766580739497,0.9612392158850216,1.237560320176072,69.56004587964418,NA,NA,NA,NA,NA,NA,NA
P03,L0,L0_2k,2k,NR,100,2,1.1329020595178214,0.9724210956087255,1.306447403832853,68.28962620688844,NA,NA,NA,NA,NA,NA,NA
P03,L0,L0_2k,2k,NR,100,3,1.522401938035612,1.3287085362419033,1.7295627072127329,57.759443590726754,NA,NA,NA,NA,NA,NA,NA
P03,L0,L0_2k,2k,NR,100,4,1.4878579304658983,1.2979144114661214,1.6887704140530746,58.563074267840605,NA,NA,NA,NA,NA,NA,NA
P03,L0,L0_2k,2k,NR,100,5,1.5083606352055328,1.3056563730771462,1.732908840409228,58.08342304890823,NA,NA,NA,NA,NA,NA,NA
P03,L0,L0_2k,2k,NR,100,6,2.436272810154553,2.143071893126196,2.7647840253750715,42.66333016588427,NA,NA,NA,NA,NA,NA,NA
P03,L0,L0_2k,2k,NR,100,7,1.6552475025257403,1.4432125978557564,1.8854206653529322,54.866237011311846,NA,NA,NA,NA,NA,NA,NA
P03,L0,L0_2k,2k,NR,100,8,2.1405796547763636,1.8756720655458161,2.431880881967018,46.484834255362365,NA,NA,NA,NA,NA,NA,NA
P03,L0,L0_2k,2k,NR,100,9,1.8783611125494222,1.6448050001771926,2.1312489154603984,50.63147176547992,NA,NA,NA,NA,NA,NA,NA
P03,L0,L0_2k,2k,NR,100,10,2.2647032300014196,1.9926365971665587,2.56215292337149,44.78258719719682,NA,NA,NA,NA,NA,NA,NA
P03,L0,L0_2k,2k,NR,150,1,1.0935766580739497,0.9612392158850216,1.237560320176072,69.56004587964418,NA,NA,NA,NA,NA,NA,NA
P03,L0,L0_2k,2k,NR,150,2,1.1329020595178214,0.9724210956087255,1.306447403832853,68.28962620688844,NA,NA,NA,NA,NA,NA,NA
P03,L0,L0_2k,2k,NR,150,3,1.522401938035612,1.3287085362419033,1.7295627072127329,57.759443590726754,NA,NA,NA,NA,NA,NA,NA
P03,L0,L0_2k,2k,NR,150,4,1.4878579304658983,1.2979144114661214,1.6887704140530746,58.563074267840605,NA,NA,NA,NA,NA,NA,NA
P03,L0,L0_2k,2k,NR,150,5,1.5083606352055328,1.3056563730771462,1.732908840409228,58.08342304890823,NA,NA,NA,NA,NA,NA,NA
P03,L0,L0_2k,2k,NR,150,6,2.436272810154553,2.143071893126196,2.7647840253750715,42.66333016588427,NA,NA,NA,NA,NA,NA,NA
P03,L0,L0_2k,2k,NR,150,7,1.6552475025257403,1.4432125978557564,1.8854206653529322,54.866237011311846,NA,NA,NA,NA,NA,NA,NA
P03,L0,L0_2k,2k,NR,150,8,2.1405796547763636,1.8756720655458161,2.431880881967018,46.484834255362365,NA,NA,NA,NA,NA,NA,NA
P03,L0,L0_2k,2k,NR,150,9,1.8783611125494222,1.6448050001771926,2.1312489154603984,50.63147176547992,NA,NA,NA,NA,NA,NA,NA
P03,L0,L0_2k,2k,NR,150,10,2.2647032300014196,1.9926365971665587,2.56215292337149,44.78258719719682,NA,NA,NA,NA,NA,NA,NA
P03,L0,L0_2k,2k,NR,200,1,1.0935766580739497,0.9612392158850216,1.237560320176072,69.56004587964418,NA,NA,NA,NA,NA,NA,NA
P03,L0,L0_2k,2k,NR,200,2,1.1329020595178214,0.9724210956087255,1.306447403832853,68.28962620688844,NA,NA,NA,NA,NA,NA,NA
P03,L0,L0_2k,2k,NR,200,3,1.522401938035612,1.3287085362419033,1.7295627072127329,57.759443590726754,NA,NA,NA,NA,NA,NA,NA
P03,L0,L0_2k,2k,NR,200,4,1.4878579304658983,1.2979144114661214,1.6887704140530746,58.563074267840605,NA,NA,NA,NA,NA,NA,NA
P03,L0,L0_2k,2k,NR,200,5,1.5083606352055328,1.3056563730771462,1.732908840409228,58.08342304890823,NA,NA,NA,NA,NA,NA,NA
P03,L0,L0_2k,2k,NR,200,6,2.436272810154553,2.143071893126196,2.7647840253750715,42.66333016588427,NA,NA,NA,NA,NA,NA,NA
P03,L0,L0_2k,2k,NR,200,7,1.6552475025257403,1.4432125978557564,1.8854206653529322,54.866237011311846,NA,NA,NA,NA,NA,NA,NA
P03,L0,L0_2k,2k,NR,200,8,2.1405796547763636,1.8756720655458161,2.431880881967018,46.484834255362365,NA,NA,NA,NA,NA,NA,NA
P03,L0,L0_2k,2k,NR,200,9,1.8783611125494222,1.6448050001771926,2.1312489154603984,50.63147176547992,NA,NA,NA,NA,NA,NA,NA
P03,L0,L0_2k,2k,NR,200,10,2.2647032300014196,1.9926365971665587,2.56215292337149,44.78258719719682,NA,NA,NA,NA,NA,NA,NA
P03,L0,L0_2k,2k,NR,250,1,1.0935766580739497,0.9612392158850216,1.237560320176072,69.56004587964418,NA,NA,NA,NA,NA,NA,NA
P03,L0,L0_2k,2k,NR,250,2,1.1329020595178214,0.9724210956087255,1.306447403832853,68.28962620688844,NA,NA,NA,NA,NA,NA,NA
P03,L0,L0_2k,2k,NR,250,3,1.522401938035612,1.3287085362419033,1.7295627072127329,57.759443590726754,NA,NA,NA,NA,NA,NA,NA
P03,L0,L0_2k,2k,NR,250,4,1.4878579304658983,1.2979144114661214,1.6887704140530746,58.563074267840605,NA,NA,NA,NA,NA,NA,NA
P03,L0,L0_2k,2k,NR,250,5,1.5083606352055328,1.3056563730771462,1.732908840409228,58.08342304890823,NA,NA,NA,NA,NA,NA,NA
P03,L0,L0_2k,2k,NR,250,6,2.436272810154553,2.143071893126196,2.7647840253750715,42.66333016588427,NA,NA,NA,NA,NA,NA,NA
P03,L0,L0_2k,2k,NR,250,7,1.6552475025257403,1.4432125978557564,1.8854206653529322,54.866237011311846,NA,NA,NA,NA,NA,NA,NA
P03,L0,L0_2k,2k,NR,250,8,2.1405796547763636,1.8756720655458161,2.431880881967018,46.484834255362365,NA,NA,NA,NA,NA,NA,NA
P03,L0,L0_2k,2k,NR,250,9,1.8783611125494222,1.6448050001771926,2.1312489154603984,50.63147176547992,NA,NA,NA,NA,NA,NA,NA
P03,L0,L0_2k,2k,NR,250,10,2.2647032300014196,1.9926365971665587,2.56215292337149,44.78258719719682,NA,NA,NA,NA,NA,NA,NA
P03,L0,L0_2k,2k,NR,300,1,1.0935766580739497,0.9612392158850216,1.237560320176072,69.56004587964418,NA,NA,NA,NA,NA,NA,NA
P03,L0,L0_2k,2k,NR,300,2,1.1329020595178214,0.9724210956087255,1.306447403832853,68.28962620688844,NA,NA,NA,NA,NA,NA,NA
P03,L0,L0_2k,2k,NR,300,3,1.522401938035612,1.3287085362419033,1.7295627072127329,57.759443590726754,NA,NA,NA,NA,NA,NA,NA
P03,L0,L0_2k,2k,NR,300,4,1.4878579304658983,1.2979144114661214,1.6887704140530746,58.563074267840605,NA,NA,NA,NA,NA,NA,NA
P03,L0,L0_2k,2k,NR,300,5,1.5083606352055328,1.3056563730771462,1.732908840409228,58.08342304890823,NA,NA,NA,NA,NA,NA,NA
P03,L0,L0_2k,2k,NR,300,6,2.436272810154553,2.143071893126196,2.7647840253750715,42.66333016588427,NA,NA,NA,NA,NA,NA,NA
P03,L0,L0_2k,2k,NR,300,7,1.6552475025257403,1.4432125978557564,1.8854206653529322,54.866237011311846,NA,NA,NA,NA,NA,NA,NA
P03,L0,L0_2k,2k,NR,300,8,2.1405796547763636,1.8756720655458161,2.431880881967018,46.484834255362365,NA,NA,NA,NA,NA,NA,NA
P03,L0,L0_2k,2k,NR,300,9,1.8783611125494222,1.6448050001771926,2.1312489154603984,50.63147176547992,NA,NA,NA,NA,NA,NA,NA
P03,L0,L0_2k,2k,NR,300,10,2.2647032300014196,1.9926365971665587,2.56215292337149,44.78258719719682,NA,NA,NA,NA,NA,NA,NA
P03,L0,L0_2k,2k,NR,350,1,1.0935766580739497,0.9612392158850216,1.237560320176072,69.56004587964418,NA,NA,NA,NA,NA,NA,NA
P03,L0,L0_2k,2k,NR,350,2,1.1329020595178214,0.9724210956087255,1.306447403832853,68.28962620688844,NA,NA,NA,NA,NA,NA,NA
P03,L0,L0_2k,2k,NR,350,3,1.522401938035612,1.3287085362419033,1.7295627072127329,57.759443590726754,NA,NA,NA,NA,NA,NA,NA
P03,L0,L0_2k,2k,NR,350,4,1.4878579304658983,1.2979144114661214,1.6887704140530746,58.563074267840605,NA,NA,NA,NA,NA,NA,NA
P03,L0,L0_2k,2k,NR,350,5,1.5083606352055328,1.3056563730771462,1.732908840409228,58.08342304890823,NA,NA,NA,NA,NA,NA,NA
P03,L0,L0_2k,2k,NR,350,6,2.436272810154553,2.143071893126196,2.7647840253750715,42.66333016588427,NA,NA,NA,NA,NA,NA,NA
P03,L0,L0_2k,2k,NR,350,7,1.6552475025257403,1.4432125978557564,1.8854206653529322,54.866237011311846,NA,NA,NA,NA,NA,NA,NA
P03,L0,L0_2k,2k,NR,350,8,2.1405796547763636,1.8756720655458161,2.431880881967018,46.484834255362365,NA,NA,NA,NA,NA,NA,NA
P03,L0,L0_2k,2k,NR,350,9,1.8783611125494222,1.6448050001771926,2.1312489154603984,50.63147176547992,NA,NA,NA,NA,NA,NA,NA
P03,L0,L0_2k,2k,NR,350,10,2.2647032300014196,1.9926365971665587,2.56215292337149,44.78258719719682,NA,NA,NA,NA,NA,NA,NA
P03,L0,L0_2k,2k,R,50,1,8.367947221231312,7.467374800159836,9.383998097375423,20.46634503351631,NA,NA,NA,NA,NA,NA,NA
P03,L0,L0_2k,2k,R,50,2,8.671071584685492,7.516048899672801,9.909591752648923,20.08000628066333,NA,NA,NA,NA,NA,NA,NA
P03,L0,L0_2k,2k,R,50,3,11.652935121609964,10.13827974204183,13.303998850673548,17.172289343037594,NA,NA,NA,NA,NA,NA,NA
P03,L0,L0_2k,2k,R,50,4,11.369574454321288,9.91382143666595,13.024010695959953,17.39558031511472,NA,NA,NA,NA,NA,NA,NA
P03,L0,L0_2k,2k,R,50,5,11.543469721560236,10.079948699599472,13.134787121987099,17.257522620613788,NA,NA,NA,NA,NA,NA,NA
P03,L0,L0_2k,2k,R,50,6,18.659215449333384,16.138719727664068,21.44125619891878,13.449897692366797,NA,NA,NA,NA,NA,NA,NA
P03,L0,L0_2k,2k,R,50,7,12.670491867761054,11.03756638523164,14.446185205077274,16.436201295550443,NA,NA,NA,NA,NA,NA,NA
P03,L0,L0_2k,2k,R,50,8,16.37845407285657,14.262479381778729,18.710387083164598,14.384994625850716,NA,NA,NA,NA,NA,NA,NA
P03,L0,L0_2k,2k,R,50,9,14.380666711494083,12.53956961380447,16.377896260472593,15.387578263473703,NA,NA,NA,NA,NA,NA,NA
P03,L0,L0_2k,2k,R,50,10,17.346980302814124,15.157344502567986,19.728806078005952,13.964671969645433,NA,NA,NA,NA,NA,NA,NA
P03,L0,L0_2k,2k,R,100,1,8.367947221231312,7.467374800159836,9.383998097375423,20.46634503351631,NA,NA,NA,NA,NA,NA,NA
P03,L0,L0_2k,2k,R,100,2,8.671071584685492,7.516048899672801,9.909591752648923,20.08000628066333,NA,NA,NA,NA,NA,NA,NA
P03,L0,L0_2k,2k,R,100,3,11.652935121609964,10.13827974204183,13.303998850673548,17.172289343037594,NA,NA,NA,NA,NA,NA,NA
P03,L0,L0_2k,2k,R,100,4,11.369574454321288,9.91382143666595,13.024010695959953,17.39558031511472,NA,NA,NA,NA,NA,NA,NA
P03,L0,L0_2k,2k,R,100,5,11.543469721560236,10.079948699599472,13.134787121987099,17.257522620613788,NA,NA,NA,NA,NA,NA,NA
P03,L0,L0_2k,2k,R,100,6,18.659215449333384,16.138719727664068,21.44125619891878,13.449897692366797,NA,NA,NA,NA,NA,NA,NA
P03,L0,L0_2k,2k,R,100,7,12.670491867761054,11.03756638523164,14.446185205077274,16.436201295550443,NA,NA,NA,NA,NA,NA,NA
P03,L0,L0_2k,2k,R,100,8,16.37845407285657,14.262479381778729,18.710387083164598,14.384994625850716,NA,NA,NA,NA,NA,NA,NA
P03,L0,L0_2k,2k,R,100,9,14.380666711494083,12.53956961380447,16.377896260472593,15.387578263473703,NA,NA,NA,NA,NA,NA,NA
P03,L0,L0_2k,2k,R,100,10,17.346980302814124,15.157344502567986,19.728806078005952,13.964671969645433,NA,NA,NA,NA,NA,NA,NA
P03,L0,L0_2k,2k,R,150,1,8.367947221231312,7.467374800159836,9.383998097375423,20.46634503351631,NA,NA,NA,NA,NA,NA,NA
P03,L0,L0_2k,2k,R,150,2,8.671071584685492,7.516048899672801,9.909591752648923,20.08000628066333,NA,NA,NA,NA,NA,NA,NA
P03,L0,L0_2k,2k,R,150,3,11.652935121609964,10.13827974204183,13.303998850673548,17.172289343037594,NA,NA,NA,NA,NA,NA,NA
P03,L0,L0_2k,2k,R,150,4,11.369574454321288,9.91382143666595,13.024010695959953,17.39558031511472,NA,NA,NA,NA,NA,NA,NA
P03,L0,L0_2k,2k,R,150,5,11.543469721560236,10.079948699599472,13.134787121987099,17.257522620613788,NA,NA,NA,NA,NA,NA,NA
P03,L0,L0_2k,2k,R,150,6,18.659215449333384,16.138719727664068,21.44125619891878,13.449897692366797,NA,NA,NA,NA,NA,NA,NA
P03,L0,L0_2k,2k,R,150,7,12.670491867761054,11.03756638523164,14.446185205077274,16.436201295550443,NA,NA,NA,NA,NA,NA,NA
P03,L0,L0_2k,2k,R,150,8,16.37845407285657,14.262479381778729,18.710387083164598,14.384994625850716,NA,NA,NA,NA,NA,NA,NA
P03,L0,L0_2k,2k,R,150,9,14.380666711494083,12.53956961380447,16.377896260472593,15.387578263473703,NA,NA,NA,NA,NA,NA,NA
P03,L0,L0_2k,2k,R,150,10,17.346980302814124,15.157344502567986,19.728806078005952,13.964671969645433,NA,NA,NA,NA,NA,NA,NA
P03,L0,L0_2k,2k,R,200,1,8.367947221231312,7.467374800159836,9.383998097375423,20.46634503351631,NA,NA,NA,NA,NA,NA,NA
P03,L0,L0_2k,2k,R,200,2,8.671071584685492,7.516048899672801,9.909591752648923,20.08000628066333,NA,NA,NA,NA,NA,NA,NA
P03,L0,L0_2k,2k,R,200,3,11.652935121609964,10.13827974204183,13.303998850673548,17.172289343037594,NA,NA,NA,NA,NA,NA,NA
P03,L0,L0_2k,2k,R,200,4,11.369574454321288,9.91382143666595,13.024010695959953,17.39558031511472,NA,NA,NA,NA,NA,NA,NA
P03,L0,L0_2k,2k,R,200,5,11.543469721560236,10.079948699599472,13.134787121987099,17.257522620613788,NA,NA,NA,NA,NA,NA,NA
P03,L0,L0_2k,2k,R,200,6,18.659215449333384,16.138719727664068,21.44125619891878,13.449897692366797,NA,NA,NA,NA,NA,NA,NA
P03,L0,L0_2k,2k,R,200,7,12.670491867761054,11.03756638523164,14.446185205077274,16.436201295550443,NA,NA,NA,NA,NA,NA,NA
P03,L0,L0_2k,2k,R,200,8,16.37845407285657,14.262479381778729,18.710387083164598,14.384994625850716,NA,NA,NA,NA,NA,NA,NA
P03,L0,L0_2k,2k,R,200,9,14.380666711494083,12.53956961380447,16.377896260472593,15.387578263473703,NA,NA,NA,NA,NA,NA,NA
P03,L0,L0_2k,2k,R,200,10,17.346980302814124,15.157344502567986,19.728806078005952,13.964671969645433,NA,NA,NA,NA,NA,NA,NA
P03,L0,L0_2k,2k,R,250,1,8.367947221231312,7.467374800159836,9.383998097375423,20.46634503351631,NA,NA,NA,NA,NA,NA,NA
P03,L0,L0_2k,2k,R,250,2,8.671071584685492,7.516048899672801,9.909591752648923,20.08000628066333,NA,NA,NA,NA,NA,NA,NA
P03,L0,L0_2k,2k,R,250,3,11.652935121609964,10.13827974204183,13.303998850673548,17.172289343037594,NA,NA,NA,NA,NA,NA,NA
P03,L0,L0_2k,2k,R,250,4,11.369574454321288,9.91382143666595,13.024010695959953,17.39558031511472,NA,NA,NA,NA,NA,NA,NA
P03,L0,L0_2k,2k,R,250,5,11.543469721560236,10.079948699599472,13.134787121987099,17.257522620613788,NA,NA,NA,NA,NA,NA,NA
P03,L0,L0_2k,2k,R,250,6,18.659215449333384,16.138719727664068,21.44125619891878,13.449897692366797,NA,NA,NA,NA,NA,NA,NA
P03,L0,L0_2k,2k,R,250,7,12.670491867761054,11.03756638523164,14.446185205077274,16.436201295550443,NA,NA,NA,NA,NA,NA,NA
P03,L0,L0_2k,2k,R,250,8,16.37845407285657,14.262479381778729,18.710387083164598,14.384994625850716,NA,NA,NA,NA,NA,NA,NA
P03,L0,L0_2k,2k,R,250,9,14.380666711494083,12.53956961380447,16.377896260472593,15.387578263473703,NA,NA,NA,NA,NA,NA,NA
P03,L0,L0_2k,2k,R,250,10,17.346980302814124,15.157344502567986,19.728806078005952,13.964671969645433,NA,NA,NA,NA,NA,NA,NA
P03,L0,L0_2k,2k,R,300,1,8.367947221231312,7.467374800159836,9.383998097375423,20.46634503351631,NA,NA,NA,NA,NA,NA,NA
P03,L0,L0_2k,2k,R,300,2,8.671071584685492,7.516048899672801,9.909591752648923,20.08000628066333,NA,NA,NA,NA,NA,NA,NA
P03,L0,L0_2k,2k,R,300,3,11.652935121609964,10.13827974204183,13.303998850673548,17.172289343037594,NA,NA,NA,NA,NA,NA,NA
P03,L0,L0_2k,2k,R,300,4,11.369574454321288,9.91382143666595,13.024010695959953,17.39558031511472,NA,NA,NA,NA,NA,NA,NA
P03,L0,L0_2k,2k,R,300,5,11.543469721560236,10.079948699599472,13.134787121987099,17.257522620613788,NA,NA,NA,NA,NA,NA,NA
P03,L0,L0_2k,2k,R,300,6,18.659215449333384,16.138719727664068,21.44125619891878,13.449897692366797,NA,NA,NA,NA,NA,NA,NA
P03,L0,L0_2k,2k,R,300,7,12.670491867761054,11.03756638523164,14.446185205077274,16.436201295550443,NA,NA,NA,NA,NA,NA,NA
P03,L0,L0_2k,2k,R,300,8,16.37845407285657,14.262479381778729,18.710387083164598,14.384994625850716,NA,NA,NA,NA,NA,NA,NA
P03,L0,L0_2k,2k,R,300,9,14.380666711494083,12.53956961380447,16.377896260472593,15.387578263473703,NA,NA,NA,NA,NA,NA,NA
P03,L0,L0_2k,2k,R,300,10,17.346980302814124,15.157344502567986,19.728806078005952,13.964671969645433,NA,NA,NA,NA,NA,NA,NA
P03,L0,L0_2k,2k,R,350,1,8.367947221231312,7.467374800159836,9.383998097375423,20.46634503351631,NA,NA,NA,NA,NA,NA,NA
P03,L0,L0_2k,2k,R,350,2,8.671071584685492,7.516048899672801,9.909591752648923,20.08000628066333,NA,NA,NA,NA,NA,NA,NA
P03,L0,L0_2k,2k,R,350,3,11.652935121609964,10.13827974204183,13.303998850673548,17.172289343037594,NA,NA,NA,NA,NA,NA,NA
P03,L0,L0_2k,2k,R,350,4,11.369574454321288,9.91382143666595,13.024010695959953,17.39558031511472,NA,NA,NA,NA,NA,NA,NA
P03,L0,L0_2k,2k,R,350,5,11.543469721560236,10.079948699599472,13.134787121987099,17.257522620613788,NA,NA,NA,NA,NA,NA,NA
P03,L0,L0_2k,2k,R,350,6,18.659215449333384,16.138719727664068,21.44125619891878,13.449897692366797,NA,NA,NA,NA,NA,NA,NA
P03,L0,L0_2k,2k,R,350,7,12.670491867761054,11.03756638523164,14.446185205077274,16.436201295550443,NA,NA,NA,NA,NA,NA,NA
P03,L0,L0_2k,2k,R,350,8,16.37845407285657,14.262479381778729,18.710387083164598,14.384994625850716,NA,NA,NA,NA,NA,NA,NA
P03,L0,L0_2k,2k,R,350,9,14.380666711494083,12.53956961380447,16.377896260472593,15.387578263473703,NA,NA,NA,NA,NA,NA,NA
P03,L0,L0_2k,2k,R,350,10,17.346980302814124,15.157344502567986,19.728806078005952,13.964671969645433,NA,NA,NA,NA,NA,NA,NA
P03,L0,L0_14k,14k,NR,50,1,1.3159502589527843,1.1044175214273677,1.5554366662473988,62.91464645798128,NA,NA,NA,NA,NA,NA,NA
P03,L0,L0_14k,14k,NR,50,2,1.2801354831389933,1.0480995460946345,1.5503327436189007,63.90152196544725,NA,NA,NA,NA,NA,NA,NA
P03,L0,L0_14k,14k,NR,50,3,1.5472145134487914,1.2723037950652443,1.8594074586660068,57.19572790089674,NA,NA,NA,NA,NA,NA,NA
P03,L0,L0_14k,14k,NR,50,4,1.624946163735863,1.347571126329362,1.9497794003332487,55.499779625856576,NA,NA,NA,NA,NA,NA,NA
P03,L0,L0_14k,14k,NR,50,5,1.744105019966308,1.437791160180577,2.0959502596965276,53.09224734070731,NA,NA,NA,NA,NA,NA,NA
P03,L0,L0_14k,14k,NR,50,6,2.5558495162394426,2.123492426911383,3.064796006528579,41.328283249901745,NA,NA,NA,NA,NA,NA,NA
P03,L0,L0_14k,14k,NR,50,7,1.8442453418320204,1.521436208710296,2.215792382975572,51.23314845970026,NA,NA,NA,NA,NA,NA,NA
P03,L0,L0_14k,14k,NR,50,8,2.3647308028201945,1.965976779123784,2.8310819521938924,43.51619387278099,NA,NA,NA,NA,NA,NA,NA
P03,L0,L0_14k,14k,NR,50,9,1.956309500918424,1.618154577292421,2.3598933744586166,49.31342361763386,NA,NA,NA,NA,NA,NA,NA
P03,L0,L0_14k,14k,NR,50,10,2.289962988214197,1.8916126361186771,2.7448951777543824,44.454295764183605,NA,NA,NA,NA,NA,NA,NA
P03,L0,L0_14k,14k,NR,100,1,1.1360347617934736,0.9407689881691311,1.3552933091546564,68.1903129154953,NA,NA,NA,NA,NA,NA,NA
P03,L0,L0_14k,14k,NR,100,2,1.1019673931542087,0.9040918135529447,1.3293836753342714,69.28523902088827,NA,NA,NA,NA,NA,NA,NA
P03,L0,L0_14k,14k,NR,100,3,1.3333768314068504,1.0860270112407004,1.619123861641079,62.44502023010666,NA,NA,NA,NA,NA,NA,NA
P03,L0,L0_14k,14k,NR,100,4,1.399278227578038,1.1506783221963806,1.6856043147072537,60.72896688349751,NA,NA,NA,NA,NA,NA,NA
P03,L0,L0_14k,14k,NR,100,5,1.4996325875160692,1.2311768832950478,1.8115188204926624,58.28664888891179,NA,NA,NA,NA,NA,NA,NA
P03,L0,L0_14k,14k,NR,100,6,2.2016542508928216,1.8117973511859915,2.640741263758128,45.62827063714104,NA,NA,NA,NA,NA,NA,NA
P03,L0,L0_14k,14k,NR,100,7,1.5911838516975072,1.3098064394632705,1.9115315445333028,56.22364743904466,NA,NA,NA,NA,NA,NA,NA
P03,L0,L0_14k,14k,NR,100,8,2.035600008790872,1.6996176357049126,2.436706766386541,48.049093483662745,NA,NA,NA,NA,NA,NA,NA
P03,L0,L0_14k,14k,NR,100,9,1.6883267887126623,1.383868229117537,2.0335231504774893,54.19150268810231,NA,NA,NA,NA,NA,NA,NA
P03,L0,L0_14k,14k,NR,100,10,1.9749307625297658,1.6180373482150847,2.3777564733695264,49.00977171948616,NA,NA,NA,NA,NA,NA,NA
P03,L0,L0_14k,14k,NR,150,1,1.1848746104731844,0.9892243629274088,1.407720943797621,66.67670097808195,NA,NA,NA,NA,NA,NA,NA
P03,L0,L0_14k,14k,NR,150,2,1.1528264799314984,0.9395928109665822,1.3957670223221121,67.6626158117466,NA,NA,NA,NA,NA,NA,NA
P03,L0,L0_14k,14k,NR,150,3,1.3913199049630993,1.1488566073390694,1.6683497827859606,60.93130011450708,NA,NA,NA,NA,NA,NA,NA
P03,L0,L0_14k,14k,NR,150,4,1.4633702991939583,1.2117588199527538,1.7586056257733322,59.14639642138631,NA,NA,NA,NA,NA,NA,NA
P03,L0,L0_14k,14k,NR,150,5,1.5678362675577646,1.2890172238511426,1.8861774851924713,56.73560578568478,NA,NA,NA,NA,NA,NA,NA
P03,L0,L0_14k,14k,NR,150,6,2.2991592784694284,1.9086526490189737,2.7465152006222406,44.33622724408201,NA,NA,NA,NA,NA,NA,NA
P03,L0,L0_14k,14k,NR,150,7,1.6610403844673596,1.3659739537123639,2.002205369972522,54.746817727772665,NA,NA,NA,NA,NA,NA,NA
P03,L0,L0_14k,14k,NR,150,8,2.1275545789639567,1.760937087666701,2.5572601068372416,46.672461325359194,NA,NA,NA,NA,NA,NA,NA
P03,L0,L0_14k,14k,NR,150,9,1.7618650408115797,1.4429304944715102,2.123327743876817,52.75205185755417,NA,NA,NA,NA,NA,NA,NA
P03,L0,L0_14k,14k,NR,150,10,2.0624955156628504,1.7012475118700454,2.4723451035306487,47.63679793162123,NA,NA,NA,NA,NA,NA,NA
P03,L0,L0_14k,14k,NR,200,1,1.1700030845139389,0.9718616028188655,1.3918539359066564,67.1307851933265,NA,NA,NA,NA,NA,NA,NA
P03,L0,L0_14k,14k,NR,200,2,1.1356766764057369,0.9248582146124507,1.38794890824835,68.2016511144956,NA,NA,NA,NA,NA,NA,NA
P03,L0,L0_14k,14k,NR,200,3,1.3742772187358678,1.1211703869774536,1.6602606079785878,61.36905743696922,NA,NA,NA,NA,NA,NA,NA
P03,L0,L0_14k,14k,NR,200,4,1.441163856780564,1.1895980095474288,1.7384442322249347,59.685430851914596,NA,NA,NA,NA,NA,NA,NA
P03,L0,L0_14k,14k,NR,200,5,1.547451617309644,1.2645857055047358,1.871304584258217,57.1903946370351,NA,NA,NA,NA,NA,NA,NA
P03,L0,L0_14k,14k,NR,200,6,2.2698994045620786,1.8747211807713595,2.718269062653956,44.71457260762443,NA,NA,NA,NA,NA,NA,NA
P03,L0,L0_14k,14k,NR,200,7,1.6382938828597213,1.3447147047284342,1.968031965813029,55.21885294606129,NA,NA,NA,NA,NA,NA,NA
P03,L0,L0_14k,14k,NR,200,8,2.0998858477110156,1.7351122351521073,2.5202761574184374,47.07698361450823,NA,NA,NA,NA,NA,NA,NA
P03,L0,L0_14k,14k,NR,200,9,1.737429357394558,1.4320478288886243,2.091080539679944,53.22132759985436,NA,NA,NA,NA,NA,NA,NA
P03,L0,L0_14k,14k,NR,200,10,2.032340341337485,1.6781088576968048,2.429178013613625,48.09962008859824,NA,NA,NA,NA,NA,NA,NA
P03,L0,L0_14k,14k,NR,250,1,1.2990905400939132,1.090974238465337,1.5385269314444487,63.375532008174105,NA,NA,NA,NA,NA,NA,NA
P03,L0,L0_14k,14k,NR,250,2,1.2633326442430135,1.0322254836287597,1.522508224059855,64.3748504427328,NA,NA,NA,NA,NA,NA,NA
P03,L0,L0_14k,14k,NR,250,3,1.5247185490258355,1.2625257459793875,1.8263193429827902,57.70633983521236,NA,NA,NA,NA,NA,NA,NA
P03,L0,L0_14k,14k,NR,250,4,1.601631680878903,1.3293545189730294,1.9228670730002444,55.997587477984595,NA,NA,NA,NA,NA,NA,NA
P03,L0,L0_14k,14k,NR,250,5,1.7194533404871992,1.421791648566814,2.0499599375647737,53.57223291778008,NA,NA,NA,NA,NA,NA,NA
P03,L0,L0_14k,14k,NR,250,6,2.520232275277692,2.0973532746540355,3.0010723800686017,41.714636030275486,NA,NA,NA,NA,NA,NA,NA
P03,L0,L0_14k,14k,NR,250,7,1.8204431586275267,1.5047220152859546,2.1771212141762457,51.662246570829915,NA,NA,NA,NA,NA,NA,NA
P03,L0,L0_14k,14k,NR,250,8,2.33200437620122,1.9378693929248947,2.7824297681542296,43.920743125106974,NA,NA,NA,NA,NA,NA,NA
P03,L0,L0_14k,14k,NR,250,9,1.928168184932776,1.5990706274912792,2.3103901961650504,49.780404682507815,NA,NA,NA,NA,NA,NA,NA
P03,L0,L0_14k,14k,NR,250,10,2.25862401533984,1.8755698812145858,2.7016582993142118,44.86247997690037,NA,NA,NA,NA,NA,NA,NA
P03,L0,L0_14k,14k,NR,300,1,1.3226862485273418,1.102359111922607,1.5701152744349736,62.73231200764605,NA,NA,NA,NA,NA,NA,NA
P03,L0,L0_14k,14k,NR,300,2,1.282002936678638,1.0495809101128208,1.5529310918571877,63.84932897341349,NA,NA,NA,NA,NA,NA,NA
P03,L0,L0_14k,14k,NR,300,3,1.550176117290846,1.2656276134734405,1.8816034153575947,57.12918347693234,NA,NA,NA,NA,NA,NA,NA
P03,L0,L0_14k,14k,NR,300,4,1.6319845915049804,1.3562587515554425,1.9456477950080575,55.35127728465806,NA,NA,NA,NA,NA,NA,NA
P03,L0,L0_14k,14k,NR,300,5,1.7447870258808773,1.432144416552185,2.1201489996978204,53.07909743635076,NA,NA,NA,NA,NA,NA,NA
P03,L0,L0_14k,14k,NR,300,6,2.5610378975048134,2.1406334083248635,3.0531798084837627,41.272774706800284,NA,NA,NA,NA,NA,NA,NA
P03,L0,L0_14k,14k,NR,300,7,1.851723431448148,1.5293373623169306,2.2213689556003087,51.09992912940939,NA,NA,NA,NA,NA,NA,NA
P03,L0,L0_14k,14k,NR,300,8,2.3734244076879096,1.9664179245016504,2.860782702252246,43.41027633809348,NA,NA,NA,NA,NA,NA,NA
P03,L0,L0_14k,14k,NR,300,9,1.9612555797479334,1.6223816186203124,2.3564586250284236,49.23235760943831,NA,NA,NA,NA,NA,NA,NA
P03,L0,L0_14k,14k,NR,300,10,2.2955476558650627,1.9077942412723616,2.753816235234686,44.38250422555734,NA,NA,NA,NA,NA,NA,NA
P03,L0,L0_14k,14k,NR,350,1,1.4166704998051607,1.182837271007605,1.6823166212386433,60.29133441152133,NA,NA,NA,NA,NA,NA,NA
P03,L0,L0_14k,14k,NR,350,2,1.3744911485639904,1.1255462429505776,1.6643707567351207,61.36352442046286,NA,NA,NA,NA,NA,NA,NA
P03,L0,L0_14k,14k,NR,350,3,1.662611994896022,1.3720042756155624,1.9833894434258772,54.71451217372814,NA,NA,NA,NA,NA,NA,NA
P03,L0,L0_14k,14k,NR,350,4,1.7484682976468577,1.439879149413268,2.092142286630211,53.00823711137478,NA,NA,NA,NA,NA,NA,NA
P03,L0,L0_14k,14k,NR,350,5,1.8738750200111038,1.5322305028402894,2.2527421692572704,50.70970612911812,NA,NA,NA,NA,NA,NA,NA
P03,L0,L0_14k,14k,NR,350,6,2.7473017015181296,2.2626252395173987,3.302118988070728,39.40176244395461,NA,NA,NA,NA,NA,NA,NA
P03,L0,L0_14k,14k,NR,350,7,1.9844584187290377,1.648546315344524,2.3730919411751907,48.856027742392634,NA,NA,NA,NA,NA,NA,NA
P03,L0,L0_14k,14k,NR,350,8,2.541123283507562,2.1165647043981384,3.040045769443452,41.48689607134479,NA,NA,NA,NA,NA,NA,NA
P03,L0,L0_14k,14k,NR,350,9,2.1053512230160543,1.7319057245766114,2.526179756744438,46.99643053768044,NA,NA,NA,NA,NA,NA,NA
P03,L0,L0_14k,14k,NR,350,10,2.460772487606074,2.0416280242028373,2.936708756497832,42.38083606510537,NA,NA,NA,NA,NA,NA,NA
P03,L0,L0_14k,14k,R,50,1,6.315118373909929,5.265130651817632,7.544798855965829,23.85252576449039,NA,NA,NA,NA,NA,NA,NA
P03,L0,L0_14k,14k,R,50,2,6.137572691858573,5.027850055098596,7.423500752611552,24.232438149831808,NA,NA,NA,NA,NA,NA,NA
P03,L0,L0_14k,14k,R,50,3,7.4107280993335145,6.066363493478707,9.004936889961664,21.852158972577733,NA,NA,NA,NA,NA,NA,NA
P03,L0,L0_14k,14k,R,50,4,7.793787835436354,6.3647661939347,9.479706008284175,21.264246413615055,NA,NA,NA,NA,NA,NA,NA
P03,L0,L0_14k,14k,R,50,5,8.348105067449541,7.0149166875325015,9.9382013889053,20.492424589093094,NA,NA,NA,NA,NA,NA,NA
P03,L0,L0_14k,14k,R,50,6,12.239310882477543,10.067024098991688,14.871519649001723,16.736338955785804,NA,NA,NA,NA,NA,NA,NA
P03,L0,L0_14k,14k,R,50,7,8.845732551061877,7.261029233038375,10.735845146537844,19.86716126548162,NA,NA,NA,NA,NA,NA,NA
P03,L0,L0_14k,14k,R,50,8,11.340765268331179,9.305089594114087,13.819651452779574,17.41877484416712,NA,NA,NA,NA,NA,NA,NA
P03,L0,L0_14k,14k,R,50,9,9.37903299306765,7.6952481864563165,11.377516834443187,19.25711780896482,NA,NA,NA,NA,NA,NA,NA
P03,L0,L0_14k,14k,R,50,10,10.97874570479479,8.96677093234529,13.348804112708459,17.71840796683913,NA,NA,NA,NA,NA,NA,NA
P03,L0,L0_14k,14k,R,100,1,5.6676113495922,4.752820184966789,6.746452841567423,25.33520051617246,NA,NA,NA,NA,NA,NA,NA
P03,L0,L0_14k,14k,R,100,2,5.506476283139669,4.527739771109275,6.7099228945261595,25.750419171949364,NA,NA,NA,NA,NA,NA,NA
P03,L0,L0_14k,14k,R,100,3,6.650270264086478,5.453558507989956,8.116843357449355,23.182362312076123,NA,NA,NA,NA,NA,NA,NA
P03,L0,L0_14k,14k,R,100,4,6.995858389239968,5.736763357151932,8.440736835650425,22.548108316597286,NA,NA,NA,NA,NA,NA,NA
P03,L0,L0_14k,14k,R,100,5,7.500557942073897,6.154321251861304,9.122674742320415,21.709872851696385,NA,NA,NA,NA,NA,NA,NA
P03,L0,L0_14k,14k,R,100,6,11.005607988259214,8.974658882679364,13.390390868826795,17.69563994427483,NA,NA,NA,NA,NA,NA,NA
P03,L0,L0_14k,14k,R,100,7,7.943066859982312,6.589696205803786,9.547815457322107,21.047774119175664,NA,NA,NA,NA,NA,NA,NA
P03,L0,L0_14k,14k,R,100,8,10.177965871640282,8.469504494593691,12.233807031002575,18.44046010937638,NA,NA,NA,NA,NA,NA,NA
P03,L0,L0_14k,14k,R,100,9,8.42885265650715,6.874002732955032,10.220285030582977,20.3869162410071,NA,NA,NA,NA,NA,NA,NA
P03,L0,L0_14k,14k,R,100,10,9.854363382373904,8.055388714968837,11.949315508478001,18.758480953692782,NA,NA,NA,NA,NA,NA,NA
P03,L0,L0_14k,14k,R,150,1,9.639206577550144,8.038587316790505,11.503259241329186,18.979311743658954,NA,NA,NA,NA,NA,NA,NA
P03,L0,L0_14k,14k,R,150,2,9.371392954378834,7.724821506835116,11.279165972100108,19.26546204680081,NA,NA,NA,NA,NA,NA,NA
P03,L0,L0_14k,14k,R,150,3,11.317876933504326,9.235403739796775,13.823342180015734,17.43726894626104,NA,NA,NA,NA,NA,NA,NA
P03,L0,L0_14k,14k,R,150,4,11.90178660863641,9.729409575777593,14.462930576453623,16.983144321872818,NA,NA,NA,NA,NA,NA,NA
P03,L0,L0_14k,14k,R,150,5,12.752686305303065,10.361440086145086,15.567256930748504,16.380802908407645,NA,NA,NA,NA,NA,NA,NA
P03,L0,L0_14k,14k,R,150,6,18.693810038251474,15.264842413858062,22.81281077763133,13.437086921136638,NA,NA,NA,NA,NA,NA,NA
P03,L0,L0_14k,14k,R,150,7,13.515955422056003,11.059556194948625,16.367688308664114,15.89182454438401,NA,NA,NA,NA,NA,NA,NA
P03,L0,L0_14k,14k,R,150,8,17.32837610485338,14.225128291218628,20.913500617844008,13.972401425493835,NA,NA,NA,NA,NA,NA,NA
P03,L0,L0_14k,14k,R,150,9,14.320210626925142,11.780285976006681,17.342199586463806,15.421279854811104,NA,NA,NA,NA,NA,NA,NA
P03,L0,L0_14k,14k,R,150,10,16.77950061732925,13.749832690623236,20.313381494033816,14.206387334399059,NA,NA,NA,NA,NA,NA,NA
P03,L0,L0_14k,14k,R,200,1,9.492122556787011,7.934117092021874,11.215770778663096,19.134865743568987,NA,NA,NA,NA,NA,NA,NA
P03,L0,L0_14k,14k,R,200,2,9.21193192395671,7.419181877486109,11.33491068409722,19.44214943429096,NA,NA,NA,NA,NA,NA,NA
P03,L0,L0_14k,14k,R,200,3,11.129890701308941,9.003765711980966,13.653718242430552,17.591434697587562,NA,NA,NA,NA,NA,NA,NA
P03,L0,L0_14k,14k,R,200,4,11.694436665019454,9.516964500189783,14.27585043349323,17.14030450516472,NA,NA,NA,NA,NA,NA,NA
P03,L0,L0_14k,14k,R,200,5,12.532853608060172,10.20484399092256,15.24678812721327,16.53024366886328,NA,NA,NA,NA,NA,NA,NA
P03,L0,L0_14k,14k,R,200,6,18.383893830745286,14.962011619244372,22.452380470605863,13.553177143487055,NA,NA,NA,NA,NA,NA,NA
P03,L0,L0_14k,14k,R,200,7,13.288537284236506,10.864969422491074,16.078074464346436,16.03290506765994,NA,NA,NA,NA,NA,NA,NA
P03,L0,L0_14k,14k,R,200,8,17.045195071242354,13.806490815523517,20.765671866284933,14.091663556450893,NA,NA,NA,NA,NA,NA,NA
P03,L0,L0_14k,14k,R,200,9,14.08718466378147,11.405208129094603,17.153871405079347,15.553288367501782,NA,NA,NA,NA,NA,NA,NA
P03,L0,L0_14k,14k,R,200,10,16.489323075498397,13.562342284369063,19.798731495929744,14.334945244952147,NA,NA,NA,NA,NA,NA,NA
P03,L0,L0_14k,14k,R,250,1,10.823325243711487,9.017069841284611,12.916289345649128,17.851893843909934,NA,NA,NA,NA,NA,NA,NA
P03,L0,L0_14k,14k,R,250,2,10.527303045257828,8.52605656863543,12.90887709400742,18.114743985590202,NA,NA,NA,NA,NA,NA,NA
P03,L0,L0_14k,14k,R,250,3,12.723009349385652,10.295137525003232,15.654264350412952,16.400740105955563,NA,NA,NA,NA,NA,NA,NA
P03,L0,L0_14k,14k,R,250,4,13.36499367353769,10.842032665057106,16.386918561183027,15.985055458658513,NA,NA,NA,NA,NA,NA,NA
P03,L0,L0_14k,14k,R,250,5,14.311516317517011,11.716446037036722,17.46240267046912,15.426144816654062,NA,NA,NA,NA,NA,NA,NA
P03,L0,L0_14k,14k,R,250,6,21.00518548586394,17.048842739681035,25.6016469666154,12.65620908746261,NA,NA,NA,NA,NA,NA,NA
P03,L0,L0_14k,14k,R,250,7,15.190936547734537,12.286719303783864,18.63489261499422,14.956243728765601,NA,NA,NA,NA,NA,NA,NA
P03,L0,L0_14k,14k,R,250,8,19.445612379211134,15.845013787055175,23.686143070702485,13.167432097867342,NA,NA,NA,NA,NA,NA,NA
P03,L0,L0_14k,14k,R,250,9,16.0742243985244,13.340233572894762,19.334869879657404,14.525076173418572,NA,NA,NA,NA,NA,NA,NA
P03,L0,L0_14k,14k,R,250,10,18.831680321837695,15.29673033618596,23.047646659351404,13.386393582445042,NA,NA,NA,NA,NA,NA,NA
P03,L0,L0_14k,14k,R,300,1,21.72431955924366,18.040947609933784,26.04552074901815,12.439728455303959,NA,NA,NA,NA,NA,NA,NA
P03,L0,L0_14k,14k,R,300,2,21.10518061456637,17.108762382180874,25.687416887768517,12.625429414956676,NA,NA,NA,NA,NA,NA,NA
P03,L0,L0_14k,14k,R,300,3,25.494290242191752,20.788282334505308,30.94283071786197,11.462450978788414,NA,NA,NA,NA,NA,NA,NA
P03,L0,L0_14k,14k,R,300,4,26.784620209458744,21.749625895212525,32.598277352287894,11.177371787013339,NA,NA,NA,NA,NA,NA,NA
P03,L0,L0_14k,14k,R,300,5,28.695424502884052,23.24915392264367,34.960151087490836,10.791757610090071,NA,NA,NA,NA,NA,NA,NA
P03,L0,L0_14k,14k,R,300,6,42.082813423554654,34.38629441872226,50.965070580343685,8.885716578698437,NA,NA,NA,NA,NA,NA,NA
P03,L0,L0_14k,14k,R,300,7,30.399322135982203,24.881368187263746,36.88120722875649,10.479587890259072,NA,NA,NA,NA,NA,NA,NA
P03,L0,L0_14k,14k,R,300,8,38.981340776065636,31.772907381205442,47.31021310369379,9.236955267947934,NA,NA,NA,NA,NA,NA,NA
P03,L0,L0_14k,14k,R,300,9,32.208583338071755,26.276155141868916,39.23122982533096,10.176081462829906,NA,NA,NA,NA,NA,NA,NA
P03,L0,L0_14k,14k,R,300,10,37.73992206923651,30.983839302650132,45.66714640250591,9.389699786314178,NA,NA,NA,NA,NA,NA,NA
P03,L0,L0_14k,14k,R,350,1,11.631676393814532,9.659520120835655,13.858185061553856,17.18874295787867,NA,NA,NA,NA,NA,NA,NA
P03,L0,L0_14k,14k,R,350,2,11.302805739617556,9.194799701117331,13.726386889176263,17.449479007046275,NA,NA,NA,NA,NA,NA,NA
P03,L0,L0_14k,14k,R,350,3,13.639417829152144,11.219593806506047,16.496989825388756,15.816779912363911,NA,NA,NA,NA,NA,NA,NA
P03,L0,L0_14k,14k,R,350,4,14.324453050939724,11.594635133525166,17.51788317177668,15.418907650105357,NA,NA,NA,NA,NA,NA,NA
P03,L0,L0_14k,14k,R,350,5,15.3728911003469,12.587352680138064,18.634619567546995,14.8642808533722,NA,NA,NA,NA,NA,NA,NA
P03,L0,L0_14k,14k,R,350,6,22.542633984205622,18.454194168330943,27.456001299038594,12.206416944295393,NA,NA,NA,NA,NA,NA,NA
P03,L0,L0_14k,14k,R,350,7,16.283923398891368,13.283790363522705,19.841479745253608,14.42808558785849,NA,NA,NA,NA,NA,NA,NA
P03,L0,L0_14k,14k,R,350,8,20.870781786675195,17.00381909562686,25.522143765128632,12.697937272964856,NA,NA,NA,NA,NA,NA,NA
P03,L0,L0_14k,14k,R,350,9,17.248434575214297,13.973215670052468,21.172208105438692,14.005761451598902,NA,NA,NA,NA,NA,NA,NA
P03,L0,L0_14k,14k,R,350,10,20.18795006552009,16.445390493749038,24.635663054547987,12.916506679851762,NA,NA,NA,NA,NA,NA,NA
P03,L1,L1_2k,2k,NR,50,1,6.336607623561422,5.210479497750374,7.63602284544927,23.807768430633647,0.34106659912429954,0.2607506057712884,0.4287865049355193,NA,NA,NA,NA
P03,L1,L1_2k,2k,NR,50,2,6.565636637572876,5.296616276233256,8.13459411181699,23.346158217539582,0.37415141675808744,0.2775152327292263,0.4817921957468532,NA,NA,NA,NA
P03,L1,L1_2k,2k,NR,50,3,6.295851724483871,4.933405219146002,7.900632182106831,23.892873430391568,0.376517104728054,0.28001449898089165,0.4801750235693264,NA,NA,NA,NA
P03,L1,L1_2k,2k,NR,50,4,9.560348974476579,7.492161635030992,12.232729041128,19.062234082755477,0.41731400078758046,0.311671066250212,0.5263883881500021,NA,NA,NA,NA
P03,L1,L1_2k,2k,NR,50,5,7.252247022741495,5.894768442683677,8.897096490613373,22.11024018163239,0.29850351657773744,0.21152122087385078,0.3994388099981078,NA,NA,NA,NA
P03,L1,L1_2k,2k,NR,50,6,8.80947564570235,7.114341024877902,10.906398901918815,19.91078412913166,0.2684034495684854,0.18478583835795034,0.36597909617158275,NA,NA,NA,NA
P03,L1,L1_2k,2k,NR,50,7,7.7485484237078825,6.21926341836434,9.623016905397074,21.33119215820749,0.31610468539563064,0.22802082143594782,0.41566108270609375,NA,NA,NA,NA
P03,L1,L1_2k,2k,NR,50,8,11.977875146101155,9.605227541375438,14.955367449736872,16.92655130979139,0.31334136368899645,0.22802383250202027,0.41602988651023776,NA,NA,NA,NA
P03,L1,L1_2k,2k,NR,50,9,9.291435064993257,7.34307867661445,11.712541011988716,19.353449358115537,0.30596958065645724,0.2178117172702614,0.4076024074007617,NA,NA,NA,NA
P03,L1,L1_2k,2k,NR,50,10,8.001056485561964,6.273615839016376,10.243848081714741,20.9654636623315,0.2788522962598532,0.19010152149897358,0.38614836458496987,NA,NA,NA,NA
P03,L1,L1_2k,2k,NR,100,1,6.336607623561422,5.210479497750374,7.63602284544927,23.807768430633647,0.3850288593846898,0.30076088382492994,0.47374153895686943,NA,NA,NA,NA
P03,L1,L1_2k,2k,NR,100,2,6.565636637572876,5.296616276233256,8.13459411181699,23.346158217539582,0.4186269145307169,0.32138477509972757,0.5254170060392379,NA,NA,NA,NA
P03,L1,L1_2k,2k,NR,100,3,6.295851724483871,4.933405219146002,7.900632182106831,23.892873430391568,0.42111014705961947,0.3172100578691366,0.5296400011553006,NA,NA,NA,NA
P03,L1,L1_2k,2k,NR,100,4,9.560348974476579,7.492161635030992,12.232729041128,19.062234082755477,0.4628417627011403,0.36017397958064534,0.5686852582199547,NA,NA,NA,NA
P03,L1,L1_2k,2k,NR,100,5,7.252247022741495,5.894768442683677,8.897096490613373,22.11024018163239,0.3387511731880205,0.2457865039401286,0.4439777595882295,NA,NA,NA,NA
P03,L1,L1_2k,2k,NR,100,6,8.80947564570235,7.114341024877902,10.906398901918815,19.91078412913166,0.3062076641678928,0.21573085636767808,0.4079226051621549,NA,NA,NA,NA
P03,L1,L1_2k,2k,NR,100,7,7.7485484237078825,6.21926341836434,9.623016905397074,21.33119215820749,0.3575008578561957,0.26112388993165814,0.46718331171471017,NA,NA,NA,NA
P03,L1,L1_2k,2k,NR,100,8,11.977875146101155,9.605227541375438,14.955367449736872,16.92655130979139,0.35547077913044056,0.25933628766693356,0.4610711855234594,NA,NA,NA,NA
P03,L1,L1_2k,2k,NR,100,9,9.291435064993257,7.34307867661445,11.712541011988716,19.353449358115537,0.34721506500544946,0.25386695523461394,0.4551638154668812,NA,NA,NA,NA
P03,L1,L1_2k,2k,NR,100,10,8.001056485561964,6.273615839016376,10.243848081714741,20.9654636623315,0.31863242448242657,0.22304462987331106,0.4259588918254036,NA,NA,NA,NA
P03,L1,L1_2k,2k,NR,150,1,6.336607623561422,5.210479497750374,7.63602284544927,23.807768430633647,0.3684798815663983,0.2849554103098442,0.456300131981325,NA,NA,NA,NA
P03,L1,L1_2k,2k,NR,150,2,6.565636637572876,5.296616276233256,8.13459411181699,23.346158217539582,0.4024956203818917,0.30437531958172537,0.5079298868980104,NA,NA,NA,NA
P03,L1,L1_2k,2k,NR,150,3,6.295851724483871,4.933405219146002,7.900632182106831,23.892873430391568,0.404170045764363,0.30311911988067747,0.5111068536335899,NA,NA,NA,NA
P03,L1,L1_2k,2k,NR,150,4,9.560348974476579,7.492161635030992,12.232729041128,19.062234082755477,0.4453036359602843,0.3394223468570505,0.5540174226906552,NA,NA,NA,NA
P03,L1,L1_2k,2k,NR,150,5,7.252247022741495,5.894768442683677,8.897096490613373,22.11024018163239,0.3232165899574684,0.23623677813464655,0.42774022627893776,NA,NA,NA,NA
P03,L1,L1_2k,2k,NR,150,6,8.80947564570235,7.114341024877902,10.906398901918815,19.91078412913166,0.2912843078162579,0.20450247421330034,0.39221753683503136,NA,NA,NA,NA
P03,L1,L1_2k,2k,NR,150,7,7.7485484237078825,6.21926341836434,9.623016905397074,21.33119215820749,0.34112809182113857,0.24957802880544552,0.44519850770458247,NA,NA,NA,NA
P03,L1,L1_2k,2k,NR,150,8,11.977875146101155,9.605227541375438,14.955367449736872,16.92655130979139,0.3391099597895736,0.2473500543028251,0.4421022852155729,NA,NA,NA,NA
P03,L1,L1_2k,2k,NR,150,9,9.291435064993257,7.34307867661445,11.712541011988716,19.353449358115537,0.33062433354946286,0.23863788029023855,0.43620948983027846,NA,NA,NA,NA
P03,L1,L1_2k,2k,NR,150,10,8.001056485561964,6.273615839016376,10.243848081714741,20.9654636623315,0.30420095734319463,0.20947727926369583,0.41112223161857003,NA,NA,NA,NA
P03,L1,L1_2k,2k,NR,200,1,6.336607623561422,5.210479497750374,7.63602284544927,23.807768430633647,0.33505344271566695,0.2555900153850801,0.42283808091969416,NA,NA,NA,NA
P03,L1,L1_2k,2k,NR,200,2,6.565636637572876,5.296616276233256,8.13459411181699,23.346158217539582,0.36829612653569005,0.2750485610628748,0.47375474611696455,NA,NA,NA,NA
P03,L1,L1_2k,2k,NR,200,3,6.295851724483871,4.933405219146002,7.900632182106831,23.892873430391568,0.3699607605461608,0.27353838319165347,0.47427457760605174,NA,NA,NA,NA
P03,L1,L1_2k,2k,NR,200,4,9.560348974476579,7.492161635030992,12.232729041128,19.062234082755477,0.411031713724697,0.3113349944046686,0.5158485367774897,NA,NA,NA,NA
P03,L1,L1_2k,2k,NR,200,5,7.252247022741495,5.894768442683677,8.897096490613373,22.11024018163239,0.2924402205708572,0.2093354819228226,0.39313024258987567,NA,NA,NA,NA
P03,L1,L1_2k,2k,NR,200,6,8.80947564570235,7.114341024877902,10.906398901918815,19.91078412913166,0.26317353522226283,0.1831009285904991,0.3557049063377398,NA,NA,NA,NA
P03,L1,L1_2k,2k,NR,200,7,7.7485484237078825,6.21926341836434,9.623016905397074,21.33119215820749,0.31075488439304866,0.22067228823860843,0.4125349074654632,NA,NA,NA,NA
P03,L1,L1_2k,2k,NR,200,8,11.977875146101155,9.605227541375438,14.955367449736872,16.92655130979139,0.3085894067008945,0.22216477165468684,0.4066161997505498,NA,NA,NA,NA
P03,L1,L1_2k,2k,NR,200,9,9.291435064993257,7.34307867661445,11.712541011988716,19.353449358115537,0.3002469543033206,0.21321022591842362,0.401803380205641,NA,NA,NA,NA
P03,L1,L1_2k,2k,NR,200,10,8.001056485561964,6.273615839016376,10.243848081714741,20.9654636623315,0.274630682183244,0.18906699473245986,0.37553767944936517,NA,NA,NA,NA
P03,L1,L1_2k,2k,NR,250,1,6.336607623561422,5.210479497750374,7.63602284544927,23.807768430633647,0.3335403911488069,0.2573548802213627,0.41652052739877393,NA,NA,NA,NA
P03,L1,L1_2k,2k,NR,250,2,6.565636637572876,5.296616276233256,8.13459411181699,23.346158217539582,0.366679482497965,0.2723503544595392,0.4703529083581295,NA,NA,NA,NA
P03,L1,L1_2k,2k,NR,250,3,6.295851724483871,4.933405219146002,7.900632182106831,23.892873430391568,0.367462239297515,0.2746148238637279,0.4679155767672759,NA,NA,NA,NA
P03,L1,L1_2k,2k,NR,250,4,9.560348974476579,7.492161635030992,12.232729041128,19.062234082755477,0.4085066240301994,0.31165257693517834,0.5135350992253168,NA,NA,NA,NA
P03,L1,L1_2k,2k,NR,250,5,7.252247022741495,5.894768442683677,8.897096490613373,22.11024018163239,0.29108708535755923,0.20848258855034663,0.3902453494400845,NA,NA,NA,NA
P03,L1,L1_2k,2k,NR,250,6,8.80947564570235,7.114341024877902,10.906398901918815,19.91078412913166,0.26084965253897724,0.18248819852738277,0.3515211317570344,NA,NA,NA,NA
P03,L1,L1_2k,2k,NR,250,7,7.7485484237078825,6.21926341836434,9.623016905397074,21.33119215820749,0.30849740867901243,0.22249741379726878,0.40574708359479694,NA,NA,NA,NA
P03,L1,L1_2k,2k,NR,250,8,11.977875146101155,9.605227541375438,14.955367449736872,16.92655130979139,0.30595641371772886,0.22458696984652882,0.40109684638439325,NA,NA,NA,NA
P03,L1,L1_2k,2k,NR,250,9,9.291435064993257,7.34307867661445,11.712541011988716,19.353449358115537,0.2983218920461302,0.21419675960826334,0.3966674459044023,NA,NA,NA,NA
P03,L1,L1_2k,2k,NR,250,10,8.001056485561964,6.273615839016376,10.243848081714741,20.9654636623315,0.2727760357448756,0.18724883056804786,0.37200998394611184,NA,NA,NA,NA
P03,L1,L1_2k,2k,NR,300,1,6.336607623561422,5.210479497750374,7.63602284544927,23.807768430633647,0.28387397283945426,0.21299570726621112,0.3637473745130289,NA,NA,NA,NA
P03,L1,L1_2k,2k,NR,300,2,6.565636637572876,5.296616276233256,8.13459411181699,23.346158217539582,0.3142892439415781,0.228468586731118,0.4123456056453267,NA,NA,NA,NA
P03,L1,L1_2k,2k,NR,300,3,6.295851724483871,4.933405219146002,7.900632182106831,23.892873430391568,0.3168711730516811,0.2276592129091266,0.4149687032527054,NA,NA,NA,NA
P03,L1,L1_2k,2k,NR,300,4,9.560348974476579,7.492161635030992,12.232729041128,19.062234082755477,0.35379482088594644,0.262306432435626,0.45489898917363436,NA,NA,NA,NA
P03,L1,L1_2k,2k,NR,300,5,7.252247022741495,5.894768442683677,8.897096490613373,22.11024018163239,0.24587837653238173,0.16992316581582817,0.33774541543393727,NA,NA,NA,NA
P03,L1,L1_2k,2k,NR,300,6,8.80947564570235,7.114341024877902,10.906398901918815,19.91078412913166,0.21838270706899227,0.15006535597213433,0.30221281345056444,NA,NA,NA,NA
P03,L1,L1_2k,2k,NR,300,7,7.7485484237078825,6.21926341836434,9.623016905397074,21.33119215820749,0.26112943176152015,0.18385922807622243,0.35423585234085464,NA,NA,NA,NA
P03,L1,L1_2k,2k,NR,300,8,11.977875146101155,9.605227541375438,14.955367449736872,16.92655130979139,0.2598498848073677,0.18153141512899362,0.3493496698685139,NA,NA,NA,NA
P03,L1,L1_2k,2k,NR,300,9,9.291435064993257,7.34307867661445,11.712541011988716,19.353449358115537,0.25216732710517753,0.17702780655219624,0.3468941433532862,NA,NA,NA,NA
P03,L1,L1_2k,2k,NR,300,10,8.001056485561964,6.273615839016376,10.243848081714741,20.9654636623315,0.2286527128496335,0.15369756566111778,0.321940459582013,NA,NA,NA,NA
P03,L1,L1_2k,2k,NR,350,1,6.336607623561422,5.210479497750374,7.63602284544927,23.807768430633647,0.3121763145522347,0.2381669865373869,0.3966661223157909,NA,NA,NA,NA
P03,L1,L1_2k,2k,NR,350,2,6.565636637572876,5.296616276233256,8.13459411181699,23.346158217539582,0.34509138603529294,0.2522018831869037,0.44822622051612393,NA,NA,NA,NA
P03,L1,L1_2k,2k,NR,350,3,6.295851724483871,4.933405219146002,7.900632182106831,23.892873430391568,0.346105619341533,0.2539214616752822,0.44886419993283144,NA,NA,NA,NA
P03,L1,L1_2k,2k,NR,350,4,9.560348974476579,7.492161635030992,12.232729041128,19.062234082755477,0.38581259975555704,0.28515003984603404,0.4933300556384384,NA,NA,NA,NA
P03,L1,L1_2k,2k,NR,350,5,7.252247022741495,5.894768442683677,8.897096490613373,22.11024018163239,0.27147713425891684,0.19166293184683403,0.3667869317878734,NA,NA,NA,NA
P03,L1,L1_2k,2k,NR,350,6,8.80947564570235,7.114341024877902,10.906398901918815,19.91078412913166,0.24264729074589003,0.1664347572750125,0.3359546579118019,NA,NA,NA,NA
P03,L1,L1_2k,2k,NR,350,7,7.7485484237078825,6.21926341836434,9.623016905397074,21.33119215820749,0.2886033908457839,0.20313157906254073,0.3883450023616897,NA,NA,NA,NA
P03,L1,L1_2k,2k,NR,350,8,11.977875146101155,9.605227541375438,14.955367449736872,16.92655130979139,0.28634616402623436,0.20078429136655923,0.3829404005624055,NA,NA,NA,NA
P03,L1,L1_2k,2k,NR,350,9,9.291435064993257,7.34307867661445,11.712541011988716,19.353449358115537,0.27943543742613575,0.19569292696890575,0.3772976618538276,NA,NA,NA,NA
P03,L1,L1_2k,2k,NR,350,10,8.001056485561964,6.273615839016376,10.243848081714741,20.9654636623315,0.25392572246820655,0.17271832432544718,0.354462514307322,NA,NA,NA,NA
P03,L1,L1_2k,2k,R,50,1,26.075053432449977,22.087994819740445,30.341434050076433,11.331467931032192,0.09047189126552871,0.055375992437508965,0.13926977037119423,NA,NA,NA,NA
P03,L1,L1_2k,2k,R,50,2,27.03892964010889,22.48832588836887,32.474999192052486,11.123655444915942,0.10331197998295158,0.06042561286086684,0.16427918125674712,NA,NA,NA,NA
P03,L1,L1_2k,2k,R,50,3,25.93973240480907,20.889874535943598,31.66998000571776,11.361586026034415,0.10419602017810799,0.06119337112178229,0.16555102780984973,NA,NA,NA,NA
P03,L1,L1_2k,2k,R,50,4,39.463662628741176,31.385098463001956,48.98423714763086,9.179589723964105,0.12109765526104553,0.07199755746420414,0.18893313978249202,NA,NA,NA,NA
P03,L1,L1_2k,2k,R,50,5,29.845996642048327,25.027790142987005,35.49042771553686,10.577973313228785,0.07575520579238118,0.04289125762820893,0.1243232054033015,NA,NA,NA,NA
P03,L1,L1_2k,2k,R,50,6,36.28831433630225,29.899482576858844,43.57451981340459,9.57829646655888,0.06575901604236446,0.03661908307602844,0.10793039499348958,NA,NA,NA,NA
P03,L1,L1_2k,2k,R,50,7,31.893893818246,25.9750063327872,38.7313012911267,10.226978694657097,0.08147689094391389,0.047084568689430395,0.13364896171549473,NA,NA,NA,NA
P03,L1,L1_2k,2k,R,50,8,49.32496070490842,40.887389733169755,59.27483840711149,8.200135404675793,0.08101766194769797,0.04660055913204002,0.1310513316432671,NA,NA,NA,NA
P03,L1,L1_2k,2k,R,50,9,38.234941635126006,30.65753256926909,47.28920434434769,9.327888884337003,0.07791406296029771,0.04425738425709332,0.1296972867970867,NA,NA,NA,NA
P03,L1,L1_2k,2k,R,50,10,32.92893732407298,26.607771121587508,41.02714733646566,10.062376613314706,0.06966235162815888,0.0384714451587567,0.11567593237832008,NA,NA,NA,NA
P03,L1,L1_2k,2k,R,100,1,26.075053432449977,22.087994819740445,30.341434050076433,11.331467931032192,0.08263837121371564,0.050614614569376895,0.12744429143754654,NA,NA,NA,NA
P03,L1,L1_2k,2k,R,100,2,27.03892964010889,22.48832588836887,32.474999192052486,11.123655444915942,0.09431743868932216,0.05510824452160549,0.15067679408408904,NA,NA,NA,NA
P03,L1,L1_2k,2k,R,100,3,25.93973240480907,20.889874535943598,31.66998000571776,11.361586026034415,0.0951563659086426,0.054287489936476294,0.15258228418710926,NA,NA,NA,NA
P03,L1,L1_2k,2k,R,100,4,39.463662628741176,31.385098463001956,48.98423714763086,9.179589723964105,0.11120165666216919,0.06550726188339084,0.173612896783815,NA,NA,NA,NA
P03,L1,L1_2k,2k,R,100,5,29.845996642048327,25.027790142987005,35.49042771553686,10.577973313228785,0.06891189409407594,0.0400148772931568,0.11171272255991478,NA,NA,NA,NA
P03,L1,L1_2k,2k,R,100,6,36.28831433630225,29.899482576858844,43.57451981340459,9.57829646655888,0.0597832883614491,0.033756865569227905,0.09879218800484425,NA,NA,NA,NA
P03,L1,L1_2k,2k,R,100,7,31.893893818246,25.9750063327872,38.7313012911267,10.226978694657097,0.0744455951061726,0.04228478752532696,0.12064423461848012,NA,NA,NA,NA
P03,L1,L1_2k,2k,R,100,8,49.32496070490842,40.887389733169755,59.27483840711149,8.200135404675793,0.07352058158968067,0.0427366665814482,0.12020717286190903,NA,NA,NA,NA
P03,L1,L1_2k,2k,R,100,9,38.234941635126006,30.65753256926909,47.28920434434769,9.327888884337003,0.07113725567224105,0.0407091195377173,0.11635812933889245,NA,NA,NA,NA
P03,L1,L1_2k,2k,R,100,10,32.92893732407298,26.607771121587508,41.02714733646566,10.062376613314706,0.06320040390814505,0.03517254617947096,0.10683102859476928,NA,NA,NA,NA
P03,L1,L1_2k,2k,R,150,1,26.075053432449977,22.087994819740445,30.341434050076433,11.331467931032192,0.04373387184801024,0.021760663280810784,0.0766672022340693,NA,NA,NA,NA
P03,L1,L1_2k,2k,R,150,2,27.03892964010889,22.48832588836887,32.474999192052486,11.123655444915942,0.049990726413182154,0.024260395715808663,0.09177544682604605,NA,NA,NA,NA
P03,L1,L1_2k,2k,R,150,3,25.93973240480907,20.889874535943598,31.66998000571776,11.361586026034415,0.05046885472695553,0.024451035482782574,0.09257219407279639,NA,NA,NA,NA
P03,L1,L1_2k,2k,R,150,4,39.463662628741176,31.385098463001956,48.98423714763086,9.179589723964105,0.05938250624600043,0.028716206077067014,0.10642518706096042,NA,NA,NA,NA
P03,L1,L1_2k,2k,R,150,5,29.845996642048327,25.027790142987005,35.49042771553686,10.577973313228785,0.03605957835612135,0.017293330500651988,0.06800822431886022,NA,NA,NA,NA
P03,L1,L1_2k,2k,R,150,6,36.28831433630225,29.899482576858844,43.57451981340459,9.57829646655888,0.030967486470944678,0.014566850691442946,0.059469691067965215,NA,NA,NA,NA
P03,L1,L1_2k,2k,R,150,7,31.893893818246,25.9750063327872,38.7313012911267,10.226978694657097,0.0390391330903288,0.018332317656113616,0.07277515203475718,NA,NA,NA,NA
P03,L1,L1_2k,2k,R,150,8,49.32496070490842,40.887389733169755,59.27483840711149,8.200135404675793,0.03858841743428538,0.018557163900822893,0.07206774568252698,NA,NA,NA,NA
P03,L1,L1_2k,2k,R,150,9,38.234941635126006,30.65753256926909,47.28920434434769,9.327888884337003,0.03737444350301633,0.01719954025779465,0.06972236612059649,NA,NA,NA,NA
P03,L1,L1_2k,2k,R,150,10,32.92893732407298,26.607771121587508,41.02714733646566,10.062376613314706,0.03294324117326823,0.015351400667308591,0.06367660209337074,NA,NA,NA,NA
P03,L1,L1_2k,2k,R,200,1,26.075053432449977,22.087994819740445,30.341434050076433,11.331467931032192,0.05158708850609131,0.02857073813109763,0.08590359322559084,NA,NA,NA,NA
P03,L1,L1_2k,2k,R,200,2,27.03892964010889,22.48832588836887,32.474999192052486,11.123655444915942,0.059219091375896316,0.031879187989531245,0.10234618749660139,NA,NA,NA,NA
P03,L1,L1_2k,2k,R,200,3,25.93973240480907,20.889874535943598,31.66998000571776,11.361586026034415,0.05954898207294204,0.03230456729698729,0.10275768259310099,NA,NA,NA,NA
P03,L1,L1_2k,2k,R,200,4,39.463662628741176,31.385098463001956,48.98423714763086,9.179589723964105,0.06991788636068076,0.03813133974855409,0.11851047300260907,NA,NA,NA,NA
P03,L1,L1_2k,2k,R,200,5,29.845996642048327,25.027790142987005,35.49042771553686,10.577973313228785,0.04252645840316864,0.022116395876135918,0.07606581455080064,NA,NA,NA,NA
P03,L1,L1_2k,2k,R,200,6,36.28831433630225,29.899482576858844,43.57451981340459,9.57829646655888,0.036834972981848346,0.019266786305296147,0.0649663763869048,NA,NA,NA,NA
P03,L1,L1_2k,2k,R,200,7,31.893893818246,25.9750063327872,38.7313012911267,10.226978694657097,0.04631130076323646,0.023927916795737667,0.08042477670215849,NA,NA,NA,NA
P03,L1,L1_2k,2k,R,200,8,49.32496070490842,40.887389733169755,59.27483840711149,8.200135404675793,0.04571003953697668,0.024535458654046643,0.0793893546106679,NA,NA,NA,NA
P03,L1,L1_2k,2k,R,200,9,38.234941635126006,30.65753256926909,47.28920434434769,9.327888884337003,0.04437912410957716,0.02293894379085406,0.07871999511214894,NA,NA,NA,NA
P03,L1,L1_2k,2k,R,200,10,32.92893732407298,26.607771121587508,41.02714733646566,10.062376613314706,0.0390303925019522,0.020146060943689217,0.07106081135474109,NA,NA,NA,NA
P03,L1,L1_2k,2k,R,250,1,26.075053432449977,22.087994819740445,30.341434050076433,11.331467931032192,0.04518298881368396,0.023459785364229973,0.07870250890240457,NA,NA,NA,NA
P03,L1,L1_2k,2k,R,250,2,27.03892964010889,22.48832588836887,32.474999192052486,11.123655444915942,0.052091858806848024,0.026347502078190786,0.09422475928340417,NA,NA,NA,NA
P03,L1,L1_2k,2k,R,250,3,25.93973240480907,20.889874535943598,31.66998000571776,11.361586026034415,0.05225524260944185,0.026216642770733475,0.09449890445048753,NA,NA,NA,NA
P03,L1,L1_2k,2k,R,250,4,39.463662628741176,31.385098463001956,48.98423714763086,9.179589723964105,0.06130233553059726,0.030779994049488228,0.11010459458307961,NA,NA,NA,NA
P03,L1,L1_2k,2k,R,250,5,29.845996642048327,25.027790142987005,35.49042771553686,10.577973313228785,0.03748911234378998,0.01867413570748337,0.06849273963109802,NA,NA,NA,NA
P03,L1,L1_2k,2k,R,250,6,36.28831433630225,29.899482576858844,43.57451981340459,9.57829646655888,0.03238730108476863,0.015555906718145671,0.05973639103664118,NA,NA,NA,NA
P03,L1,L1_2k,2k,R,250,7,31.893893818246,25.9750063327872,38.7313012911267,10.226978694657097,0.04040025832143193,0.020070749149893655,0.0736252826299525,NA,NA,NA,NA
P03,L1,L1_2k,2k,R,250,8,49.32496070490842,40.887389733169755,59.27483840711149,8.200135404675793,0.04013864807368471,0.019936218496089543,0.07331667425107194,NA,NA,NA,NA
P03,L1,L1_2k,2k,R,250,9,38.234941635126006,30.65753256926909,47.28920434434769,9.327888884337003,0.03900238842887511,0.018802448464871977,0.07156340168533076,NA,NA,NA,NA
P03,L1,L1_2k,2k,R,250,10,32.92893732407298,26.607771121587508,41.02714733646566,10.062376613314706,0.03432941879703755,0.01664267151651664,0.06371300142060234,NA,NA,NA,NA
P03,L1,L1_2k,2k,R,300,1,26.075053432449977,22.087994819740445,30.341434050076433,11.331467931032192,0.011865930845026313,0.0035106513654217563,0.030893385874841264,NA,NA,NA,NA
P03,L1,L1_2k,2k,R,300,2,27.03892964010889,22.48832588836887,32.474999192052486,11.123655444915942,0.013676168321383186,0.0038973477721164678,0.036473994599223465,NA,NA,NA,NA
P03,L1,L1_2k,2k,R,300,3,25.93973240480907,20.889874535943598,31.66998000571776,11.361586026034415,0.013828356205094573,0.0038967264543005903,0.0365288785500247,NA,NA,NA,NA
P03,L1,L1_2k,2k,R,300,4,39.463662628741176,31.385098463001956,48.98423714763086,9.179589723964105,0.016362362711991058,0.004586134313393951,0.044255176133278555,NA,NA,NA,NA
P03,L1,L1_2k,2k,R,300,5,29.845996642048327,25.027790142987005,35.49042771553686,10.577973313228785,0.009723651138262325,0.0027857516368986154,0.02647578361142167,NA,NA,NA,NA
P03,L1,L1_2k,2k,R,300,6,36.28831433630225,29.899482576858844,43.57451981340459,9.57829646655888,0.008338341123585087,0.002371306160013752,0.02295972623421709,NA,NA,NA,NA
P03,L1,L1_2k,2k,R,300,7,31.893893818246,25.9750063327872,38.7313012911267,10.226978694657097,0.010580019905201068,0.0030997813419966734,0.028162915271500322,NA,NA,NA,NA
P03,L1,L1_2k,2k,R,300,8,49.32496070490842,40.887389733169755,59.27483840711149,8.200135404675793,0.010488849845090558,0.002980039439643427,0.02815192600995529,NA,NA,NA,NA
P03,L1,L1_2k,2k,R,300,9,38.234941635126006,30.65753256926909,47.28920434434769,9.327888884337003,0.010110480237273414,0.00286136160120494,0.026951348104475827,NA,NA,NA,NA
P03,L1,L1_2k,2k,R,300,10,32.92893732407298,26.607771121587508,41.02714733646566,10.062376613314706,0.008882466292047482,0.002460225646323409,0.024825811066557762,NA,NA,NA,NA
P03,L1,L1_2k,2k,R,350,1,26.075053432449977,22.087994819740445,30.341434050076433,11.331467931032192,0.03409229109548603,0.015603301002130416,0.06265137099460083,NA,NA,NA,NA
P03,L1,L1_2k,2k,R,350,2,27.03892964010889,22.48832588836887,32.474999192052486,11.123655444915942,0.039007619554100786,0.017657071719342173,0.07492320903811978,NA,NA,NA,NA
P03,L1,L1_2k,2k,R,350,3,25.93973240480907,20.889874535943598,31.66998000571776,11.361586026034415,0.03913482058371781,0.017756588273977324,0.07563454842215966,NA,NA,NA,NA
P03,L1,L1_2k,2k,R,350,4,39.463662628741176,31.385098463001956,48.98423714763086,9.179589723964105,0.04606448363188009,0.020757841358464674,0.08777000855430042,NA,NA,NA,NA
P03,L1,L1_2k,2k,R,350,5,29.845996642048327,25.027790142987005,35.49042771553686,10.577973313228785,0.028053329265917647,0.012329406597068085,0.05476214507141643,NA,NA,NA,NA
P03,L1,L1_2k,2k,R,350,6,36.28831433630225,29.899482576858844,43.57451981340459,9.57829646655888,0.024077182042816368,0.010664230350747296,0.04781716038507023,NA,NA,NA,NA
P03,L1,L1_2k,2k,R,350,7,31.893893818246,25.9750063327872,38.7313012911267,10.226978694657097,0.0305592797993315,0.013311974514815215,0.059081508409880225,NA,NA,NA,NA
P03,L1,L1_2k,2k,R,350,8,49.32496070490842,40.887389733169755,59.27483840711149,8.200135404675793,0.02992160291393793,0.013476968093894169,0.058014766631630965,NA,NA,NA,NA
P03,L1,L1_2k,2k,R,350,9,38.234941635126006,30.65753256926909,47.28920434434769,9.327888884337003,0.02905465493493976,0.012783189114920523,0.056501204935558685,NA,NA,NA,NA
P03,L1,L1_2k,2k,R,350,10,32.92893732407298,26.607771121587508,41.02714733646566,10.062376613314706,0.025687067081388792,0.011147194525476193,0.0512010538328991,NA,NA,NA,NA
P03,L1,L1_14k,14k,NR,50,1,4.142731695330692,2.9211068666455495,5.908029347071247,30.388237851642046,0.2950491357401229,0.2059142887440615,0.38795181366289033,NA,NA,NA,NA
P03,L1,L1_14k,14k,NR,50,2,4.765671092614168,3.256066638385697,6.96405377995201,27.97284095223878,0.3343397675837839,0.22647132209037238,0.45316927964890213,NA,NA,NA,NA
P03,L1,L1_14k,14k,NR,50,3,4.685109341658771,3.159575929490915,6.931654171289904,28.252114656015795,0.3261454498924824,0.21868667642606196,0.44318493203087017,NA,NA,NA,NA
P03,L1,L1_14k,14k,NR,50,4,7.226954184684647,4.99176592990216,10.567766548328846,22.152291351878254,0.3771617085969224,0.2668381525954401,0.4969968203499568,NA,NA,NA,NA
P03,L1,L1_14k,14k,NR,50,5,5.4540246721374634,3.7549875354705238,7.886589887024013,25.890172225569035,0.26484174987619646,0.17324860994117272,0.3760929283336417,NA,NA,NA,NA
P03,L1,L1_14k,14k,NR,50,6,6.328584291424102,4.3582935475489295,9.155099540333211,23.824449196106666,0.2194976910372058,0.13940385750310885,0.319755910474473,NA,NA,NA,NA
P03,L1,L1_14k,14k,NR,50,7,5.869155374581016,4.099462125898072,8.475617613169367,24.84373172883654,0.27689659000422673,0.18142479440169332,0.3860394212690455,NA,NA,NA,NA
P03,L1,L1_14k,14k,NR,50,8,8.598019455472079,5.883499174369552,12.467812004601363,20.17109493023705,0.2652068722219854,0.1762118313204818,0.3699463745733114,NA,NA,NA,NA
P03,L1,L1_14k,14k,NR,50,9,7.426500041000459,5.139498185172796,10.718588718856214,21.82697215101137,0.2783250375670526,0.18577278277779674,0.3849009479536609,NA,NA,NA,NA
P03,L1,L1_14k,14k,NR,50,10,5.716237701562143,3.962253420043432,8.350215353291535,25.213890998516565,0.22602887243142045,0.14122248887713612,0.33264622476213995,NA,NA,NA,NA
P03,L1,L1_14k,14k,NR,100,1,3.6365404359641738,2.6882018885240004,4.961323907906282,32.90967362044714,0.31930310498583214,0.23193937067929135,0.4116308797073797,NA,NA,NA,NA
P03,L1,L1_14k,14k,NR,100,2,4.188472273178734,2.9652796623278572,5.8721456741849005,30.188483548965365,0.36080351755641155,0.25870233955898636,0.4718337214924133,NA,NA,NA,NA
P03,L1,L1_14k,14k,NR,100,3,4.1147007306721495,2.9445581130024663,5.759743164444895,30.51268669923497,0.35175771331612504,0.2486714851475987,0.4665787915031939,NA,NA,NA,NA
P03,L1,L1_14k,14k,NR,100,4,6.368577422021474,4.444598116348544,9.071532724761479,23.741654973824605,0.4050720384395202,0.29997817307185787,0.5180875595798783,NA,NA,NA,NA
P03,L1,L1_14k,14k,NR,100,5,4.795056853046411,3.454940045771695,6.734542020362047,27.873083157300336,0.2885626188364191,0.19373417240417848,0.39406108850798005,NA,NA,NA,NA
P03,L1,L1_14k,14k,NR,100,6,5.540241215062382,4.009082798905405,7.7613120282915915,25.661676174511385,0.23978403430366824,0.1584829816540701,0.3429350802192565,NA,NA,NA,NA
P03,L1,L1_14k,14k,NR,100,7,5.165673650858418,3.711806545440074,7.106397279077747,26.702650731901382,0.29971481625905333,0.20489235789140486,0.4108595813271251,NA,NA,NA,NA
P03,L1,L1_14k,14k,NR,100,8,7.551251001995967,5.42825686229732,10.611151397835023,21.630807540979472,0.28846135918383264,0.19667884528676133,0.39316496268742135,NA,NA,NA,NA
P03,L1,L1_14k,14k,NR,100,9,6.5061194996954175,4.6477444929000695,9.294877345606473,23.463482799377886,0.30273880086635896,0.20917408300112164,0.4104760038619108,NA,NA,NA,NA
P03,L1,L1_14k,14k,NR,100,10,5.042330217676547,3.5768378206589517,7.050304705310972,27.075129141494784,0.24648805909378024,0.16083262396528544,0.3552111629362483,NA,NA,NA,NA
P03,L1,L1_14k,14k,NR,150,1,6.12183568994721,4.2421178884150414,9.283509718042465,24.267013127263095,0.3736543401818312,0.28292383466250337,0.46995773961614734,NA,NA,NA,NA
P03,L1,L1_14k,14k,NR,150,2,7.033748158896826,4.79918274025192,10.84066396796235,22.481736049602738,0.4173706280772969,0.30884682229107757,0.5306573809416573,NA,NA,NA,NA
P03,L1,L1_14k,14k,NR,150,3,6.938441444030683,4.591837668657657,10.79575397025531,22.64983254470763,0.40688445922313426,0.3035313685824031,0.5197334225905572,NA,NA,NA,NA
P03,L1,L1_14k,14k,NR,150,4,10.668387988174722,7.205573884535088,16.81072862914826,17.988025042655014,0.4638553453080271,0.35522660182920557,0.5779031465257335,NA,NA,NA,NA
P03,L1,L1_14k,14k,NR,150,5,8.063634093585158,5.534321159042435,12.312184957470441,20.877724852607027,0.3383073895898274,0.24367283078534416,0.4514268298118878,NA,NA,NA,NA
P03,L1,L1_14k,14k,NR,150,6,9.299139512801215,6.451392698468749,14.517310267361319,19.34491840301537,0.2870572591711591,0.19739208670978772,0.3911100954100402,NA,NA,NA,NA
P03,L1,L1_14k,14k,NR,150,7,8.677903828922872,5.946961709757146,13.321635712188616,20.07155056327073,0.35349371292496823,0.2523525878588327,0.46549863061418295,NA,NA,NA,NA
P03,L1,L1_14k,14k,NR,150,8,12.645277309696436,8.600521767944077,19.934722723182105,16.45330896502963,0.33916961261459333,0.24089206622315734,0.44933010813803076,NA,NA,NA,NA
P03,L1,L1_14k,14k,NR,150,9,10.980439746244553,7.30583381886056,17.07787520333916,17.716969519195185,0.35481227860123926,0.2549592820299527,0.4647801006379987,NA,NA,NA,NA
P03,L1,L1_14k,14k,NR,150,10,8.469000573544719,5.528127207199285,13.596596912652254,20.335064734528,0.2947983077982883,0.1956800253604723,0.4067733816573667,NA,NA,NA,NA
P03,L1,L1_14k,14k,NR,200,1,5.79620822966603,4.171392863259951,8.236589669181209,25.01821324830894,0.3363049242286449,0.25020519093492566,0.43167561731925613,NA,NA,NA,NA
P03,L1,L1_14k,14k,NR,200,2,6.679088432769114,4.676100175295347,9.614661659174116,23.12738362280306,0.3786998853049343,0.2777609647548217,0.4888642644949795,NA,NA,NA,NA
P03,L1,L1_14k,14k,NR,200,3,6.566440616383561,4.608072038021277,9.60315683468556,23.3445855872161,0.36929981759137787,0.2710871190577179,0.47882330340740653,NA,NA,NA,NA
P03,L1,L1_14k,14k,NR,200,4,10.172284139543802,6.923656542290027,14.76906468869256,18.445904441281083,0.4248673004733786,0.3211992771879844,0.536365952200276,NA,NA,NA,NA
P03,L1,L1_14k,14k,NR,200,5,7.629380657631767,5.334903790997957,11.108242913326562,21.51064146361225,0.3048443932336713,0.21158415674231607,0.4123043135927968,NA,NA,NA,NA
P03,L1,L1_14k,14k,NR,200,6,8.868356805171679,6.252176992928848,12.768055576706525,19.84008645321218,0.2547502693485039,0.1735808949852084,0.35317625778972467,NA,NA,NA,NA
P03,L1,L1_14k,14k,NR,200,7,8.248134598606285,5.754563907931678,12.046239246382187,20.625366773719275,0.3169298011571363,0.22213268307940023,0.4241229616019279,NA,NA,NA,NA
P03,L1,L1_14k,14k,NR,200,8,12.055781049240162,8.35646772847535,17.50304569906507,16.86919045963426,0.3040634385445847,0.2148684130921104,0.40745628277440676,NA,NA,NA,NA
P03,L1,L1_14k,14k,NR,200,9,10.404682813564284,7.130126258078875,15.393282446797791,18.227090288022183,0.31876461179238125,0.22462107167299838,0.4286321843687584,NA,NA,NA,NA
P03,L1,L1_14k,14k,NR,200,10,8.026702172438286,5.488016609370666,11.841715402642327,20.929371599027032,0.26234455765351405,0.17391138494430577,0.36752590514464334,NA,NA,NA,NA
P03,L1,L1_14k,14k,NR,250,1,10.968059873396244,7.647084851396067,15.693941880831565,17.727489651532604,0.38619509835074806,0.30082094397086945,0.4737517410259336,NA,NA,NA,NA
P03,L1,L1_14k,14k,NR,250,2,12.5899817652437,8.565110117581488,18.600601817095637,16.49101437880815,0.429940818524549,0.32562522646670194,0.5357865229012387,NA,NA,NA,NA
P03,L1,L1_14k,14k,NR,250,3,12.410213897924804,8.364285420358955,18.130307292531374,16.61541600296742,0.42081900104196335,0.316861278014947,0.5279636264409648,NA,NA,NA,NA
P03,L1,L1_14k,14k,NR,250,4,19.214506296481147,12.809727475450462,28.172265901399367,13.248588773771766,0.4783706684269715,0.3749396238799283,0.580137280507436,NA,NA,NA,NA
P03,L1,L1_14k,14k,NR,250,5,14.397703676130638,9.898677195052834,21.345761191991166,15.378120819418589,0.35173897292089923,0.254911285402034,0.4587201146427663,NA,NA,NA,NA
P03,L1,L1_14k,14k,NR,250,6,16.731282905872817,11.581091896612772,23.885257402106213,14.227509518896486,0.29722017089993286,0.21260976113025054,0.39356663157233934,NA,NA,NA,NA
P03,L1,L1_14k,14k,NR,250,7,15.58334678744839,10.681511293592047,22.465881737136137,14.760002998087662,0.36548567352429284,0.26852985531054624,0.4720575670305207,NA,NA,NA,NA
P03,L1,L1_14k,14k,NR,250,8,22.747066852177582,15.628468386832708,33.45899835470386,12.150152890904769,0.3513725131499264,0.2576390509193601,0.45313285093005556,NA,NA,NA,NA
P03,L1,L1_14k,14k,NR,250,9,19.68108013772507,13.142551397273527,29.11579797480502,13.0862601681579,0.36782858747846997,0.2700609046455999,0.47130109075845766,NA,NA,NA,NA
P03,L1,L1_14k,14k,NR,250,10,15.149075480794728,10.366434551802135,21.90155480977704,14.977643994922518,0.3047964963934355,0.21605922894677324,0.40724592139422405,NA,NA,NA,NA
P03,L1,L1_14k,14k,NR,300,1,6.873810084811937,5.120646663312382,9.149642778968328,22.766026199093375,0.29971685161542905,0.22449959677182404,0.38277794462630754,NA,NA,NA,NA
P03,L1,L1_14k,14k,NR,300,2,7.889431901984496,5.64388713817173,10.893271854467503,21.124781004935812,0.33994054700719983,0.24709182973395755,0.44125790685804095,NA,NA,NA,NA
P03,L1,L1_14k,14k,NR,300,3,7.771415206171332,5.57567467713046,10.809157713748755,21.297273982990056,0.33013201663819935,0.23909081696313367,0.43475686929027285,NA,NA,NA,NA
P03,L1,L1_14k,14k,NR,300,4,12.021639834988836,8.446345125499407,16.802770884554178,16.894255998180856,0.3844300639157582,0.2871783823568957,0.485982698302734,NA,NA,NA,NA
P03,L1,L1_14k,14k,NR,300,5,9.028676504468917,6.638163479312716,12.356286332713028,19.651368600423567,0.2690964239792005,0.18489882738872576,0.3688337903739495,NA,NA,NA,NA
P03,L1,L1_14k,14k,NR,300,6,10.479053334182822,7.652373504706148,14.252250547221948,18.158701626797082,0.22442945320395397,0.1521270910151455,0.3116606260796859,NA,NA,NA,NA
P03,L1,L1_14k,14k,NR,300,7,9.739978497469611,7.099873646947402,13.269053320546963,18.874911668573056,0.281083970685285,0.19603325889035148,0.37963626952565743,NA,NA,NA,NA
P03,L1,L1_14k,14k,NR,300,8,14.23111230659004,10.345099811843454,19.50886889020866,15.471355120594168,0.2698936478425925,0.19111384525138086,0.36171771942527253,NA,NA,NA,NA
P03,L1,L1_14k,14k,NR,300,9,12.275134428188611,8.78861069306313,17.366581269746106,16.710772632515702,0.2834163247488275,0.1988312205788849,0.380511288354824,NA,NA,NA,NA
P03,L1,L1_14k,14k,NR,300,10,9.470690242505675,6.91421937091812,12.998394765851184,19.157854745005217,0.2309718347108085,0.15099606117724274,0.32452198201906046,NA,NA,NA,NA
P03,L1,L1_14k,14k,NR,350,1,5.521311651027522,3.8811211984151095,7.696043885383771,25.71131162329943,0.307068521170743,0.2236984124542695,0.39671687868615124,NA,NA,NA,NA
P03,L1,L1_14k,14k,NR,350,2,6.346130983337606,4.40354716878785,8.93589105187296,23.788015323171642,0.3475004877751164,0.2460476479197986,0.45740504015214395,NA,NA,NA,NA
P03,L1,L1_14k,14k,NR,350,3,6.234263605490298,4.236440148636084,8.923915778601064,24.02326359847432,0.338821652059643,0.23964359256140821,0.44668603123855055,NA,NA,NA,NA
P03,L1,L1_14k,14k,NR,350,4,9.6222336422604,6.532432891990963,13.94995242802132,18.99706768085728,0.3921990040627505,0.28429264191884074,0.5042625956654834,NA,NA,NA,NA
P03,L1,L1_14k,14k,NR,350,5,7.266776350701779,4.991557499142321,10.449283625750795,22.086193482632016,0.27600880979878234,0.18776645549538962,0.38138398752057306,NA,NA,NA,NA
P03,L1,L1_14k,14k,NR,350,6,8.400277743605997,5.836523600768715,12.037714723172378,20.424065485903103,0.23034220998961302,0.15185766930751798,0.3237998685066902,NA,NA,NA,NA
P03,L1,L1_14k,14k,NR,350,7,7.806010839378403,5.423385117830016,11.233329979764594,21.246267628683064,0.2879685594439061,0.19734371428580133,0.39515675592046495,NA,NA,NA,NA
P03,L1,L1_14k,14k,NR,350,8,11.435254004481894,7.6573570857806805,16.471729859351985,17.34304676294385,0.2760484332053247,0.18687902474958606,0.3789798337121754,NA,NA,NA,NA
P03,L1,L1_14k,14k,NR,350,9,9.8776653681047,6.63005262033829,14.312357000810541,18.73502654287093,0.29095656131432984,0.19856748543170455,0.39486325606372363,NA,NA,NA,NA
P03,L1,L1_14k,14k,NR,350,10,7.619248213003305,5.169959687141475,11.013999233657035,21.52611137356955,0.23645894618806615,0.15386881858143947,0.33553367196421924,NA,NA,NA,NA
P03,L1,L1_14k,14k,R,50,1,16.328869889461593,12.891427603454165,20.813150581376192,14.407548844247042,0.06662660564832606,0.03689651935582041,0.11000438867741756,NA,NA,NA,NA
P03,L1,L1_14k,14k,R,50,2,18.780356850666543,14.082390449682334,24.790387518698708,13.40519746474087,0.07872107262366781,0.04238385856507346,0.13350382688720577,NA,NA,NA,NA
P03,L1,L1_14k,14k,R,50,3,18.45527524352389,13.93837357663797,24.33487131322143,13.526171821684978,0.07578356222717783,0.040914064661833484,0.12986328430834193,NA,NA,NA,NA
P03,L1,L1_14k,14k,R,50,4,28.550396822533532,21.164360562818718,37.80997526975233,10.819635188837303,0.09355984598818724,0.05191815198228356,0.15591050743521598,NA,NA,NA,NA
P03,L1,L1_14k,14k,R,50,5,21.499065736660476,16.33044135965114,28.364612406677256,12.506337012239682,0.05764247865809202,0.03033250718795803,0.10037778069217139,NA,NA,NA,NA
P03,L1,L1_14k,14k,R,50,6,24.898817201233697,18.957636097827216,32.65989012698061,11.601584500896731,0.045666686523005665,0.023587027275020725,0.0814810111578688,NA,NA,NA,NA
P03,L1,L1_14k,14k,R,50,7,23.194675313952864,17.70624075598536,30.00914890841126,12.029631412652144,0.060989534768403394,0.032260560640214195,0.106075386131375,NA,NA,NA,NA
P03,L1,L1_14k,14k,R,50,8,33.83772772921007,25.69315616125979,44.58761127205856,9.924222940376943,0.05787852025695942,0.030604628724973014,0.09980914690386226,NA,NA,NA,NA
P03,L1,L1_14k,14k,R,50,9,29.267784327211725,22.129285626652653,38.32137899587392,10.68380454601959,0.0616247349107067,0.03276666336410258,0.10701841506610835,NA,NA,NA,NA
P03,L1,L1_14k,14k,R,50,10,22.562722217500443,16.97905884474798,29.918853297088862,12.200853577878592,0.04721318783554342,0.024312381994001778,0.08482953326498055,NA,NA,NA,NA
P03,L1,L1_14k,14k,R,100,1,19.414758069559355,15.120010541445707,24.738152716974366,13.17818080659026,0.07347327210387493,0.04229184090495997,0.11641317200498864,NA,NA,NA,NA
P03,L1,L1_14k,14k,R,100,2,22.285841484547767,16.942088907246962,29.239737833203492,12.278212325241388,0.08690380374806034,0.04843371251237591,0.14283697884580346,NA,NA,NA,NA
P03,L1,L1_14k,14k,R,100,3,21.91682309984928,16.35990847815754,29.52841445330733,12.383640481630042,0.08384992514769435,0.04600167458796188,0.14002090553098415,NA,NA,NA,NA
P03,L1,L1_14k,14k,R,100,4,34.0978374833468,24.47110244337338,45.402350293941836,9.885717406360023,0.10405207984935147,0.05828592761299095,0.16704377155707092,NA,NA,NA,NA
P03,L1,L1_14k,14k,R,100,5,25.560962151554133,19.551774138233743,33.29571713006064,11.44718277625895,0.06351489895672102,0.03512143780122446,0.10626466261414813,NA,NA,NA,NA
P03,L1,L1_14k,14k,R,100,6,29.558289537453565,22.734634885959327,38.24714122844528,10.630237661518281,0.05045356385367645,0.02726591551899689,0.0876380469995632,NA,NA,NA,NA
P03,L1,L1_14k,14k,R,100,7,27.491892279677145,20.933538229642767,36.250963537895494,11.029867757680652,0.06758317437420994,0.03704119069861676,0.1142588678740632,NA,NA,NA,NA
P03,L1,L1_14k,14k,R,100,8,40.2548979650055,30.28399823730084,53.150242416517,9.087755183570648,0.06377257257556242,0.03444474087639035,0.10809025864950737,NA,NA,NA,NA
P03,L1,L1_14k,14k,R,100,9,34.86328083826602,25.94149966973034,46.062856954927284,9.774953528186158,0.06794285427312641,0.036642912368778764,0.11466033663604733,NA,NA,NA,NA
P03,L1,L1_14k,14k,R,100,10,26.746967305491363,20.1120690015361,35.713393432423985,11.185391351305881,0.05246355562381847,0.027983449602201296,0.09050353814661943,NA,NA,NA,NA
P03,L1,L1_14k,14k,R,150,1,19.046456999883418,15.24706206664629,23.840357458448864,13.308554306844742,0.037916763527379244,0.01774338775427541,0.0692409489048748,NA,NA,NA,NA
P03,L1,L1_14k,14k,R,150,2,21.909192124834654,16.943402630537218,28.29448167946543,12.3858494145381,0.04507866312200396,0.020473677715703773,0.08503797111191119,NA,NA,NA,NA
P03,L1,L1_14k,14k,R,150,3,21.53381801030576,16.508307949359423,27.883736998353573,12.495990727943834,0.04339073527425724,0.019442597215186794,0.08312756175333416,NA,NA,NA,NA
P03,L1,L1_14k,14k,R,150,4,33.28451121902725,25.4428241437424,43.35442470155739,10.007638287817922,0.05421597340747114,0.02587138672673496,0.09888636233104962,NA,NA,NA,NA
P03,L1,L1_14k,14k,R,150,5,25.095718028420627,19.53812866049624,32.01711712282404,11.555018740321275,0.03271318663837894,0.014788851520901758,0.06334112395621719,NA,NA,NA,NA
P03,L1,L1_14k,14k,R,150,6,29.076146205480775,22.576127831118164,37.31041237988703,10.71958779941157,0.025803309114248836,0.011456340870821936,0.0506435287662759,NA,NA,NA,NA
P03,L1,L1_14k,14k,R,150,7,27.02862677027136,20.934751813316268,34.66712830665755,11.125816622237597,0.034773438326774014,0.01595251085494021,0.06626556741056416,NA,NA,NA,NA
P03,L1,L1_14k,14k,R,150,8,39.59218815559538,30.471881420690725,51.073429709734086,9.164482898871672,0.032666644413608004,0.014737857963167657,0.06268363479590093,NA,NA,NA,NA
P03,L1,L1_14k,14k,R,150,9,34.19249863475204,26.03645964363316,44.556557244113336,9.871815036877988,0.03509894228522405,0.015578210710025702,0.06831276508518286,NA,NA,NA,NA
P03,L1,L1_14k,14k,R,150,10,26.343278603746302,20.05778396767201,34.453684422851474,11.272471130392072,0.026603199507694957,0.011640542522828779,0.052862754606618746,NA,NA,NA,NA
P03,L1,L1_14k,14k,R,200,1,27.331138328697044,22.128237764543258,33.8285455169294,11.062880225600859,0.05338635212833473,0.028709075258132825,0.08922540986559904,NA,NA,NA,NA
P03,L1,L1_14k,14k,R,200,2,31.34183444913571,24.650167292306442,39.98368698582173,10.318143887827835,0.06345993059086172,0.03265570298816537,0.11051549731482525,NA,NA,NA,NA
P03,L1,L1_14k,14k,R,200,3,30.842629031385343,24.07260352221512,39.44976603679935,10.402715741922869,0.061296375601715296,0.03206859703772708,0.10597403184656147,NA,NA,NA,NA
P03,L1,L1_14k,14k,R,200,4,47.78941782812309,36.502509869453775,62.18426812977493,8.332230602621415,0.07598203280149537,0.040370057604199094,0.12975374717353347,NA,NA,NA,NA
P03,L1,L1_14k,14k,R,200,5,35.96779051332447,28.082917567372906,46.19309466343222,9.621493638488621,0.046398276117448206,0.02325540628576248,0.08254992744481185,NA,NA,NA,NA
P03,L1,L1_14k,14k,R,200,6,41.686331362872785,32.66865690788542,53.1429078390768,8.92839428422715,0.036459765622229974,0.018762531132292162,0.06552331864377318,NA,NA,NA,NA
P03,L1,L1_14k,14k,R,200,7,38.85499735270188,30.181196116525836,49.16014931506157,9.252160731205501,0.0492049902304914,0.025240593574861227,0.0863315155200873,NA,NA,NA,NA
P03,L1,L1_14k,14k,R,200,8,56.74776344947409,44.03692564260164,72.48734477202171,7.639844861625917,0.04643359043840039,0.02395973860826086,0.08098851725396616,NA,NA,NA,NA
P03,L1,L1_14k,14k,R,200,9,48.916385408233694,37.41904518378849,63.8828302351992,8.234668570103603,0.04948186496673234,0.02516862218685673,0.08801798922773085,NA,NA,NA,NA
P03,L1,L1_14k,14k,R,200,10,37.7464452324444,28.96303630477179,48.7268882932601,9.388877260215285,0.03774060518976585,0.018857298045881335,0.0691207650472244,NA,NA,NA,NA
P03,L1,L1_14k,14k,R,250,1,25.413505637682,19.75898209645054,32.24865327062666,11.481033219237275,0.04762158855853543,0.02437693716798927,0.08281699712161622,NA,NA,NA,NA
P03,L1,L1_14k,14k,R,250,2,29.15518164829747,22.03721322165621,38.18192597024571,10.704786531914042,0.0569850225618216,0.028113205768310914,0.1009449459361431,NA,NA,NA,NA
P03,L1,L1_14k,14k,R,250,3,28.775013697557107,21.50579343432284,37.42703191145835,10.776550096748899,0.05457523910429758,0.02717462411848615,0.09723532683362861,NA,NA,NA,NA
P03,L1,L1_14k,14k,R,250,4,44.46857833874337,32.65648564553157,59.03851459096889,8.6412252148685,0.06794631101240306,0.03337322079679387,0.1200501449276696,NA,NA,NA,NA
P03,L1,L1_14k,14k,R,250,5,33.44459588433556,25.43679390840046,43.33464997387071,9.983284276015095,0.041346815175172455,0.01980895231886218,0.07513428784142319,NA,NA,NA,NA
P03,L1,L1_14k,14k,R,250,6,38.79086322479167,29.299170734244203,50.5734744453042,9.259908085198328,0.03262533444779453,0.015497228495376296,0.06169424292163188,NA,NA,NA,NA
P03,L1,L1_14k,14k,R,250,7,36.09030847400642,27.501125567890497,46.31106240162113,9.604912900296176,0.0436966883265763,0.0213494932461905,0.0783463434396968,NA,NA,NA,NA
P03,L1,L1_14k,14k,R,250,8,52.81937372399035,40.06413730216481,68.46874811787839,7.92151386950852,0.041274518421394596,0.02035838865062316,0.07541197076575831,NA,NA,NA,NA
P03,L1,L1_14k,14k,R,250,9,45.57018206301598,33.12847028869211,61.27783876954525,8.534944734184695,0.044242485357330275,0.02092862527003434,0.08172475605991092,NA,NA,NA,NA
P03,L1,L1_14k,14k,R,250,10,35.11822551116248,26.266317076774254,46.138961517692934,9.738880224162873,0.03377078893039007,0.015919219259545304,0.06274532473671932,NA,NA,NA,NA
P03,L1,L1_14k,14k,R,300,1,23.05006985451356,18.481883372017172,28.523150121094098,12.068174160390516,0.011720420762039704,0.0032197626936249,0.030522601445289035,NA,NA,NA,NA
P03,L1,L1_14k,14k,R,300,2,26.394212405943453,20.512365270417853,34.50407778509055,11.26137191576884,0.014101006521563358,0.0037545830040292896,0.03833214683796919,NA,NA,NA,NA
P03,L1,L1_14k,14k,R,300,3,25.993284498762616,20.106142086545663,33.602388471165135,11.349638354711258,0.013494814190512884,0.0036830528352257974,0.037039081680538835,NA,NA,NA,NA
P03,L1,L1_14k,14k,R,300,4,40.30230612446326,29.991051882409018,52.777901405517184,9.082339923189226,0.017130565257556102,0.0046377940074259815,0.04658423381750692,NA,NA,NA,NA
P03,L1,L1_14k,14k,R,300,5,30.239847106064047,23.686496860111,38.99842702610239,10.507661679373982,0.010065344438078959,0.0026942971530556164,0.02796280615842591,NA,NA,NA,NA
P03,L1,L1_14k,14k,R,300,6,35.17306869176261,27.513183057714055,44.84653575157835,9.73117228509646,0.007978101442327325,0.0021225994237569425,0.022018288591615295,NA,NA,NA,NA
P03,L1,L1_14k,14k,R,300,7,32.639595265378915,25.469596851405218,41.52640560076273,10.10758817485003,0.010868906461113392,0.0028865528115323323,0.029312023663630383,NA,NA,NA,NA
P03,L1,L1_14k,14k,R,300,8,47.77903572059954,37.346618462040965,60.55950654833845,8.333145574497303,0.010122250043823713,0.0026800912737641298,0.027214589531469106,NA,NA,NA,NA
P03,L1,L1_14k,14k,R,300,9,41.24961585992475,31.30895190731519,53.925350518241984,8.976122086043095,0.010925536719534917,0.0029344658389156143,0.029780286494261635,NA,NA,NA,NA
P03,L1,L1_14k,14k,R,300,10,31.794161426861024,24.40121926294324,41.55968833350713,10.243269316991544,0.008243001367531646,0.0021398212730301767,0.023477140130659525,NA,NA,NA,NA
P03,L1,L1_14k,14k,R,350,1,27.464638392712367,21.831502327351654,34.370806478565214,11.035443811500336,0.037366880450461507,0.018299827541051895,0.06791793841214153,NA,NA,NA,NA
P03,L1,L1_14k,14k,R,350,2,31.479031733084923,24.27616177224057,40.67712437103359,10.295260036207214,0.044577146782149704,0.020642235623942858,0.08385446031808065,NA,NA,NA,NA
P03,L1,L1_14k,14k,R,350,3,30.990454973923594,23.66151017232333,39.88749368405909,10.377455605106775,0.042979436638231186,0.019679595765411617,0.08098561356776593,NA,NA,NA,NA
P03,L1,L1_14k,14k,R,350,4,47.86521810223666,36.24474402378744,62.332925639335734,8.325559470000696,0.05374158768202366,0.02574361199170416,0.09769254005041084,NA,NA,NA,NA
P03,L1,L1_14k,14k,R,350,5,35.97502604497245,27.99676601897562,46.62884694442201,9.620512044028192,0.03230807290034748,0.014758737741355528,0.06346442269752764,NA,NA,NA,NA
P03,L1,L1_14k,14k,R,350,6,41.79553486758509,32.36637697554956,53.40004033083048,8.916578180632339,0.025490151828578722,0.011570174769157747,0.0493243808362125,NA,NA,NA,NA
P03,L1,L1_14k,14k,R,350,7,38.90385826943366,29.79085304667177,49.81650944190932,9.246271405409244,0.03435904777490758,0.015810868889027354,0.06566370721539762,NA,NA,NA,NA
P03,L1,L1_14k,14k,R,350,8,56.797009629479305,44.4287239262849,72.78362808725602,7.636502177467532,0.032374170337891896,0.015092806898697098,0.062356878905066276,NA,NA,NA,NA
P03,L1,L1_14k,14k,R,350,9,49.151250583894836,36.85097384294865,64.27246056729071,8.214764365499011,0.03474216541752,0.015829481413295775,0.06683889138817746,NA,NA,NA,NA
P03,L1,L1_14k,14k,R,350,10,37.842702397429484,28.963756876556555,48.99307997307316,9.376764971612932,0.0263458275169786,0.011836468185802104,0.05223191456549161,NA,NA,NA,NA
P03,L2,L2_2k,2k,NR,50,1,6.556315281674592,5.465140991780824,7.860577111848951,23.364414975129552,0.05871431672622611,0.013228300902438423,0.15936904660809706,0.2978558573592476,0.20169191829861233,0.3965167992140663,0.6434298259145264
P03,L2,L2_2k,2k,NR,50,2,6.430520013832114,5.252766235635264,7.897464107342386,23.61513848726772,0.05801595122651042,0.012368161802780135,0.16681918811883253,0.25664145570907326,0.14657031111014318,0.38070381607133197,0.6853425930644164
P03,L2,L2_2k,2k,NR,50,3,6.056640524129705,4.852320951824264,7.597910698724966,24.411877507647628,0.04196022420622893,0.007568495697388883,0.14154217886335435,0.31391472434121725,0.19032756096240963,0.4454856610511524,0.6441250514525538
P03,L2,L2_2k,2k,NR,50,4,9.154928379729004,7.335175014258558,11.443167279740194,19.506507590144864,0.07654276089431958,0.016011244642379827,0.2151621977538365,0.23669974675908312,0.1302398323542327,0.3601322272469218,0.6867574923465973
P03,L2,L2_2k,2k,NR,50,5,7.274587116264748,5.976369618973745,8.825017635954186,22.073299089331027,0.050111316139057394,0.010166090828120459,0.15066235956397925,0.2011473736197737,0.10297062061986421,0.32109687329065534,0.7487413102411689
P03,L2,L2_2k,2k,NR,50,6,8.700488035516202,7.069876631150389,10.68579916504744,20.04367626520556,0.0379663853367944,0.0077378504416341165,0.11618240494348661,0.21175493314504001,0.11981740251003083,0.3196543239445831,0.7502786815181656
P03,L2,L2_2k,2k,NR,50,7,7.671121210847127,6.289495377560725,9.396298076690009,21.44726675327,0.04511263198290047,0.009301595614554252,0.1327291432245659,0.23893705833139406,0.13691483169638385,0.35879896732099986,0.7159503096857054
P03,L2,L2_2k,2k,NR,50,8,11.721710435074344,9.483422053632445,14.435788925453679,17.11938223014749,0.04952769415259218,0.010303204561543183,0.1507254828874317,0.2095374517600907,0.11513572197784781,0.32296543123284577,0.7409348540873171
P03,L2,L2_2k,2k,NR,50,9,9.839405966744767,7.795512828046407,12.394348465446452,18.77358293415665,0.044058535961700104,0.009553568432042654,0.12456289021191871,0.2450841324792178,0.14619298807690928,0.3635606567907713,0.7108573315590822
P03,L2,L2_2k,2k,NR,50,10,7.8359289118482645,6.212126417550348,9.901369369882774,21.202454760556662,0.04193543000748983,0.008280032164362345,0.13684648617098963,0.19461661548213785,0.10438546337466173,0.30478763687805766,0.7634479545103724
P03,L2,L2_2k,2k,NR,100,1,6.556315281674592,5.465140991780824,7.860577111848951,23.364414975129552,0.3158207707909544,0.19981547681864098,0.44193315731980054,0.10630292253469086,0.027665867429256134,0.2078145795465656,0.5778763066743547
P03,L2,L2_2k,2k,NR,100,2,6.430520013832114,5.252766235635264,7.897464107342386,23.61513848726772,0.309293878536809,0.1689053525021346,0.4662035054246369,0.0878788858681675,0.019303803720645007,0.20054567113456703,0.6028272355950235
P03,L2,L2_2k,2k,NR,100,3,6.056640524129705,4.852320951824264,7.597910698724966,24.411877507647628,0.2493187074973317,0.11962674654697814,0.4044718602104101,0.11289284666376224,0.027955264012178106,0.23875111318522224,0.637788445838906
P03,L2,L2_2k,2k,NR,100,4,9.154928379729004,7.335175014258558,11.443167279740194,19.506507590144864,0.3712776493235921,0.22313375909777286,0.5229946776507685,0.07936513037456919,0.019016372432433582,0.17918372212798148,0.5493572203018388
P03,L2,L2_2k,2k,NR,100,5,7.274587116264748,5.976369618973745,8.825017635954186,22.073299089331027,0.26955398949401765,0.14426436054689662,0.40999351549681384,0.06428395581729568,0.01568682326495109,0.15335368124678833,0.6661620546886867
P03,L2,L2_2k,2k,NR,100,6,8.700488035516202,7.069876631150389,10.68579916504744,20.04367626520556,0.21673556745491462,0.111671899898185,0.3516729891192813,0.06889152665811002,0.016620728680915298,0.1592677052316465,0.7143729058869753
P03,L2,L2_2k,2k,NR,100,7,7.671121210847127,6.289495377560725,9.396298076690009,21.44726675327,0.25398088517726236,0.12926540200692008,0.40425904948394126,0.07954245908356926,0.01793318502794458,0.18076667352413112,0.6664766557391684
P03,L2,L2_2k,2k,NR,100,8,11.721710435074344,9.483422053632445,14.435788925453679,17.11938223014749,0.269103225441274,0.140978736106535,0.41926856642703186,0.06795971595078906,0.015504419857039362,0.16407899250445643,0.6629370586079368
P03,L2,L2_2k,2k,NR,100,9,9.839405966744767,7.795512828046407,12.394348465446452,18.77358293415665,0.24751276333400793,0.1378344806776757,0.3855331729683893,0.0824120275879763,0.02117045477742365,0.17960031428203407,0.6700752090780158
P03,L2,L2_2k,2k,NR,100,10,7.8359289118482645,6.212126417550348,9.901369369882774,21.202454760556662,0.23352117226123176,0.12431312624073412,0.3747088578897413,0.06187968343818105,0.015547713965934457,0.13937550140057708,0.7045991443005872
P03,L2,L2_2k,2k,NR,150,1,6.556315281674592,5.465140991780824,7.860577111848951,23.364414975129552,0.21150415708410658,0.0985008689021212,0.357741392419694,0.18247336140398562,0.07293261467647477,0.2954133209587744,0.6060224815119077
P03,L2,L2_2k,2k,NR,150,2,6.430520013832114,5.252766235635264,7.897464107342386,23.61513848726772,0.20710485393683756,0.08920666011505492,0.3732494597893802,0.15414614333484583,0.05429152963564524,0.28207070905574133,0.6387490027283166
P03,L2,L2_2k,2k,NR,150,3,6.056640524129705,4.852320951824264,7.597910698724966,24.411877507647628,0.16015941169184217,0.05788069683044643,0.3210571163075552,0.1957727635104557,0.0700651148840737,0.3378791467667685,0.6440678247977021
P03,L2,L2_2k,2k,NR,150,4,9.154928379729004,7.335175014258558,11.443167279740194,19.506507590144864,0.2582622279404252,0.1248759537910409,0.41461259188651384,0.13858863175828365,0.054650443209968334,0.25366243326001786,0.6031491403012912
P03,L2,L2_2k,2k,NR,150,5,7.274587116264748,5.976369618973745,8.825017635954186,22.073299089331027,0.18034996864674718,0.07140547562756436,0.33006157417805193,0.11643221026035909,0.03757251185147068,0.23371328094694063,0.7032178210928937
P03,L2,L2_2k,2k,NR,150,6,8.700488035516202,7.069876631150389,10.68579916504744,20.04367626520556,0.14344629913885817,0.055485628689768515,0.27448632356397706,0.12367741366645006,0.04199693181620977,0.23332597301868227,0.7328762871946918
P03,L2,L2_2k,2k,NR,150,7,7.671121210847127,6.289495377560725,9.396298076690009,21.44726675327,0.16671245613820174,0.06826713935737767,0.31010442732134447,0.1415351075186002,0.052047105541522844,0.25927942464553894,0.691752436343198
P03,L2,L2_2k,2k,NR,150,8,11.721710435074344,9.483422053632445,14.435788925453679,17.11938223014749,0.1799453869587318,0.0762489364606804,0.32430454402766207,0.12196477172021815,0.04336523981876907,0.22623358995234688,0.6980898413210501
P03,L2,L2_2k,2k,NR,150,9,9.839405966744767,7.795512828046407,12.394348465446452,18.77358293415665,0.16302988074536162,0.06934550534685766,0.30126933815977675,0.14561074700045534,0.056110886182838854,0.26407004265025685,0.6913593722541831
P03,L2,L2_2k,2k,NR,150,10,7.8359289118482645,6.212126417550348,9.901369369882774,21.202454760556662,0.15647865851600634,0.06096880909082066,0.29898524762947926,0.11316804281426904,0.037330990152128006,0.22073047955717362,0.7303532986697245
P03,L2,L2_2k,2k,NR,200,1,6.556315281674592,5.465140991780824,7.860577111848951,23.364414975129552,0.1272801498734203,0.05068233902198099,0.24234197578288671,0.2441208079136351,0.142720471176096,0.3522163197683994,0.6285990422129446
P03,L2,L2_2k,2k,NR,200,2,6.430520013832114,5.252766235635264,7.897464107342386,23.61513848726772,0.12518654456545247,0.04541518577001111,0.2533443686700457,0.20703312514535838,0.10580200821911769,0.3348774644507577,0.6677803302891892
P03,L2,L2_2k,2k,NR,200,3,6.056640524129705,4.852320951824264,7.597910698724966,24.411877507647628,0.09235278536698358,0.03165727795975152,0.20600831569412634,0.2583176174664278,0.14175216642251365,0.38838948434241344,0.6493295971665887
P03,L2,L2_2k,2k,NR,200,4,9.154928379729004,7.335175014258558,11.443167279740194,19.506507590144864,0.16123276423311667,0.06195923900721586,0.3083134652451413,0.19192363146802083,0.09240283322188218,0.31592742091093234,0.6468436042988626
P03,L2,L2_2k,2k,NR,200,5,7.274587116264748,5.976369618973745,8.825017635954186,22.073299089331027,0.10850530790059276,0.04106843377700099,0.21473302371411193,0.16047144121756224,0.07812526607258852,0.26889473931680274,0.7310232508818449
P03,L2,L2_2k,2k,NR,200,6,8.700488035516202,7.069876631150389,10.68579916504744,20.04367626520556,0.08373581772127756,0.02793332525831012,0.18632329619815421,0.16917318137790419,0.08152830019227572,0.2814214065243086,0.7470910009008183
P03,L2,L2_2k,2k,NR,200,7,7.671121210847127,6.289495377560725,9.396298076690009,21.44726675327,0.09872905543256492,0.03346965792483563,0.21115302378882814,0.1937158784929483,0.09537417199730938,0.31749609002117984,0.7075550660744868
P03,L2,L2_2k,2k,NR,200,8,11.721710435074344,9.483422053632445,14.435788925453679,17.11938223014749,0.10856833846135513,0.03824618658454591,0.22131706626660574,0.16811489497505105,0.08203194398767417,0.2758496724525658,0.7233167665635938
P03,L2,L2_2k,2k,NR,200,9,9.839405966744767,7.795512828046407,12.394348465446452,18.77358293415665,0.09636501869704514,0.03391388791383809,0.2065335473652224,0.19921385515866064,0.10093293675327744,0.31903557789087056,0.7044211261442942
P03,L2,L2_2k,2k,NR,200,10,7.8359289118482645,6.212126417550348,9.901369369882774,21.202454760556662,0.09309740634015565,0.030475869521433066,0.20490298989263905,0.15469129388756758,0.0718378348251038,0.26974046389785383,0.7522112997722769
P03,L2,L2_2k,2k,NR,250,1,6.556315281674592,5.465140991780824,7.860577111848951,23.364414975129552,0.23053967877627318,0.12553810286775538,0.35957388114676897,0.1368758948442646,0.04909268161255543,0.23870562260305964,0.6325844263794622
P03,L2,L2_2k,2k,NR,250,2,6.430520013832114,5.252766235635264,7.897464107342386,23.61513848726772,0.22465551559637037,0.1136279670223204,0.36690396501115724,0.11268146307092261,0.03754174526255217,0.21474500622902787,0.6626630213327069
P03,L2,L2_2k,2k,NR,250,3,6.056640524129705,4.852320951824264,7.597910698724966,24.411877507647628,0.17548347606122144,0.07303041846447621,0.3261117939863316,0.14482491005577752,0.04949326843451484,0.2728910333216697,0.6796916138830011
P03,L2,L2_2k,2k,NR,250,4,9.154928379729004,7.335175014258558,11.443167279740194,19.506507590144864,0.2783070974792633,0.1501647031480561,0.4244675385588704,0.10276737513386636,0.034912332245896904,0.19839493093237648,0.6189255273868703
P03,L2,L2_2k,2k,NR,250,5,7.274587116264748,5.976369618973745,8.825017635954186,22.073299089331027,0.19449703620888414,0.08575335007797596,0.33305202188643074,0.08567797639417771,0.024666306470477774,0.18350233899542656,0.7198249873969381
P03,L2,L2_2k,2k,NR,250,6,8.700488035516202,7.069876631150389,10.68579916504744,20.04367626520556,0.15340260235810632,0.06856075569214397,0.27124400071517674,0.08974681961431008,0.02947648673549274,0.17853914402033857,0.7568505780275836
P03,L2,L2_2k,2k,NR,250,7,7.671121210847127,6.289495377560725,9.396298076690009,21.44726675327,0.18076698140931793,0.08036914385657543,0.3194572555639294,0.10531707030688339,0.03096262122454984,0.21250261966373488,0.7139159482837987
P03,L2,L2_2k,2k,NR,250,8,11.721710435074344,9.483422053632445,14.435788925453679,17.11938223014749,0.19278612054297653,0.09778200495560356,0.3194933294188021,0.08907558333083537,0.029516960627137087,0.17677464059490328,0.7181382961261881
P03,L2,L2_2k,2k,NR,250,9,9.839405966744767,7.795512828046407,12.394348465446452,18.77358293415665,0.17662759498314407,0.07943357979803163,0.30765135842278124,0.10831243241790314,0.033840350112935305,0.21565375953420612,0.7150599725989528
P03,L2,L2_2k,2k,NR,250,10,7.8359289118482645,6.212126417550348,9.901369369882774,21.202454760556662,0.1667887384221614,0.07968970936021029,0.29081247417260453,0.08192697081255368,0.025499825442042417,0.1692757801133021,0.751284290765285
P03,L2,L2_2k,2k,NR,300,1,6.556315281674592,5.465140991780824,7.860577111848951,23.364414975129552,0.15657659612764763,0.07049020895429434,0.2691286471663132,0.1591791593129786,0.07130188034175294,0.2553729168872941,0.6842442445593738
P03,L2,L2_2k,2k,NR,300,2,6.430520013832114,5.252766235635264,7.897464107342386,23.61513848726772,0.15309408743155856,0.06193389492044948,0.2876393345161869,0.13422906600615425,0.05085803171190001,0.24467447563805936,0.7126768465622872
P03,L2,L2_2k,2k,NR,300,3,6.056640524129705,4.852320951824264,7.597910698724966,24.411877507647628,0.11540814281392908,0.04303243519296161,0.24136718533885387,0.1696236870305645,0.0687373695553233,0.293264848382665,0.7149681701555064
P03,L2,L2_2k,2k,NR,300,4,9.154928379729004,7.335175014258558,11.443167279740194,19.506507590144864,0.19434354178886004,0.07937961867183997,0.3465091312082273,0.12252957426412571,0.04227753286469906,0.23530294887653072,0.6831268839470143
P03,L2,L2_2k,2k,NR,300,5,7.274587116264748,5.976369618973745,8.825017635954186,22.073299089331027,0.12910002613204113,0.05600749293864444,0.2336757342130301,0.10007682318834674,0.0391704721565899,0.18859233505598413,0.7708231506796122
P03,L2,L2_2k,2k,NR,300,6,8.700488035516202,7.069876631150389,10.68579916504744,20.04367626520556,0.10107451804291864,0.03603802316274324,0.20705034998828714,0.10687255631949964,0.0373908509810981,0.20516028602438177,0.7920529256375817
P03,L2,L2_2k,2k,NR,300,7,7.671121210847127,6.289495377560725,9.396298076690009,21.44726675327,0.12052776172984331,0.04400393141142746,0.24100331241203418,0.12309636877841337,0.04532559608900649,0.23133342522801703,0.7563758694917433
P03,L2,L2_2k,2k,NR,300,8,11.721710435074344,9.483422053632445,14.435788925453679,17.11938223014749,0.1295934242979453,0.052347230306372936,0.24054638279938007,0.10532968208642901,0.04149486689963047,0.1948973324889369,0.7650768936156257
P03,L2,L2_2k,2k,NR,300,9,9.839405966744767,7.795512828046407,12.394348465446452,18.77358293415665,0.11667741316781491,0.04478429978004631,0.23286912251327196,0.12770191296675298,0.047260178238264026,0.23371253416241428,0.7556206738654322
P03,L2,L2_2k,2k,NR,300,10,7.8359289118482645,6.212126417550348,9.901369369882774,21.202454760556662,0.11092817323987314,0.045921883458707104,0.21564554989913118,0.09657963357490812,0.03813662267244888,0.1799744769476844,0.7924921931852188
P03,L2,L2_2k,2k,NR,350,1,6.556315281674592,5.465140991780824,7.860577111848951,23.364414975129552,0.20549350805883343,0.10549243204999847,0.3316284056965843,0.1416525372491269,0.05265907492157541,0.23784685212336298,0.6528539546920398
P03,L2,L2_2k,2k,NR,350,2,6.430520013832114,5.252766235635264,7.897464107342386,23.61513848726772,0.19996134204744703,0.09215840267161163,0.3408191952843738,0.11766449685190705,0.039163044239386886,0.22535885014446125,0.682374161100646
P03,L2,L2_2k,2k,NR,350,3,6.056640524129705,4.852320951824264,7.597910698724966,24.411877507647628,0.15534488438736954,0.05826100996394722,0.30123991316868143,0.1515080848843981,0.04954463947621672,0.2778512631784396,0.6931470307282324
P03,L2,L2_2k,2k,NR,350,4,9.154928379729004,7.335175014258558,11.443167279740194,19.506507590144864,0.24899823358159218,0.12310122426845077,0.4033604332270983,0.10730437595540973,0.03445801416032872,0.21392372318110528,0.6436973904629981
P03,L2,L2_2k,2k,NR,350,5,7.274587116264748,5.976369618973745,8.825017635954186,22.073299089331027,0.17068868349308386,0.0766391049101418,0.3012333920071744,0.08845302045390785,0.02738459503568305,0.17697897025812534,0.7408582960530083
P03,L2,L2_2k,2k,NR,350,6,8.700488035516202,7.069876631150389,10.68579916504744,20.04367626520556,0.13433852714464156,0.06060098568464663,0.24185688766231517,0.09350506675591805,0.032644455671867606,0.17910198663348198,0.7721564060994404
P03,L2,L2_2k,2k,NR,350,7,7.671121210847127,6.289495377560725,9.396298076690009,21.44726675327,0.15907518819067784,0.06596493447216632,0.2969313033542306,0.10850535635802136,0.032707719072823285,0.2170883315316912,0.7324194554513008
P03,L2,L2_2k,2k,NR,350,8,11.721710435074344,9.483422053632445,14.435788925453679,17.11938223014749,0.17035461141974667,0.07379441317079032,0.3086969127363724,0.0934696510309544,0.028064826840895913,0.1876731345726226,0.736175737549299
P03,L2,L2_2k,2k,NR,350,9,9.839405966744767,7.795512828046407,12.394348465446452,18.77358293415665,0.15481078373261986,0.07054803708250564,0.27936513963331794,0.11209270493021325,0.038816358486664905,0.20602770719324714,0.7330965113371668
P03,L2,L2_2k,2k,NR,350,10,7.8359289118482645,6.212126417550348,9.901369369882774,21.202454760556662,0.1473984290690517,0.06337531226207696,0.2675894842734952,0.08507933947350943,0.028193170956625366,0.16941597129864552,0.7675222314574388
P03,L2,L2_2k,2k,R,50,1,27.356295905014143,23.244256226725184,32.04787705457662,11.057694282796087,0.09392154211906537,0.05286125194846703,0.15220843187300429,0.023843434329281515,0.006778916048770832,0.05700488427264105,0.8822350235516532
P03,L2,L2_2k,2k,R,50,2,26.881796463441077,22.416295217587393,32.20226833623381,11.156754023497015,0.08884566368761995,0.04459350063779821,0.15806292399941824,0.019524014743245454,0.005078602764488818,0.051292659136463165,0.8916303215691346
P03,L2,L2_2k,2k,R,50,3,25.27709001556589,20.77080763388707,30.94437554681288,11.512618130608763,0.06890767156015873,0.030386283816387912,0.13161218722403759,0.02589789515840777,0.007081049472462112,0.06491001607819633,0.9051944332814335
P03,L2,L2_2k,2k,R,50,4,38.21336333656306,30.945615225708583,46.809276275422626,9.330557863970897,0.11401703503670679,0.06190724035738752,0.19091152103950843,0.017727319947977285,0.004891411382102455,0.045311939747176025,0.8682556450153159
P03,L2,L2_2k,2k,R,50,5,30.32722776233303,25.315359164520714,36.13511166221708,10.4922513858547,0.07194618325077318,0.03365947054392491,0.13349997158684793,0.014248272499853849,0.003503862579462726,0.040504008374826816,0.913805544249373
P03,L2,L2_2k,2k,R,50,6,36.3432137651285,30.217179756760018,43.22801397728659,9.570955853899541,0.05494859969059839,0.025536725806575192,0.10528591727110316,0.015187924282122615,0.003969879203477071,0.04024333289537297,0.929863476027279
P03,L2,L2_2k,2k,R,50,7,32.04734134871384,26.49738023242377,38.46171700717319,10.20206520266885,0.06755931285815575,0.03182867993880965,0.12743482984055465,0.017792071559500668,0.004573450650744795,0.04816949115800785,0.9146486155823436
P03,L2,L2_2k,2k,R,50,8,48.94844860634484,40.72059057850385,58.29438668824126,8.231942767707737,0.07173902983093022,0.03575295543431536,0.12939562276483343,0.015006681621791928,0.003984225286080048,0.03981122272066836,0.9132542885472779
P03,L2,L2_2k,2k,R,50,9,41.07924024914132,33.23330794896519,50.735545689256526,8.994950796030116,0.06639158335762083,0.032303061603597846,0.12141331410721357,0.018403567908885247,0.005158579109286485,0.04651944115373825,0.915204848733494
P03,L2,L2_2k,2k,R,50,10,32.73542729633616,26.70664789211428,40.15325897228569,10.092546352661959,0.06035387942440765,0.028542837679429032,0.1126852251031105,0.01378665673676982,0.0035356133980123344,0.03724717804106595,0.9258594638388226
P03,L2,L2_2k,2k,R,100,1,27.356295905014143,23.244256226725184,32.04787705457662,11.057694282796087,0.07961310286842514,0.04032793786779224,0.13290002451364782,0.025535727654504296,0.0070442376895849534,0.05894014919422876,0.8948511694770706
P03,L2,L2_2k,2k,R,100,2,26.881796463441077,22.416295217587393,32.20226833623381,11.156754023497015,0.07499827027112382,0.034683494266819936,0.13740934425369253,0.020719488419958187,0.005112397803625374,0.05443637460670643,0.904282241308918
P03,L2,L2_2k,2k,R,100,3,25.27709001556589,20.77080763388707,30.94437554681288,11.512618130608763,0.057730765315965854,0.023734078751605818,0.11703066253204356,0.02741447446999773,0.007496096143080529,0.06755853706210725,0.9148547602140363
P03,L2,L2_2k,2k,R,100,4,38.21336333656306,30.945615225708583,46.809276275422626,9.330557863970897,0.0970370315190475,0.0474802707418445,0.16843298848707755,0.018592410003399073,0.0046483135672929325,0.049623279010920736,0.8843705584775534
P03,L2,L2_2k,2k,R,100,5,30.32722776233303,25.315359164520714,36.13511166221708,10.4922513858547,0.060191926269426606,0.027156877146422675,0.11320420671567423,0.015247866226295427,0.0037265710852783553,0.04034764296546464,0.9245602075042779
P03,L2,L2_2k,2k,R,100,6,36.3432137651285,30.217179756760018,43.22801397728659,9.570955853899541,0.04623593138223723,0.02015561114331337,0.08870166340761666,0.016249597158582863,0.004184482912925846,0.041186933066985704,0.9375144714591799
P03,L2,L2_2k,2k,R,100,7,32.04734134871384,26.49738023242377,38.46171700717319,10.20206520266885,0.056581739788323926,0.024731957956912083,0.11043106192693405,0.0188755027641168,0.004938460200132281,0.0493686579613021,0.9245427574475593
P03,L2,L2_2k,2k,R,100,8,48.94844860634484,40.72059057850385,58.29438668824126,8.231942767707737,0.06063096450423856,0.027589341023874513,0.11275259438868808,0.01602969762676148,0.004105855280727137,0.042117387574024785,0.923339337869
P03,L2,L2_2k,2k,R,100,9,41.07924024914132,33.23330794896519,50.735545689256526,8.994950796030116,0.05551572766860411,0.024420583917529624,0.1062262300133107,0.019548810302330855,0.005238633275188041,0.04993413624123045,0.924935462029065
P03,L2,L2_2k,2k,R,100,10,32.73542729633616,26.70664789211428,40.15325897228569,10.092546352661959,0.050594092877593734,0.022849354635109627,0.09922803811229926,0.014489389014078407,0.003691511863590165,0.03866046738291921,0.9349165181083279
P03,L2,L2_2k,2k,R,150,1,27.356295905014143,23.244256226725184,32.04787705457662,11.057694282796087,0.04706181941798636,0.021378964307701254,0.08783614124189942,0.016958212762147686,0.005084395550558309,0.04184865184094033,0.9359799678198659
P03,L2,L2_2k,2k,R,150,2,26.881796463441077,22.416295217587393,32.20226833623381,11.156754023497015,0.0444092879776049,0.018059032499046626,0.0901911027976022,0.013796952217104147,0.003687136605152275,0.0382282209550492,0.9417937598052909
P03,L2,L2_2k,2k,R,150,3,25.27709001556589,20.77080763388707,30.94437554681288,11.512618130608763,0.033962014193849185,0.01283694002197449,0.07435020109346799,0.01820707764250621,0.0050899007337572725,0.04821575884976769,0.9478309081636447
P03,L2,L2_2k,2k,R,150,4,38.21336333656306,30.945615225708583,46.809276275422626,9.330557863970897,0.05781863768263682,0.024943335119411377,0.11088962279642613,0.012586927699016755,0.0033972430709171483,0.03364147131889776,0.9295944346183465
P03,L2,L2_2k,2k,R,150,5,30.32722776233303,25.315359164520714,36.13511166221708,10.4922513858547,0.03518643183777886,0.014558810259246949,0.07446754996922902,0.010062208672261302,0.00269188682316509,0.02852184391589944,0.9547513594899599
P03,L2,L2_2k,2k,R,150,6,36.3432137651285,30.217179756760018,43.22801397728659,9.570955853899541,0.026943272769888844,0.010723940774885008,0.05704958629243829,0.010751553708042913,0.0030247551678265396,0.028926185732970105,0.9623051735220682
P03,L2,L2_2k,2k,R,150,7,32.04734134871384,26.49738023242377,38.46171700717319,10.20206520266885,0.0331583299622734,0.013336235889182585,0.06993587214750396,0.012531465585072826,0.0034334391701717317,0.03388676008951915,0.9543102044526538
P03,L2,L2_2k,2k,R,150,8,48.94844860634484,40.72059057850385,58.29438668824126,8.231942767707737,0.03548047016375135,0.01437278542316283,0.07443536875264549,0.010575949673039277,0.0028028565103602175,0.028928373897904276,0.9539435801632093
P03,L2,L2_2k,2k,R,150,9,41.07924024914132,33.23330794896519,50.735545689256526,8.994950796030116,0.03267046869283171,0.012908861918984655,0.06917890242034451,0.013083996575122745,0.0035494559003018534,0.035691934492404244,0.9542455347320455
P03,L2,L2_2k,2k,R,150,10,32.73542729633616,26.70664789211428,40.15325897228569,10.092546352661959,0.029538657058708,0.01167326129874621,0.06359943383752895,0.009651106431782495,0.0026702722793153,0.027403128741900925,0.9608102365095096
P03,L2,L2_2k,2k,R,200,1,27.356295905014143,23.244256226725184,32.04787705457662,11.057694282796087,0.05154537554791222,0.024749573833744213,0.092841538092482,0.019611758493693364,0.006025771894163523,0.04515054156067532,0.9288428659583945
P03,L2,L2_2k,2k,R,200,2,26.881796463441077,22.416295217587393,32.20226833623381,11.156754023497015,0.04817587748131645,0.021646636091261433,0.0948999464057719,0.015966979176810503,0.004427336358826797,0.04068321994731352,0.9358571433418731
P03,L2,L2_2k,2k,R,200,3,25.27709001556589,20.77080763388707,30.94437554681288,11.512618130608763,0.03703908534316347,0.014813865513721849,0.07773245610318319,0.021215546426356438,0.006210641352279627,0.05257713736379686,0.94174536823048
P03,L2,L2_2k,2k,R,200,4,38.21336333656306,30.945615225708583,46.809276275422626,9.330557863970897,0.06328914218989293,0.028857629078995053,0.11975478129653708,0.01432094399276987,0.004115980214214264,0.036268173132995546,0.9223899138173373
P03,L2,L2_2k,2k,R,200,5,30.32722776233303,25.315359164520714,36.13511166221708,10.4922513858547,0.03863808648796781,0.01612634886730641,0.08130741857478745,0.011631949452035106,0.00313418859561588,0.031914427178209984,0.949729964059997
P03,L2,L2_2k,2k,R,200,6,36.3432137651285,30.217179756760018,43.22801397728659,9.570955853899541,0.029593038484818063,0.012522499247486656,0.0606918418830487,0.012493529831734886,0.003493569978612187,0.032251469592519594,0.957913431683447
P03,L2,L2_2k,2k,R,200,7,32.04734134871384,26.49738023242377,38.46171700717319,10.20206520266885,0.036529072567062254,0.014628813199417737,0.07541023494915677,0.014610479141577603,0.004082299743546857,0.03815991831521864,0.9488604482913601
P03,L2,L2_2k,2k,R,200,8,48.94844860634484,40.72059057850385,58.29438668824126,8.231942767707737,0.03882657927743667,0.01712087703069224,0.07788183522543038,0.01223700150990167,0.003391999702393385,0.032212535490439426,0.9489364192126616
P03,L2,L2_2k,2k,R,200,9,41.07924024914132,33.23330794896519,50.735545689256526,8.994950796030116,0.03561952180804182,0.015054172994079091,0.07443146885381109,0.015112974469575043,0.004365719841869394,0.03850761788202338,0.9492675037223831
P03,L2,L2_2k,2k,R,200,10,32.73542729633616,26.70664789211428,40.15325897228569,10.092546352661959,0.032265001203645734,0.01330555368619179,0.06844721303580639,0.011258314657832332,0.002969440986264653,0.029795798838962807,0.9564766841385219
P03,L2,L2_2k,2k,R,250,1,27.356295905014143,23.244256226725184,32.04787705457662,11.057694282796087,0.0396120376496423,0.016124107881758307,0.07893295941811258,0.025206051802373106,0.008070661138398669,0.05574790544926043,0.9351819105479846
P03,L2,L2_2k,2k,R,250,2,26.881796463441077,22.416295217587393,32.20226833623381,11.156754023497015,0.036866738252332956,0.013879546414425225,0.08021433790615926,0.020349311159272424,0.006081422569853624,0.049605607359582755,0.9427839505883946
P03,L2,L2_2k,2k,R,250,3,25.27709001556589,20.77080763388707,30.94437554681288,11.512618130608763,0.02804819552477203,0.009958208981701858,0.06660854436047976,0.026801262401712322,0.008297818818072221,0.06319374601722196,0.9451505420735157
P03,L2,L2_2k,2k,R,250,4,38.21336333656306,30.945615225708583,46.809276275422626,9.330557863970897,0.048406505737395716,0.01857816130917249,0.10309032461761015,0.018330273936783475,0.005338115352484506,0.04568662371701008,0.9332632203258209
P03,L2,L2_2k,2k,R,250,5,30.32722776233303,25.315359164520714,36.13511166221708,10.4922513858547,0.029546623299015362,0.010563708295864529,0.06530027298346074,0.014995830773406715,0.004124567899931786,0.038458236679132674,0.9554575459275779
P03,L2,L2_2k,2k,R,250,6,36.3432137651285,30.217179756760018,43.22801397728659,9.570955853899541,0.02248858329084181,0.008080598992387365,0.05218076726531273,0.015972451753831735,0.004667242801250163,0.03930966733375178,0.9615389649553264
P03,L2,L2_2k,2k,R,250,7,32.04734134871384,26.49738023242377,38.46171700717319,10.20206520266885,0.027782184593742064,0.010015278366626697,0.06249951203787053,0.018644590027166157,0.005547911976201654,0.04560018845781652,0.9535732253790918
P03,L2,L2_2k,2k,R,250,8,48.94844860634484,40.72059057850385,58.29438668824126,8.231942767707737,0.029650358953298206,0.011429226905552129,0.06546130957276874,0.015661918612206803,0.004628887686979605,0.039661729897515645,0.954687722434495
P03,L2,L2_2k,2k,R,250,9,41.07924024914132,33.23330794896519,50.735545689256526,8.994950796030116,0.02730873618401204,0.009690135583217028,0.06389836119887857,0.019569579803260406,0.005400937111218073,0.0473633065100944,0.9531216840127275
P03,L2,L2_2k,2k,R,250,10,32.73542729633616,26.70664789211428,40.15325897228569,10.092546352661959,0.024755118981181577,0.009046023137621402,0.056715867787051046,0.014236166267732782,0.004209767083283661,0.036330842526722314,0.9610087147510856
P03,L2,L2_2k,2k,R,300,1,27.356295905014143,23.244256226725184,32.04787705457662,11.057694282796087,0.01850844518432805,0.006204262007030779,0.043782915938541965,0.010290699976395756,0.002987250673749297,0.026413293221259206,0.9712008548392762
P03,L2,L2_2k,2k,R,300,2,26.881796463441077,22.416295217587393,32.20226833623381,11.156754023497015,0.017199922756104637,0.005330818331586679,0.04445164824138671,0.008400692082666285,0.002270117623261805,0.023684960290601017,0.9743993851612291
P03,L2,L2_2k,2k,R,300,3,25.27709001556589,20.77080763388707,30.94437554681288,11.512618130608763,0.013094970859471705,0.0038034506687084618,0.03631126358478642,0.011154946478688206,0.003128263863281851,0.03027185851101229,0.97575008266184
P03,L2,L2_2k,2k,R,300,4,38.21336333656306,30.945615225708583,46.809276275422626,9.330557863970897,0.022847577464818275,0.007342703376415143,0.05655836497907789,0.007590653704804485,0.0020128824565286097,0.0219262232686386,0.9695617688303773
P03,L2,L2_2k,2k,R,300,5,30.32722776233303,25.315359164520714,36.13511166221708,10.4922513858547,0.013678801746606219,0.004216476081127113,0.03535960560652894,0.006135120526940704,0.0015975485025518396,0.018135390059369375,0.9801860777264532
P03,L2,L2_2k,2k,R,300,6,36.3432137651285,30.217179756760018,43.22801397728659,9.570955853899541,0.010326977083280559,0.0030265678524960776,0.027264008154587346,0.006561318410473112,0.0017413272011210228,0.018730592547507075,0.9831117045062463
P03,L2,L2_2k,2k,R,300,7,32.04734134871384,26.49738023242377,38.46171700717319,10.20206520266885,0.012945604964944067,0.0037762066193499613,0.03475903090425564,0.007665933515267764,0.0020081157775186237,0.022308032469512063,0.9793884615197882
P03,L2,L2_2k,2k,R,300,8,48.94844860634484,40.72059057850385,58.29438668824126,8.231942767707737,0.01384001979801765,0.004185872610924304,0.035820236331892366,0.006444936711022406,0.0017187533663098054,0.018910420943686772,0.97971504349096
P03,L2,L2_2k,2k,R,300,9,41.07924024914132,33.23330794896519,50.735545689256526,8.994950796030116,0.012570516004157763,0.003927326170523809,0.03332219174586312,0.007914023016757754,0.0021919899689845633,0.02240927068736294,0.9795154609790844
P03,L2,L2_2k,2k,R,300,10,32.73542729633616,26.70664789211428,40.15325897228569,10.092546352661959,0.011393501599402774,0.003415020467720788,0.030861637172800854,0.005832961352973356,0.0016058454221650415,0.01669145031850427,0.9827735370476238
P03,L2,L2_2k,2k,R,350,1,27.356295905014143,23.244256226725184,32.04787705457662,11.057694282796087,0.03059891980456244,0.011885457491549798,0.06398399668042491,0.021806217691096613,0.007443497335920071,0.04812624859055197,0.947594862504341
P03,L2,L2_2k,2k,R,350,2,26.881796463441077,22.416295217587393,32.20226833623381,11.156754023497015,0.02869986552362856,0.010243520498219834,0.06533158452252656,0.017810923018400565,0.005408745219049391,0.04340429111610128,0.9534892114579708
P03,L2,L2_2k,2k,R,350,3,25.27709001556589,20.77080763388707,30.94437554681288,11.512618130608763,0.02197683529404542,0.007089179610461392,0.0537188470516962,0.023448715414566917,0.0072536543951976905,0.0566304106483995,0.9545744492913877
P03,L2,L2_2k,2k,R,350,4,38.21336333656306,30.945615225708583,46.809276275422626,9.330557863970897,0.037849353404327366,0.014177842726170892,0.08157068558066156,0.016009674689114434,0.004897292136140627,0.040031280809909746,0.9461409719065582
P03,L2,L2_2k,2k,R,350,5,30.32722776233303,25.315359164520714,36.13511166221708,10.4922513858547,0.022809594335074304,0.008079021343143365,0.05341766427777659,0.012961237265383155,0.0039088215732177595,0.03358475364698089,0.9642291683995425
P03,L2,L2_2k,2k,R,350,6,36.3432137651285,30.217179756760018,43.22801397728659,9.570955853899541,0.01742781597428246,0.005901851090435267,0.04132522198158302,0.013864915385116193,0.004407268096902075,0.03436994457138184,0.9687072686406014
P03,L2,L2_2k,2k,R,350,7,32.04734134871384,26.49738023242377,38.46171700717319,10.20206520266885,0.021522951778968548,0.0073657119006384515,0.05054956067893122,0.016367323990856962,0.0047067256764695385,0.040010389191172065,0.9621097242301745
P03,L2,L2_2k,2k,R,350,8,48.94844860634484,40.72059057850385,58.29438668824126,8.231942767707737,0.02301383531584523,0.008214568128782634,0.05366202921496955,0.013648056274990512,0.004244801015485261,0.03409398032118685,0.9633381084091642
P03,L2,L2_2k,2k,R,350,9,41.07924024914132,33.23330794896519,50.735545689256526,8.994950796030116,0.021138852048236276,0.007234866771065185,0.04985609223182349,0.016763902669434616,0.005313765352792435,0.04154160756851464,0.9620972452823291
P03,L2,L2_2k,2k,R,350,10,32.73542729633616,26.70664789211428,40.15325897228569,10.092546352661959,0.019151034790633258,0.00661597626386598,0.04507421379073455,0.012434418688069715,0.0038359137414916123,0.03151190384436381,0.968414546521297
P03,L2,L2_14k,14k,NR,50,1,4.812472823354463,3.6599759268925247,6.359561050421838,27.81447812452931,0.0438993268809551,0.009732282112336219,0.131354340740443,0.28846762147410415,0.1946500021128642,0.3846611271222884,0.6676330516449407
P03,L2,L2_14k,14k,NR,50,2,5.310182347420287,3.91929325017301,7.242540368541732,26.285780564761904,0.045804144447455036,0.009433808399469026,0.14508036165713029,0.24773892183438265,0.14066167193574627,0.3721179491642343,0.7064569337181623
P03,L2,L2_14k,14k,NR,50,3,5.155729291465444,3.8308589254519747,6.943090487496279,26.73209526434972,0.029900865298756907,0.0056426106532992786,0.10864729810760655,0.30811542689252724,0.18724528002007215,0.4350416052294244,0.6619837078087158
P03,L2,L2_14k,14k,NR,50,4,7.961389037995451,5.900637704443722,10.81782841711028,21.021661990953238,0.06332820477609705,0.013916271996116182,0.19480659230728864,0.22478797993052854,0.12287788945594794,0.3426216794784104,0.7118838152933744
P03,L2,L2_14k,14k,NR,50,5,6.252219278584063,4.634997850479039,8.361718411223448,23.985024437212136,0.0379900674906461,0.007744113398132468,0.1210629086853864,0.20488225050107198,0.10955367229677769,0.31979439433944973,0.7571276820082818
P03,L2,L2_14k,14k,NR,50,6,7.131647153575404,5.268672150241668,9.561222409641637,22.312957051993198,0.027582110272866063,0.0055690494651007,0.09097330361363397,0.19469307641316613,0.10933620492309525,0.2954048787413363,0.7777248133139678
P03,L2,L2_14k,14k,NR,50,7,6.57656113923653,4.87285938114847,8.894830431973883,23.324816844696134,0.03465288737946057,0.007164808734179125,0.1107167427958805,0.2326727183706338,0.13351078185709445,0.348122226605375,0.7326743942499055
P03,L2,L2_14k,14k,NR,50,8,9.458188176288928,7.041335055119954,12.777049119969778,19.17130340022518,0.03478118539592813,0.007056550721775729,0.1155528869657052,0.2027086068593425,0.11224759669379737,0.3146947360620677,0.7625102077447294
P03,L2,L2_14k,14k,NR,50,9,8.728225725566169,6.4388385022493715,11.891503602514138,20.00960080581296,0.03548771431541084,0.0076062748400810235,0.10891648442564808,0.24160410189413115,0.14413566349684573,0.3556611056035649,0.722908183790458
P03,L2,L2_14k,14k,NR,50,10,6.216216146115942,4.637993855742073,8.493902130427168,24.061886836420822,0.027913230122568605,0.005567947329416376,0.09828984246966982,0.18749794931074226,0.10103525018333616,0.29495790493937524,0.7845888205666891
P03,L2,L2_14k,14k,NR,100,1,3.7768689641670825,2.806346897204354,5.1813300259328825,32.14738821426576,0.2467356164142446,0.1179742548079793,0.38295647779145287,0.11003829914105503,0.026481249800851515,0.22255431632375472,0.6432260844447004
P03,L2,L2_14k,14k,NR,100,2,4.171623856346138,2.9471100797033736,5.88087310374864,30.261590149337987,0.24867874189578532,0.09901255908596296,0.4206091630740193,0.09102032301172572,0.017840671263348998,0.22324340426184236,0.660300935092489
P03,L2,L2_14k,14k,NR,100,3,4.03305803731533,2.932077101380162,5.6481700647169815,30.884304659259538,0.18266735389201483,0.07633506177265989,0.33046816128893447,0.1192527482963564,0.02715396032617254,0.25414255873142455,0.6980798978116288
P03,L2,L2_14k,14k,NR,100,4,6.243413699370985,4.440554670321326,8.838663198184234,24.003753882367565,0.3155668685727602,0.14399613035244752,0.48712185965740873,0.08053684731447361,0.016358432682472567,0.19626544486427966,0.6038962841127662
P03,L2,L2_14k,14k,NR,100,5,4.8985248573580495,3.5399043469479796,6.8402670560572565,27.530415907405608,0.20958857212939286,0.08708771458082533,0.3646877307575536,0.07168841230934733,0.014697089426018474,0.17521194092631104,0.7187230155612598
P03,L2,L2_14k,14k,NR,100,6,5.5721755718614165,4.02182106058208,7.807227281705576,25.57860582191096,0.15972275473277003,0.06541746961813324,0.2919370137264931,0.06774024674131279,0.01433939880615813,0.16141164939783037,0.7725369985259172
P03,L2,L2_14k,14k,NR,100,7,5.149971986743415,3.724657994024705,7.16119116354935,26.749188212133838,0.19601979169578115,0.08071931401044015,0.34704276041058496,0.08410154840577651,0.01722525537591762,0.19574970844659223,0.7198786598984424
P03,L2,L2_14k,14k,NR,100,8,7.39951246719788,5.352540838635088,10.334957946281191,21.870123399797386,0.19571445071464538,0.07644171477780803,0.3478199876909993,0.07156326459770039,0.014500698701515578,0.17849400701490312,0.7327222846876542
P03,L2,L2_14k,14k,NR,100,9,6.848887429359616,4.8924131281623255,9.640317519954344,22.811319132030203,0.20174461180602452,0.08745287417485602,0.34574783164007916,0.0880355032644333,0.020975561832236995,0.1959042165871983,0.7102198849295421
P03,L2,L2_14k,14k,NR,100,10,4.877161715635867,3.4759218096711226,6.866752479702863,27.60009694960801,0.16031082617257658,0.06790132964868806,0.2917983583222913,0.06514813083877574,0.014973791298784926,0.15097355581394933,0.7745410429886477
P03,L2,L2_14k,14k,NR,150,1,5.15752544883023,3.7237505312242147,7.403018313874659,26.726769538085108,0.17399464851491686,0.057310957077041993,0.3430782572647877,0.20136331010413258,0.08493606574012337,0.3166912833596826,0.6246420413809506
P03,L2,L2_14k,14k,NR,150,2,5.695493996869675,4.030062996730554,8.268743034414276,25.26542191500783,0.17867550763364543,0.05660550291944244,0.3610057823611641,0.16905070173334724,0.06209693935980643,0.2985277060380012,0.6522737906330074
P03,L2,L2_14k,14k,NR,150,3,5.52343637612613,3.8783194585722853,8.123312952149512,25.705725606001337,0.12585534909928664,0.03446420261719712,0.29745956495782544,0.21601138229293282,0.08197202439532376,0.3625161726079539,0.6581332686077805
P03,L2,L2_14k,14k,NR,150,4,8.55261424232124,5.962558060344831,12.522875166564003,20.228343767880244,0.23430206172693763,0.08577460618286743,0.41619351655528436,0.14987790330928463,0.057817410535811235,0.2687492006505791,0.6158200349637777
P03,L2,L2_14k,14k,NR,150,5,6.711787809101893,4.775564979007451,9.652683764578816,23.065479228748167,0.1507434382327406,0.04460375511162066,0.3221384288105101,0.13731308076019993,0.04497817297293077,0.26253786967417464,0.7119434810070595
P03,L2,L2_14k,14k,NR,150,6,7.6230771991312505,5.427953242219867,11.109211738894862,21.520261429878854,0.11401460284252617,0.03360129301757827,0.2551791995398164,0.12918428050651898,0.046397849463906134,0.24152119238812758,0.7568011166509548
P03,L2,L2_14k,14k,NR,150,7,7.060634398115896,5.032226705796666,10.195401953188348,22.434997620428184,0.13935938578120738,0.043209858264416125,0.29324867996127807,0.15580009231059605,0.059806447610257704,0.28070796941688914,0.7048405219081966
P03,L2,L2_14k,14k,NR,150,8,10.126600542648362,7.184473143639592,14.710521276035188,18.48985598853902,0.1396208410622774,0.04369247153048303,0.2992277833181614,0.13571885697848424,0.050707336897997966,0.2448298313590911,0.7246603019592384
P03,L2,L2_14k,14k,NR,150,9,9.382676236435117,6.533954957125529,13.78682331813332,19.25314259687238,0.14289116911308092,0.04614574601418787,0.2993489013968892,0.16358271073260133,0.06637323891912487,0.28529944985979844,0.6935261201543177
P03,L2,L2_14k,14k,NR,150,10,6.670205173246133,4.63454305066981,10.013984401714092,23.144288518106947,0.11522499637549191,0.03144933239232651,0.2672662538016878,0.12478758455848432,0.04313749516803444,0.23596404802422555,0.7599874190660239
P03,L2,L2_14k,14k,NR,200,1,6.492352543861263,4.744425607491115,8.868398002822836,23.490878481079363,0.13653388818459006,0.05405928652987916,0.2584318818591185,0.2434750851660137,0.1424997028839469,0.3480447832762089,0.6199910266493962
P03,L2,L2_14k,14k,NR,200,2,7.15811819861095,5.151759037929554,9.95625327830935,22.267978168526877,0.1399819419588288,0.05105922927944395,0.2803908392961386,0.2069967906690517,0.10645442401888894,0.32917789685418813,0.6530212673721194
P03,L2,L2_14k,14k,NR,200,3,6.9235780107819185,5.000590263570576,9.51212905854426,22.676394052274553,0.09711752366010341,0.033545826992496856,0.21498040711929625,0.26096142126593924,0.14331941072973148,0.3887621022871159,0.6419210550739574
P03,L2,L2_14k,14k,NR,200,4,10.743112863232462,7.6334732214978285,14.955516460667432,17.921981296095968,0.18691992949541786,0.07317411511038353,0.349898847702992,0.18720196355307434,0.08832052437245028,0.30946252584697315,0.6258781069515078
P03,L2,L2_14k,14k,NR,200,5,8.399743799215743,6.071996370547313,11.647132934450223,20.424761597260645,0.11868527262437117,0.04589726268591057,0.23453379660988108,0.1685931065329429,0.08193972281159831,0.282214357443333,0.7127216208426859
P03,L2,L2_14k,14k,NR,200,6,9.567855216352783,6.927777621630675,13.230114415473865,19.054293845691106,0.08837634074503498,0.029225252138500555,0.19758763604967353,0.16019288726968048,0.07807088254429853,0.2690928046237656,0.7514307719852845
P03,L2,L2_14k,14k,NR,200,7,8.853933294059335,6.343037760952119,12.417621186221266,19.857334417039784,0.10958251471550137,0.03664554490176708,0.23497649724637612,0.19316505783834143,0.0952328031023441,0.31900954405310894,0.6972524274461571
P03,L2,L2_14k,14k,NR,200,8,12.741674973799116,9.135337920951988,17.711856085533583,16.38819189426496,0.11057924891500284,0.03805902979576451,0.22590863607986686,0.16849931612858549,0.08337013596043803,0.27786159093821283,0.7209214349564117
P03,L2,L2_14k,14k,NR,200,9,11.80757390267223,8.340952339322694,16.691999207465617,17.05401296265122,0.11215076891777635,0.04160522590655316,0.23521319489275447,0.2027259211011327,0.10248751077230334,0.3228314114085965,0.6851233099810909
P03,L2,L2_14k,14k,NR,200,10,8.3926760566036,5.973816272496845,11.876667457340623,20.433982683340002,0.09076490045756913,0.029317693361902375,0.20318616151766444,0.15427892721056194,0.07144572142122774,0.2630076764490293,0.754956172331869
P03,L2,L2_14k,14k,NR,250,1,11.402784752586857,7.932157956791125,16.195948486007037,17.368957410492097,0.3122138359827986,0.20183029907153016,0.43131173966822756,0.11495384970365752,0.04193928220119313,0.20432465114697523,0.5728323143135439
P03,L2,L2_14k,14k,NR,250,2,12.547850644251834,8.657861076890393,18.300959629318594,16.519918203217234,0.31509228508028275,0.18935263925024298,0.4589105057180436,0.09455168940879932,0.03299383859175002,0.18814942334087076,0.5903560255109179
P03,L2,L2_14k,14k,NR,250,3,12.204753213202022,8.283758455947575,17.9427426100285,16.76111368881827,0.24044251162645547,0.11569292284045829,0.3910124261117841,0.12418118765926682,0.04245163718798129,0.2396186298449226,0.6353763007142778
P03,L2,L2_14k,14k,NR,250,4,18.848988453054005,12.609767896022916,27.726712843076022,13.380070070614382,0.39058953057186896,0.25650896855719824,0.5305838771929062,0.08456795979156269,0.02887392238381738,0.16918125304897505,0.5248425096365683
P03,L2,L2_14k,14k,NR,250,5,14.768553622124514,10.030060735344028,21.553134587547802,15.17649052273304,0.2727205449457213,0.1444773114199336,0.41511197114582227,0.07555514327987711,0.022834114237718518,0.16525482053522683,0.6517243117744016
P03,L2,L2_14k,14k,NR,250,6,16.88930430198924,11.691764959422954,24.128167243638302,14.158636227578873,0.21134391333227515,0.1164383605537261,0.3314389469418184,0.07121048668335102,0.02425920342280451,0.14405485540024576,0.7174455999843738
P03,L2,L2_14k,14k,NR,250,7,15.55097822489556,10.748820137103806,22.328745178827745,14.7758982168758,0.2563476458511286,0.13924922582136579,0.3963577442816029,0.08850170587462097,0.027888137005485005,0.17949458746591182,0.6551506482742504
P03,L2,L2_14k,14k,NR,250,8,22.288665623586496,15.492843381944091,32.26075913432913,12.277415830736203,0.25398511544154956,0.14327716935897677,0.38510734168832567,0.07525730924712012,0.0257366828684166,0.14947618520657485,0.6707575753113303
P03,L2,L2_14k,14k,NR,250,9,20.673199484477717,13.97155338126604,30.422267672911104,12.76003736208991,0.2620788054961264,0.14385961129289515,0.40625238168920047,0.09294265286400571,0.03044840415774096,0.18674264804328192,0.6449785416398679
P03,L2,L2_14k,14k,NR,250,10,14.723295331764685,10.196798715399117,21.14670802317513,15.20067246127001,0.21408769899224206,0.11504899954816011,0.34446352608531217,0.06875832820433775,0.021873810322738926,0.1446358766679214,0.7171539728034202
P03,L2,L2_14k,14k,NR,300,1,7.413632244441384,5.52307349346498,9.92520933540045,21.84751460671023,0.18385355368196105,0.09547932571253866,0.2938093104548016,0.1563285054821303,0.0718630057007838,0.24945946339212044,0.6598179408359086
P03,L2,L2_14k,14k,NR,300,2,8.190374268210908,5.880244108859132,11.30686261913487,20.703376365567735,0.1857473001626745,0.08642447225347076,0.3294431692062084,0.13079862277649384,0.051657687123833194,0.2403400407163982,0.6834540770608316
P03,L2,L2_14k,14k,NR,300,3,7.933041417682537,5.720300037005639,11.019896789999654,21.062103660277163,0.13376107136010904,0.056040723125462634,0.2599848801508622,0.16964554023834727,0.07339474374052672,0.28725756829665494,0.6965933884015437
P03,L2,L2_14k,14k,NR,300,4,12.276958403933968,8.65431830613816,17.198459998056943,16.709474050012208,0.24535888280265628,0.11615076897089299,0.39362789884483,0.11633265536857328,0.044374502482133454,0.22091574105913356,0.6383084618287704
P03,L2,L2_14k,14k,NR,300,5,9.61675486100269,7.023364603755886,13.144803533764906,19.002809914046782,0.15607667672679526,0.0746821669713995,0.26966322505481893,0.1041712034548274,0.043258838428797006,0.19206483063696717,0.7397521198183773
P03,L2,L2_14k,14k,NR,300,6,10.962476019279894,7.9656836572956244,15.04953109333781,17.732240841402362,0.11845931768202952,0.049582093756684494,0.22468118534305687,0.09892276400708272,0.038796448043363754,0.18852144504060456,0.7826179183108878
P03,L2,L2_14k,14k,NR,300,7,10.12886091348642,7.455258047606432,13.813570440911093,18.487673892378417,0.14625598822788416,0.06278943857361739,0.26892027631536175,0.12103889862259387,0.04620608507035402,0.2237471396037842,0.7327051131495219
P03,L2,L2_14k,14k,NR,300,8,14.546837994362274,10.66721494971716,19.882502657482796,15.296073368182896,0.14554504630685577,0.06602835339682069,0.2569912673450783,0.10348454889090727,0.0443376892956132,0.18952113263916787,0.750970404802237
P03,L2,L2_14k,14k,NR,300,9,13.470049900997283,9.701967941342232,18.86290095200096,15.920001715168661,0.14954883933491714,0.06403538614974347,0.27961548955030086,0.12762887354809122,0.048264248793771156,0.23302978880184533,0.7228222871169916
P03,L2,L2_14k,14k,NR,300,10,9.597302318493961,6.974868589832545,13.182916416443954,19.02324021071034,0.11910528059427414,0.051811285103467136,0.22369887997843918,0.09511117623215373,0.03717957107191481,0.17639380292892368,0.7857835431735721
P03,L2,L2_14k,14k,NR,350,1,5.567178931722246,3.940162374152877,7.779495033903697,25.591548839543197,0.19109265018004964,0.08687376142622832,0.3215763198406984,0.14522304047491738,0.05940812937438169,0.24305586261140005,0.663684309345033
P03,L2,L2_14k,14k,NR,350,2,6.135309640264682,4.306631571691089,8.70646758039921,24.237400899416148,0.19425728963538758,0.08095035799216022,0.34613723870449187,0.12042207663899612,0.04364152656968039,0.2288681129179457,0.6853206337256164
P03,L2,L2_14k,14k,NR,350,3,5.97243815508428,4.121391658202629,8.590847191501462,24.602960058024024,0.1403595745284923,0.05043260311799845,0.2878404928963561,0.15812307822111035,0.055510517082692556,0.28609867066042977,0.7015173472503973
P03,L2,L2_14k,14k,NR,350,4,9.196386822233652,6.360085963489071,13.299689724365845,19.45963660257788,0.25329663283862514,0.11218399463036376,0.4167516531049938,0.10771539483624351,0.036456608654420936,0.21009379748418766,0.6389879723251314
P03,L2,L2_14k,14k,NR,350,5,7.195813294419036,5.0601556339052385,10.31057642965424,22.204400550675274,0.16255601135962972,0.06546161779685332,0.29623623004917715,0.0971639525195915,0.034909631857924575,0.1880175909367811,0.7402800361207788
P03,L2,L2_14k,14k,NR,350,6,8.236573294461582,5.734756531016344,11.7414619679773,20.64091000389198,0.12201496491127015,0.049005058537572165,0.2342600231657234,0.09116792340250737,0.03298222089707513,0.17388000506105833,0.7868171116862225
P03,L2,L2_14k,14k,NR,350,7,7.603804128075414,5.336128745954556,10.731647997525787,21.549755953559753,0.15197025463581584,0.05557644282943808,0.29338398909371544,0.11312316992538934,0.036545098389014735,0.22230686136713737,0.7349065754387948
P03,L2,L2_14k,14k,NR,350,8,10.943595234044686,7.479054298086618,15.739308256617132,17.74833456869,0.15101899288315185,0.057521294923770665,0.29398787098974927,0.09650950055612045,0.030902441844012706,0.1920010872646559,0.7524715065607277
P03,L2,L2_14k,14k,NR,350,9,10.123595741054402,6.918558726325878,14.56809827025779,18.49275793840926,0.1561516306774292,0.06461562051872506,0.2915499319223486,0.11805417598761023,0.04252236116094067,0.21742730747986927,0.7257941933349605
P03,L2,L2_14k,14k,NR,350,10,7.188777863350419,4.9948318751144525,10.350249599879184,22.216224851326977,0.12418679234541957,0.04770314626551172,0.2444505535555253,0.0879592822799187,0.030406486689531474,0.17312429524870432,0.7878539253746617
P03,L2,L2_14k,14k,R,50,1,17.184095058310415,13.466684882537864,22.19837061141858,14.032785127413323,0.06983397628993687,0.033927349980305554,0.12286938357307493,0.0214471810026355,0.006033723473491677,0.05309399208787259,0.9087188427074275
P03,L2,L2_14k,14k,R,50,2,19.015669745139924,14.347971362239177,24.938334854680527,13.319628806187055,0.06945335824008121,0.030381199702832686,0.13318990424551153,0.017448799546250608,0.004589119779483739,0.04821951324631974,0.9130978422136682
P03,L2,L2_14k,14k,R,50,3,18.413150899205498,14.10102679018398,24.036064621049654,13.542088915751963,0.04952306636352139,0.020509182316035733,0.10511552631576514,0.023444215988957587,0.006256578369970925,0.06170566103076063,0.9270327176475209
P03,L2,L2_14k,14k,R,50,4,28.56179026999039,21.168732244669986,37.67661447743981,10.817437285569467,0.0941295207152067,0.04557801236336607,0.16560028518622136,0.015377546123673997,0.0039586959507360115,0.04287793730642764,0.8904929331611193
P03,L2,L2_14k,14k,R,50,5,22.25578856584267,17.03863432565107,29.186030960345285,12.28669779693143,0.055163468106685445,0.022129691497304933,0.11150747885674667,0.013641959404100375,0.003241364914187966,0.040573855076524425,0.9311945724892141
P03,L2,L2_14k,14k,R,50,6,25.435831592223792,19.319972542672115,33.50518134440197,11.475888717958139,0.039540434877791866,0.01653476167446118,0.08156783290628553,0.012796391756573374,0.0033507550238017735,0.03504945159853353,0.9476631733656348
P03,L2,L2_14k,14k,R,50,7,23.50700343035797,18.22747206767164,30.464220778026373,11.947629621367332,0.051423640426988895,0.02246112460817335,0.10198776791941529,0.016120513193726937,0.004088597316955839,0.044268606498109625,0.9324558463792841
P03,L2,L2_14k,14k,R,50,8,33.74072281786191,25.716898579976725,44.886530411832304,9.938698784336962,0.04999984060535197,0.021538011532467215,0.09885007155662204,0.013572129270000757,0.0035622738782447793,0.03735723093101931,0.9364280301246473
P03,L2,L2_14k,14k,R,50,9,31.26781097594933,23.923818473432927,41.16842494645305,10.330554220503005,0.05337576335324046,0.024526161849100562,0.10518688470394595,0.016972315863031582,0.004454180870771603,0.045347445122019554,0.9296519207837279
P03,L2,L2_14k,14k,R,50,10,22.231984272251506,16.72740586800227,29.67569639899297,12.293431472104833,0.03981654342305872,0.01671559613735756,0.08168386974782177,0.0122581239861832,0.003192758994383971,0.034222290915442904,0.9479253325907581
P03,L2,L2_14k,14k,R,100,1,19.605409048173247,15.202712221137899,24.88948035022932,13.112181937208987,0.06629624508562026,0.029893720961980532,0.11835507068769856,0.02620947704124188,0.0076762945381378,0.06153758713853236,0.9074942778731379
P03,L2,L2_14k,14k,R,100,2,21.601172011473366,16.533241031075935,28.301134951188757,12.476011358100374,0.0660107448595218,0.02734411096175064,0.1312638125499659,0.02143640399832833,0.005519309806840533,0.056568925475808864,0.9125528511421499
P03,L2,L2_14k,14k,R,100,3,20.937976699337547,15.956857690523954,27.570641297699286,12.677023786585162,0.04649993878021774,0.017671947024783728,0.0999861140432051,0.028721798667841636,0.008108235437866967,0.07072880621392215,0.9247782625519406
P03,L2,L2_14k,14k,R,100,4,32.487412612942336,23.703465204605063,43.2192248254408,10.131613665545789,0.08958798391053895,0.0393137970438281,0.1665081060171132,0.01876452596421852,0.004898366455998343,0.05002698343659428,0.8916474901252426
P03,L2,L2_14k,14k,R,100,5,25.455332173092316,19.493365120447827,32.87375100139587,11.47140091536018,0.05157055355401015,0.02095105699411129,0.1035906367995924,0.01687019339775329,0.0043796935776718735,0.04445085451242593,0.9315592530482365
P03,L2,L2_14k,14k,R,100,6,28.955461264519215,22.288564072197456,37.51304433422596,10.742307897222313,0.03723837454073446,0.015466558752792941,0.07706351636264626,0.0156680601898864,0.004305585117020553,0.040410484064714945,0.9470935652693792
P03,L2,L2_14k,14k,R,100,7,26.688966105661144,20.50197454679027,34.806405518226796,11.197778691003203,0.04908257452347691,0.019528361259933534,0.09879195906830447,0.01965637272992989,0.005320847930156732,0.050643764515365265,0.9312610527465932
P03,L2,L2_14k,14k,R,100,8,38.472503451467205,29.174646440213078,50.00777024734179,9.298655940473989,0.04741821649645891,0.01924447976170871,0.09652573618770027,0.016692224797040828,0.004372358377742629,0.04377710602089766,0.9358895587065003
P03,L2,L2_14k,14k,R,100,9,35.557514815212556,26.7356278216022,47.051968931905115,9.677649368799543,0.05064589159229581,0.021142922823462813,0.10004423714795217,0.020606499460980407,0.00559244761490968,0.05290485053202608,0.9287476089467238
P03,L2,L2_14k,14k,R,100,10,25.34350003017721,19.15691490958873,33.588121393413154,11.497209391210896,0.03793607334970012,0.014955926416364432,0.0779657142315459,0.015140529208918977,0.003916311741934779,0.04038446524602704,0.9469233974413809
P03,L2,L2_14k,14k,R,150,1,19.68485581989323,15.656570906088715,24.58698954003212,13.08497080346349,0.038787634840234966,0.016099291024365806,0.07667066617463461,0.017122627163221313,0.005078621116474372,0.0413086558132557,0.9440897379965437
P03,L2,L2_14k,14k,R,150,2,21.67097351307485,16.88049531584512,27.838931557073685,12.455406840571072,0.038459350179803495,0.014485817783679387,0.08316612840686247,0.013945396956656902,0.0037004402302614416,0.03846715907402068,0.9475952528635396
P03,L2,L2_14k,14k,R,150,3,21.03827485368867,16.360971473932437,27.045604141391497,12.645998865377704,0.027256737168150053,0.009501203356171361,0.0630722917212821,0.018745276298486664,0.005167552923300852,0.0485632008048182,0.9539979865333633
P03,L2,L2_14k,14k,R,150,4,32.52747873843621,24.97845430601175,41.893638928214315,10.125271701036603,0.05285983394534355,0.020983200272932115,0.1053876108276222,0.012178332175703877,0.0033493573443106493,0.03383301901198336,0.9349618338789526
P03,L2,L2_14k,14k,R,150,5,25.496108063569494,19.82421505663463,32.560409093370176,11.462033877673512,0.03008132505433312,0.011157998382887448,0.06554557882221143,0.010891893919654911,0.0028882264007299117,0.030380342319162583,0.9590267810260119
P03,L2,L2_14k,14k,R,150,6,29.10934760349852,22.75144854374079,37.08164902023146,10.713362570055954,0.02162882496454107,0.007956396186649183,0.04865922282860576,0.010148317844883778,0.0028222435426653453,0.02776947179110943,0.9682228571905751
P03,L2,L2_14k,14k,R,150,7,26.826091437119626,20.95644055042974,34.26623219549542,11.168558910706802,0.02827552139177828,0.010449594978814692,0.06303701257433642,0.012750162313382605,0.0034850272479433966,0.03499280388369365,0.9589743162948392
P03,L2,L2_14k,14k,R,150,8,38.641550293319156,29.841281326116714,49.72385875996942,9.278020655349998,0.027575020342111636,0.010228697997354309,0.06063978944922805,0.010809352468541537,0.002841887742748605,0.0297325281506771,0.9616156271893468
P03,L2,L2_14k,14k,R,150,9,35.749616996488754,27.283683320786537,46.73404781283404,9.651233615409362,0.029321172585826602,0.010739731345946435,0.06631884373020099,0.013610911606872554,0.003593450114418166,0.036335552443849915,0.9570679158073009
P03,L2,L2_14k,14k,R,150,10,25.445230914751537,19.53509248297862,32.996517963544235,11.473724929568307,0.02175135586609642,0.007610213786137482,0.050923756474358206,0.009809844639278614,0.0025843638162247862,0.027672340547964008,0.968438799494625
P03,L2,L2_14k,14k,R,200,1,28.100985589281418,22.627359784531286,34.88286546940802,10.90741448274037,0.0537023181583693,0.026656570221967584,0.09686929081022724,0.0190833194631073,0.005859684941589669,0.045078218429195134,0.9272143623785234
P03,L2,L2_14k,14k,R,200,2,31.037180926722844,24.285911603053425,39.65030785670401,10.36950939530571,0.05337744380287955,0.02371469414163309,0.10377377614608468,0.015527904644772371,0.004451227167676602,0.04056630606120682,0.931094651552348
P03,L2,L2_14k,14k,R,200,3,30.105311230876822,23.40145151636195,38.371939831414565,10.531521548047438,0.03777800643459864,0.015396860502890478,0.07778039338819978,0.020818725137225685,0.006116273765566857,0.053095949478928615,0.9414032684281757
P03,L2,L2_14k,14k,R,200,4,46.63758051865592,35.61662388976563,59.82229893085993,8.435618115205068,0.07322493467673974,0.03442201383057127,0.13276796015212938,0.01368168817208836,0.0036939961799810016,0.03651375389445312,0.9130933771511719
P03,L2,L2_14k,14k,R,200,5,36.453863414318846,28.546726746043397,46.826319440219194,9.556212023485886,0.04182521152287273,0.018289308093691812,0.08266165568667622,0.012150415585144613,0.00337452794444004,0.033020651230251594,0.9460243728919826
P03,L2,L2_14k,14k,R,200,6,41.62606381268323,32.35920802739389,53.182983824845856,8.93493554338469,0.030101081196803957,0.013092546905398413,0.061186667248934845,0.011493667686838127,0.003274504943563608,0.03061491009705928,0.9584052511163579
P03,L2,L2_14k,14k,R,200,7,38.475805686837354,30.15991557537472,48.59157215037836,9.298251522050853,0.03956954297999331,0.016676183164261386,0.07940077044360003,0.0143436120946422,0.003930986738776675,0.038257818706904353,0.9460868449253645
P03,L2,L2_14k,14k,R,200,8,55.16048442219325,42.92588562757912,70.45813392715048,7.749992726232133,0.03830424792631745,0.01642154260402252,0.07737436494996892,0.01206497660233571,0.0033794910392951115,0.03176863725990763,0.9496307754713468
P03,L2,L2_14k,14k,R,200,9,51.197097260524366,39.048126899586556,66.66509291630054,8.047278150483306,0.04094736185326725,0.01786951267390822,0.0816704055604823,0.015100635915603854,0.004218514126664584,0.039475478776985054,0.943952002231129
P03,L2,L2_14k,14k,R,200,10,36.384921344806045,27.910688880282034,47.06690181310843,9.565390395832269,0.030392054063869953,0.012542228165120413,0.06397775392720906,0.010943586814348157,0.003061018842749744,0.02929182925593428,0.9586643591217819
P03,L2,L2_14k,14k,R,250,1,26.547225731340674,20.881037228409152,33.18979253990931,11.228224343756613,0.0417162247273702,0.016539296461768677,0.08306637734206922,0.024588723778709458,0.008084615279896231,0.05400846464110821,0.9336950514939203
P03,L2,L2_14k,14k,R,250,2,29.194398365969043,22.493605294085587,37.895699228690496,10.697464999082786,0.04148996188856541,0.015249346659112706,0.08865335608243674,0.019898846876849452,0.006111389678060754,0.04934721444299459,0.9386111912345851
P03,L2,L2_14k,14k,R,250,3,28.340648195343597,21.878920840558937,36.50289755062685,10.86033864360829,0.029287044166031794,0.009926729010245567,0.06592340464290719,0.026813595138161977,0.008549010537743035,0.06277233863124537,0.9438993606958063
P03,L2,L2_14k,14k,R,250,4,43.78743900106256,33.06010881401818,57.51883985646786,8.708961215830447,0.05673206962194431,0.021456951459992456,0.11793127349028446,0.017553877019216735,0.005102693540738022,0.04507266354372758,0.9257140533588389
P03,L2,L2_14k,14k,R,250,5,34.3944801246828,26.496862360539307,44.30142464191562,9.842346189976391,0.0325329881154115,0.011910251383020327,0.07157721700377971,0.015714568095240338,0.004530417042217694,0.03985373000022408,0.9517524437893482
P03,L2,L2_14k,14k,R,250,6,39.19284952193446,30.334955608088418,50.1268294263113,9.211667115111418,0.02325684815047865,0.008253083715287537,0.05383330140503164,0.014698226710307254,0.004453091094551523,0.03653960377245091,0.962044925139214
P03,L2,L2_14k,14k,R,250,7,36.2439472522063,27.908307703547088,46.44509064680929,9.584241156695864,0.030524147467234974,0.010803981976429582,0.0661354512735006,0.018479968923722993,0.0055011753951367814,0.04502340114857708,0.9509958836090421
P03,L2,L2_14k,14k,R,250,8,51.90776922448024,40.57639171115502,66.71560428829711,7.991451785562016,0.029435844743158093,0.011015022754982045,0.0648153621951517,0.01561141248519966,0.0047081160116188335,0.038346231299360926,0.9549527427716422
P03,L2,L2_14k,14k,R,250,9,48.105842982186246,36.450798044058,63.06581803500866,8.304487938774486,0.031630446454818544,0.011124727272296225,0.07304279957447413,0.019684095763663874,0.005565973575764944,0.04938853115106008,0.9486854577815176
P03,L2,L2_14k,14k,R,250,10,34.27200074852816,26.09985720229871,44.5485183011506,9.86018421090167,0.02360431028213242,0.008229255824643603,0.05377660330670612,0.014032609445568405,0.004167685756914413,0.03565462181742946,0.9623630802722992
P03,L2,L2_14k,14k,R,300,1,24.148732639108918,19.26078951842967,30.04983975663414,11.784277675392325,0.018237737039039324,0.0058035381809116255,0.043544815834706534,0.010245529402071962,0.0030788157364871243,0.027662441092730566,0.9715167335588887
P03,L2,L2_14k,14k,R,300,2,26.594274227191463,20.723888075217864,34.34751505312348,11.218090855623739,0.018016852710648755,0.005162022682190337,0.04659509228788041,0.008368223164799725,0.002275140795808378,0.024629711819470775,0.9736149241245515
P03,L2,L2_14k,14k,R,300,3,25.825872690208833,20.199660553982397,33.22860107178823,11.387114521650847,0.012637908901618233,0.003621473009919983,0.034621714233220864,0.011227046469773874,0.0030664011078536083,0.032543841717476846,0.9761350446286079
P03,L2,L2_14k,14k,R,300,4,40.100224602123255,30.20093678542981,52.192158588884396,9.105490555379344,0.02498178630503302,0.007515063910604107,0.06195693021048292,0.007303897809223206,0.001974528139926769,0.022134048518586403,0.9677143158857437
P03,L2,L2_14k,14k,R,300,5,31.309855380468846,24.360032899883038,40.35044394689723,10.323499815414898,0.01401793993818357,0.004058897930839227,0.037046951519473695,0.006486714819459359,0.001748311695048206,0.01948157037030889,0.979495345242357
P03,L2,L2_14k,14k,R,300,6,35.77125900916094,28.005794180792936,45.26878922969374,9.648271188125312,0.00994959030181709,0.002866241490318014,0.02684437274079546,0.006131783229977969,0.0016885377066495808,0.017562545061760814,0.9839186264682049
P03,L2,L2_14k,14k,R,300,7,33.0013927637204,25.886333799485538,41.801193157093415,10.05114967842305,0.013109013557696544,0.003857902158263806,0.03496031601779927,0.007628050352547587,0.0021137106875328653,0.022684958899520203,0.9792629360897559
P03,L2,L2_14k,14k,R,300,8,47.508463067290975,37.19184563402425,60.23971363378226,8.357097875730005,0.012837824196149806,0.003766080972247221,0.03387813944009151,0.006460174638926593,0.0017392629854346333,0.01919528403558402,0.9807020011649237
P03,L2,L2_14k,14k,R,300,9,43.93193790094793,33.6891368230162,56.944434447129076,8.694458386687824,0.013672072574886604,0.003915471304988834,0.03663597980027865,0.008055520785505421,0.002187653311963898,0.023837017171146217,0.978272406639608
P03,L2,L2_14k,14k,R,300,10,31.231145806478466,24.18870154473939,40.54312931922777,10.336717895414967,0.010012357120527903,0.0027772692553800667,0.02742701364490427,0.005884102759990204,0.0015522723347951605,0.01764819153532267,0.9841035401194819
P03,L2,L2_14k,14k,R,350,1,28.786774128605487,22.8630488539311,35.832174810253846,10.774308420626232,0.033400996072709924,0.01342027988449281,0.06749676712779627,0.022606278151132607,0.007745647546034712,0.05000606292564549,0.9439927257761574
P03,L2,L2_14k,14k,R,350,2,31.723501711593833,24.67809513091718,40.830735874388154,10.254858355832637,0.03325494365193378,0.012083058997798893,0.07377712456488296,0.018385128296836473,0.005619896459078236,0.045914823845237665,0.9483599280512297
P03,L2,L2_14k,14k,R,350,3,30.757644348194873,23.83669906654459,39.64453836903686,10.417321514052725,0.023316650833720674,0.007950862930175861,0.056970556322380524,0.024655738042519477,0.007839066448149265,0.05878516109857858,0.9520276111237598
P03,L2,L2_14k,14k,R,350,4,47.61373646412217,36.50614242551154,61.223000360117595,8.347754075853837,0.045834736124316364,0.017746000507776995,0.09521168597374381,0.016040147042469186,0.004945862409531978,0.04044947551920871,0.9381251168332145
P03,L2,L2_14k,14k,R,350,5,37.21576148380959,28.983760756035593,48.180314573127134,9.456507989694757,0.02577523406121327,0.009360928451939414,0.058382501315080264,0.014352599149716474,0.00425819154862887,0.03773582246030812,0.9598721667890703
P03,L2,L2_14k,14k,R,350,6,42.548767563673934,33.44320157318984,53.787864891194474,8.836334735901678,0.018532657415094564,0.006825876306649206,0.04257560386754776,0.013283546236371234,0.004226225407223952,0.033389191940152094,0.9681837963485342
P03,L2,L2_14k,14k,R,350,7,39.310197176525335,30.381369052993,50.265555387474,9.19772622906643,0.02432007151854628,0.008492021197461938,0.05694671403649462,0.016884396714835395,0.005084158400426018,0.042601156656113755,0.9587955317666182
P03,L2,L2_14k,14k,R,350,8,56.49307306812884,43.73223081878366,72.15438609675806,7.657202823850596,0.02365670279071341,0.008674117123996964,0.05321982496134602,0.014241266031687095,0.004492336744359772,0.03555034357360014,0.9621020311775995
P03,L2,L2_14k,14k,R,350,9,52.33615882047654,39.683930099143076,67.71360956685373,7.958356090701196,0.025334303838497246,0.009173887589366849,0.05746964600823411,0.017712619209999454,0.005706781199408567,0.043214611464365296,0.9569530769515033
P03,L2,L2_14k,14k,R,350,10,37.20496687197212,28.78514930303852,47.79315021846191,9.457898872927865,0.018845916225737603,0.006606849637238283,0.04398876815051285,0.01290900690847981,0.003956343722402985,0.03233585868289096,0.9682450768657825
P04,L0,L0_2k,2k,NR,50,1,0.754452249800649,0.6532237118370797,0.8619047387404593,82.71735113392725,NA,NA,NA,NA,NA,NA,NA
P04,L0,L0_2k,2k,NR,50,2,0.6435423965511402,0.540194809361891,0.7536321377100409,88.15208982002935,NA,NA,NA,NA,NA,NA,NA
P04,L0,L0_2k,2k,NR,50,3,0.8035946908109287,0.6836767491354336,0.9373355980442732,80.52051394958156,NA,NA,NA,NA,NA,NA,NA
P04,L0,L0_2k,2k,NR,50,4,0.9109996012667597,0.7812022068893903,1.0529391522020592,76.0964422965266,NA,NA,NA,NA,NA,NA,NA
P04,L0,L0_2k,2k,NR,50,5,0.6799463299744994,0.5706782341161107,0.7995603422422961,86.28857705419112,NA,NA,NA,NA,NA,NA,NA
P04,L0,L0_2k,2k,NR,50,6,0.6427821742015247,0.5421066413105837,0.7574689184523872,88.19191092187181,NA,NA,NA,NA,NA,NA,NA
P04,L0,L0_2k,2k,NR,50,7,0.8618774674978679,0.7324840473990191,1.0057320446763047,78.05971009149694,NA,NA,NA,NA,NA,NA,NA
P04,L0,L0_2k,2k,NR,50,8,0.6929399259437146,0.5855389385165635,0.810721331041929,85.64318552975092,NA,NA,NA,NA,NA,NA,NA
P04,L0,L0_2k,2k,NR,50,9,1.0144782592503787,0.8671325938175699,1.1738900810038029,72.25572871418021,NA,NA,NA,NA,NA,NA,NA
P04,L0,L0_2k,2k,NR,50,10,0.8970460538929579,0.7639996039941417,1.041637239055421,76.64437066574108,NA,NA,NA,NA,NA,NA,NA
P04,L0,L0_2k,2k,NR,100,1,0.754452249800649,0.6532237118370797,0.8619047387404593,82.71735113392725,NA,NA,NA,NA,NA,NA,NA
P04,L0,L0_2k,2k,NR,100,2,0.6435423965511402,0.540194809361891,0.7536321377100409,88.15208982002935,NA,NA,NA,NA,NA,NA,NA
P04,L0,L0_2k,2k,NR,100,3,0.8035946908109287,0.6836767491354336,0.9373355980442732,80.52051394958156,NA,NA,NA,NA,NA,NA,NA
P04,L0,L0_2k,2k,NR,100,4,0.9109996012667597,0.7812022068893903,1.0529391522020592,76.0964422965266,NA,NA,NA,NA,NA,NA,NA
P04,L0,L0_2k,2k,NR,100,5,0.6799463299744994,0.5706782341161107,0.7995603422422961,86.28857705419112,NA,NA,NA,NA,NA,NA,NA
P04,L0,L0_2k,2k,NR,100,6,0.6427821742015247,0.5421066413105837,0.7574689184523872,88.19191092187181,NA,NA,NA,NA,NA,NA,NA
P04,L0,L0_2k,2k,NR,100,7,0.8618774674978679,0.7324840473990191,1.0057320446763047,78.05971009149694,NA,NA,NA,NA,NA,NA,NA
P04,L0,L0_2k,2k,NR,100,8,0.6929399259437146,0.5855389385165635,0.810721331041929,85.64318552975092,NA,NA,NA,NA,NA,NA,NA
P04,L0,L0_2k,2k,NR,100,9,1.0144782592503787,0.8671325938175699,1.1738900810038029,72.25572871418021,NA,NA,NA,NA,NA,NA,NA
P04,L0,L0_2k,2k,NR,100,10,0.8970460538929579,0.7639996039941417,1.041637239055421,76.64437066574108,NA,NA,NA,NA,NA,NA,NA
P04,L0,L0_2k,2k,NR,150,1,0.754452249800649,0.6532237118370797,0.8619047387404593,82.71735113392725,NA,NA,NA,NA,NA,NA,NA
P04,L0,L0_2k,2k,NR,150,2,0.6435423965511402,0.540194809361891,0.7536321377100409,88.15208982002935,NA,NA,NA,NA,NA,NA,NA
P04,L0,L0_2k,2k,NR,150,3,0.8035946908109287,0.6836767491354336,0.9373355980442732,80.52051394958156,NA,NA,NA,NA,NA,NA,NA
P04,L0,L0_2k,2k,NR,150,4,0.9109996012667597,0.7812022068893903,1.0529391522020592,76.0964422965266,NA,NA,NA,NA,NA,NA,NA
P04,L0,L0_2k,2k,NR,150,5,0.6799463299744994,0.5706782341161107,0.7995603422422961,86.28857705419112,NA,NA,NA,NA,NA,NA,NA
P04,L0,L0_2k,2k,NR,150,6,0.6427821742015247,0.5421066413105837,0.7574689184523872,88.19191092187181,NA,NA,NA,NA,NA,NA,NA
P04,L0,L0_2k,2k,NR,150,7,0.8618774674978679,0.7324840473990191,1.0057320446763047,78.05971009149694,NA,NA,NA,NA,NA,NA,NA
P04,L0,L0_2k,2k,NR,150,8,0.6929399259437146,0.5855389385165635,0.810721331041929,85.64318552975092,NA,NA,NA,NA,NA,NA,NA
P04,L0,L0_2k,2k,NR,150,9,1.0144782592503787,0.8671325938175699,1.1738900810038029,72.25572871418021,NA,NA,NA,NA,NA,NA,NA
P04,L0,L0_2k,2k,NR,150,10,0.8970460538929579,0.7639996039941417,1.041637239055421,76.64437066574108,NA,NA,NA,NA,NA,NA,NA
P04,L0,L0_2k,2k,NR,200,1,0.754452249800649,0.6532237118370797,0.8619047387404593,82.71735113392725,NA,NA,NA,NA,NA,NA,NA
P04,L0,L0_2k,2k,NR,200,2,0.6435423965511402,0.540194809361891,0.7536321377100409,88.15208982002935,NA,NA,NA,NA,NA,NA,NA
P04,L0,L0_2k,2k,NR,200,3,0.8035946908109287,0.6836767491354336,0.9373355980442732,80.52051394958156,NA,NA,NA,NA,NA,NA,NA
P04,L0,L0_2k,2k,NR,200,4,0.9109996012667597,0.7812022068893903,1.0529391522020592,76.0964422965266,NA,NA,NA,NA,NA,NA,NA
P04,L0,L0_2k,2k,NR,200,5,0.6799463299744994,0.5706782341161107,0.7995603422422961,86.28857705419112,NA,NA,NA,NA,NA,NA,NA
P04,L0,L0_2k,2k,NR,200,6,0.6427821742015247,0.5421066413105837,0.7574689184523872,88.19191092187181,NA,NA,NA,NA,NA,NA,NA
P04,L0,L0_2k,2k,NR,200,7,0.8618774674978679,0.7324840473990191,1.0057320446763047,78.05971009149694,NA,NA,NA,NA,NA,NA,NA
P04,L0,L0_2k,2k,NR,200,8,0.6929399259437146,0.5855389385165635,0.810721331041929,85.64318552975092,NA,NA,NA,NA,NA,NA,NA
P04,L0,L0_2k,2k,NR,200,9,1.0144782592503787,0.8671325938175699,1.1738900810038029,72.25572871418021,NA,NA,NA,NA,NA,NA,NA
P04,L0,L0_2k,2k,NR,200,10,0.8970460538929579,0.7639996039941417,1.041637239055421,76.64437066574108,NA,NA,NA,NA,NA,NA,NA
P04,L0,L0_2k,2k,NR,250,1,0.754452249800649,0.6532237118370797,0.8619047387404593,82.71735113392725,NA,NA,NA,NA,NA,NA,NA
P04,L0,L0_2k,2k,NR,250,2,0.6435423965511402,0.540194809361891,0.7536321377100409,88.15208982002935,NA,NA,NA,NA,NA,NA,NA
P04,L0,L0_2k,2k,NR,250,3,0.8035946908109287,0.6836767491354336,0.9373355980442732,80.52051394958156,NA,NA,NA,NA,NA,NA,NA
P04,L0,L0_2k,2k,NR,250,4,0.9109996012667597,0.7812022068893903,1.0529391522020592,76.0964422965266,NA,NA,NA,NA,NA,NA,NA
P04,L0,L0_2k,2k,NR,250,5,0.6799463299744994,0.5706782341161107,0.7995603422422961,86.28857705419112,NA,NA,NA,NA,NA,NA,NA
P04,L0,L0_2k,2k,NR,250,6,0.6427821742015247,0.5421066413105837,0.7574689184523872,88.19191092187181,NA,NA,NA,NA,NA,NA,NA
P04,L0,L0_2k,2k,NR,250,7,0.8618774674978679,0.7324840473990191,1.0057320446763047,78.05971009149694,NA,NA,NA,NA,NA,NA,NA
P04,L0,L0_2k,2k,NR,250,8,0.6929399259437146,0.5855389385165635,0.810721331041929,85.64318552975092,NA,NA,NA,NA,NA,NA,NA
P04,L0,L0_2k,2k,NR,250,9,1.0144782592503787,0.8671325938175699,1.1738900810038029,72.25572871418021,NA,NA,NA,NA,NA,NA,NA
P04,L0,L0_2k,2k,NR,250,10,0.8970460538929579,0.7639996039941417,1.041637239055421,76.64437066574108,NA,NA,NA,NA,NA,NA,NA
P04,L0,L0_2k,2k,NR,300,1,0.754452249800649,0.6532237118370797,0.8619047387404593,82.71735113392725,NA,NA,NA,NA,NA,NA,NA
P04,L0,L0_2k,2k,NR,300,2,0.6435423965511402,0.540194809361891,0.7536321377100409,88.15208982002935,NA,NA,NA,NA,NA,NA,NA
P04,L0,L0_2k,2k,NR,300,3,0.8035946908109287,0.6836767491354336,0.9373355980442732,80.52051394958156,NA,NA,NA,NA,NA,NA,NA
P04,L0,L0_2k,2k,NR,300,4,0.9109996012667597,0.7812022068893903,1.0529391522020592,76.0964422965266,NA,NA,NA,NA,NA,NA,NA
P04,L0,L0_2k,2k,NR,300,5,0.6799463299744994,0.5706782341161107,0.7995603422422961,86.28857705419112,NA,NA,NA,NA,NA,NA,NA
P04,L0,L0_2k,2k,NR,300,6,0.6427821742015247,0.5421066413105837,0.7574689184523872,88.19191092187181,NA,NA,NA,NA,NA,NA,NA
P04,L0,L0_2k,2k,NR,300,7,0.8618774674978679,0.7324840473990191,1.0057320446763047,78.05971009149694,NA,NA,NA,NA,NA,NA,NA
P04,L0,L0_2k,2k,NR,300,8,0.6929399259437146,0.5855389385165635,0.810721331041929,85.64318552975092,NA,NA,NA,NA,NA,NA,NA
P04,L0,L0_2k,2k,NR,300,9,1.0144782592503787,0.8671325938175699,1.1738900810038029,72.25572871418021,NA,NA,NA,NA,NA,NA,NA
P04,L0,L0_2k,2k,NR,300,10,0.8970460538929579,0.7639996039941417,1.041637239055421,76.64437066574108,NA,NA,NA,NA,NA,NA,NA
P04,L0,L0_2k,2k,NR,350,1,0.754452249800649,0.6532237118370797,0.8619047387404593,82.71735113392725,NA,NA,NA,NA,NA,NA,NA
P04,L0,L0_2k,2k,NR,350,2,0.6435423965511402,0.540194809361891,0.7536321377100409,88.15208982002935,NA,NA,NA,NA,NA,NA,NA
P04,L0,L0_2k,2k,NR,350,3,0.8035946908109287,0.6836767491354336,0.9373355980442732,80.52051394958156,NA,NA,NA,NA,NA,NA,NA
P04,L0,L0_2k,2k,NR,350,4,0.9109996012667597,0.7812022068893903,1.0529391522020592,76.0964422965266,NA,NA,NA,NA,NA,NA,NA
P04,L0,L0_2k,2k,NR,350,5,0.6799463299744994,0.5706782341161107,0.7995603422422961,86.28857705419112,NA,NA,NA,NA,NA,NA,NA
P04,L0,L0_2k,2k,NR,350,6,0.6427821742015247,0.5421066413105837,0.7574689184523872,88.19191092187181,NA,NA,NA,NA,NA,NA,NA
P04,L0,L0_2k,2k,NR,350,7,0.8618774674978679,0.7324840473990191,1.0057320446763047,78.05971009149694,NA,NA,NA,NA,NA,NA,NA
P04,L0,L0_2k,2k,NR,350,8,0.6929399259437146,0.5855389385165635,0.810721331041929,85.64318552975092,NA,NA,NA,NA,NA,NA,NA
P04,L0,L0_2k,2k,NR,350,9,1.0144782592503787,0.8671325938175699,1.1738900810038029,72.25572871418021,NA,NA,NA,NA,NA,NA,NA
P04,L0,L0_2k,2k,NR,350,10,0.8970460538929579,0.7639996039941417,1.041637239055421,76.64437066574108,NA,NA,NA,NA,NA,NA,NA
P04,L0,L0_2k,2k,R,50,1,3.3717456262455796,2.9872053506769864,3.7971211608850943,34.50957107023778,NA,NA,NA,NA,NA,NA,NA
P04,L0,L0_2k,2k,R,50,2,2.877898369653588,2.4764684592018824,3.3111226394256295,38.21872340694327,NA,NA,NA,NA,NA,NA,NA
P04,L0,L0_2k,2k,R,50,3,3.595434694205921,3.09321847080599,4.150117412454673,33.14352504276277,NA,NA,NA,NA,NA,NA,NA
P04,L0,L0_2k,2k,R,50,4,4.081851604088216,3.5278089234542396,4.692467367397119,30.66054576668454,NA,NA,NA,NA,NA,NA,NA
P04,L0,L0_2k,2k,R,50,5,3.03783204980462,2.6257074677861323,3.4999819564543557,36.89594411957225,NA,NA,NA,NA,NA,NA,NA
P04,L0,L0_2k,2k,R,50,6,2.8728697127792824,2.4692690683252736,3.318740586089184,38.26248283078211,NA,NA,NA,NA,NA,NA,NA
P04,L0,L0_2k,2k,R,50,7,3.8540890096012936,3.315022825945855,4.460466603622311,31.75014946141076,NA,NA,NA,NA,NA,NA,NA
P04,L0,L0_2k,2k,R,50,8,3.096852532219048,2.6606017256188803,3.565083121610082,36.43949397015636,NA,NA,NA,NA,NA,NA,NA
P04,L0,L0_2k,2k,R,50,9,4.527700637918366,3.9140523932982605,5.195417629904148,28.82371524953308,NA,NA,NA,NA,NA,NA,NA
P04,L0,L0_2k,2k,R,50,10,4.006959943908991,3.476194634632111,4.618157532629033,31.006067514535836,NA,NA,NA,NA,NA,NA,NA
P04,L0,L0_2k,2k,R,100,1,3.3717456262455796,2.9872053506769864,3.7971211608850943,34.50957107023778,NA,NA,NA,NA,NA,NA,NA
P04,L0,L0_2k,2k,R,100,2,2.877898369653588,2.4764684592018824,3.3111226394256295,38.21872340694327,NA,NA,NA,NA,NA,NA,NA
P04,L0,L0_2k,2k,R,100,3,3.595434694205921,3.09321847080599,4.150117412454673,33.14352504276277,NA,NA,NA,NA,NA,NA,NA
P04,L0,L0_2k,2k,R,100,4,4.081851604088216,3.5278089234542396,4.692467367397119,30.66054576668454,NA,NA,NA,NA,NA,NA,NA
P04,L0,L0_2k,2k,R,100,5,3.03783204980462,2.6257074677861323,3.4999819564543557,36.89594411957225,NA,NA,NA,NA,NA,NA,NA
P04,L0,L0_2k,2k,R,100,6,2.8728697127792824,2.4692690683252736,3.318740586089184,38.26248283078211,NA,NA,NA,NA,NA,NA,NA
P04,L0,L0_2k,2k,R,100,7,3.8540890096012936,3.315022825945855,4.460466603622311,31.75014946141076,NA,NA,NA,NA,NA,NA,NA
P04,L0,L0_2k,2k,R,100,8,3.096852532219048,2.6606017256188803,3.565083121610082,36.43949397015636,NA,NA,NA,NA,NA,NA,NA
P04,L0,L0_2k,2k,R,100,9,4.527700637918366,3.9140523932982605,5.195417629904148,28.82371524953308,NA,NA,NA,NA,NA,NA,NA
P04,L0,L0_2k,2k,R,100,10,4.006959943908991,3.476194634632111,4.618157532629033,31.006067514535836,NA,NA,NA,NA,NA,NA,NA
P04,L0,L0_2k,2k,R,150,1,3.3717456262455796,2.9872053506769864,3.7971211608850943,34.50957107023778,NA,NA,NA,NA,NA,NA,NA
P04,L0,L0_2k,2k,R,150,2,2.877898369653588,2.4764684592018824,3.3111226394256295,38.21872340694327,NA,NA,NA,NA,NA,NA,NA
P04,L0,L0_2k,2k,R,150,3,3.595434694205921,3.09321847080599,4.150117412454673,33.14352504276277,NA,NA,NA,NA,NA,NA,NA
P04,L0,L0_2k,2k,R,150,4,4.081851604088216,3.5278089234542396,4.692467367397119,30.66054576668454,NA,NA,NA,NA,NA,NA,NA
P04,L0,L0_2k,2k,R,150,5,3.03783204980462,2.6257074677861323,3.4999819564543557,36.89594411957225,NA,NA,NA,NA,NA,NA,NA
P04,L0,L0_2k,2k,R,150,6,2.8728697127792824,2.4692690683252736,3.318740586089184,38.26248283078211,NA,NA,NA,NA,NA,NA,NA
P04,L0,L0_2k,2k,R,150,7,3.8540890096012936,3.315022825945855,4.460466603622311,31.75014946141076,NA,NA,NA,NA,NA,NA,NA
P04,L0,L0_2k,2k,R,150,8,3.096852532219048,2.6606017256188803,3.565083121610082,36.43949397015636,NA,NA,NA,NA,NA,NA,NA
P04,L0,L0_2k,2k,R,150,9,4.527700637918366,3.9140523932982605,5.195417629904148,28.82371524953308,NA,NA,NA,NA,NA,NA,NA
P04,L0,L0_2k,2k,R,150,10,4.006959943908991,3.476194634632111,4.618157532629033,31.006067514535836,NA,NA,NA,NA,NA,NA,NA
P04,L0,L0_2k,2k,R,200,1,3.3717456262455796,2.9872053506769864,3.7971211608850943,34.50957107023778,NA,NA,NA,NA,NA,NA,NA
P04,L0,L0_2k,2k,R,200,2,2.877898369653588,2.4764684592018824,3.3111226394256295,38.21872340694327,NA,NA,NA,NA,NA,NA,NA
P04,L0,L0_2k,2k,R,200,3,3.595434694205921,3.09321847080599,4.150117412454673,33.14352504276277,NA,NA,NA,NA,NA,NA,NA
P04,L0,L0_2k,2k,R,200,4,4.081851604088216,3.5278089234542396,4.692467367397119,30.66054576668454,NA,NA,NA,NA,NA,NA,NA
P04,L0,L0_2k,2k,R,200,5,3.03783204980462,2.6257074677861323,3.4999819564543557,36.89594411957225,NA,NA,NA,NA,NA,NA,NA
P04,L0,L0_2k,2k,R,200,6,2.8728697127792824,2.4692690683252736,3.318740586089184,38.26248283078211,NA,NA,NA,NA,NA,NA,NA
P04,L0,L0_2k,2k,R,200,7,3.8540890096012936,3.315022825945855,4.460466603622311,31.75014946141076,NA,NA,NA,NA,NA,NA,NA
P04,L0,L0_2k,2k,R,200,8,3.096852532219048,2.6606017256188803,3.565083121610082,36.43949397015636,NA,NA,NA,NA,NA,NA,NA
P04,L0,L0_2k,2k,R,200,9,4.527700637918366,3.9140523932982605,5.195417629904148,28.82371524953308,NA,NA,NA,NA,NA,NA,NA
P04,L0,L0_2k,2k,R,200,10,4.006959943908991,3.476194634632111,4.618157532629033,31.006067514535836,NA,NA,NA,NA,NA,NA,NA
P04,L0,L0_2k,2k,R,250,1,3.3717456262455796,2.9872053506769864,3.7971211608850943,34.50957107023778,NA,NA,NA,NA,NA,NA,NA
P04,L0,L0_2k,2k,R,250,2,2.877898369653588,2.4764684592018824,3.3111226394256295,38.21872340694327,NA,NA,NA,NA,NA,NA,NA
P04,L0,L0_2k,2k,R,250,3,3.595434694205921,3.09321847080599,4.150117412454673,33.14352504276277,NA,NA,NA,NA,NA,NA,NA
P04,L0,L0_2k,2k,R,250,4,4.081851604088216,3.5278089234542396,4.692467367397119,30.66054576668454,NA,NA,NA,NA,NA,NA,NA
P04,L0,L0_2k,2k,R,250,5,3.03783204980462,2.6257074677861323,3.4999819564543557,36.89594411957225,NA,NA,NA,NA,NA,NA,NA
P04,L0,L0_2k,2k,R,250,6,2.8728697127792824,2.4692690683252736,3.318740586089184,38.26248283078211,NA,NA,NA,NA,NA,NA,NA
P04,L0,L0_2k,2k,R,250,7,3.8540890096012936,3.315022825945855,4.460466603622311,31.75014946141076,NA,NA,NA,NA,NA,NA,NA
P04,L0,L0_2k,2k,R,250,8,3.096852532219048,2.6606017256188803,3.565083121610082,36.43949397015636,NA,NA,NA,NA,NA,NA,NA
P04,L0,L0_2k,2k,R,250,9,4.527700637918366,3.9140523932982605,5.195417629904148,28.82371524953308,NA,NA,NA,NA,NA,NA,NA
P04,L0,L0_2k,2k,R,250,10,4.006959943908991,3.476194634632111,4.618157532629033,31.006067514535836,NA,NA,NA,NA,NA,NA,NA
P04,L0,L0_2k,2k,R,300,1,3.3717456262455796,2.9872053506769864,3.7971211608850943,34.50957107023778,NA,NA,NA,NA,NA,NA,NA
P04,L0,L0_2k,2k,R,300,2,2.877898369653588,2.4764684592018824,3.3111226394256295,38.21872340694327,NA,NA,NA,NA,NA,NA,NA
P04,L0,L0_2k,2k,R,300,3,3.595434694205921,3.09321847080599,4.150117412454673,33.14352504276277,NA,NA,NA,NA,NA,NA,NA
P04,L0,L0_2k,2k,R,300,4,4.081851604088216,3.5278089234542396,4.692467367397119,30.66054576668454,NA,NA,NA,NA,NA,NA,NA
P04,L0,L0_2k,2k,R,300,5,3.03783204980462,2.6257074677861323,3.4999819564543557,36.89594411957225,NA,NA,NA,NA,NA,NA,NA
P04,L0,L0_2k,2k,R,300,6,2.8728697127792824,2.4692690683252736,3.318740586089184,38.26248283078211,NA,NA,NA,NA,NA,NA,NA
P04,L0,L0_2k,2k,R,300,7,3.8540890096012936,3.315022825945855,4.460466603622311,31.75014946141076,NA,NA,NA,NA,NA,NA,NA
P04,L0,L0_2k,2k,R,300,8,3.096852532219048,2.6606017256188803,3.565083121610082,36.43949397015636,NA,NA,NA,NA,NA,NA,NA
P04,L0,L0_2k,2k,R,300,9,4.527700637918366,3.9140523932982605,5.195417629904148,28.82371524953308,NA,NA,NA,NA,NA,NA,NA
P04,L0,L0_2k,2k,R,300,10,4.006959943908991,3.476194634632111,4.618157532629033,31.006067514535836,NA,NA,NA,NA,NA,NA,NA
P04,L0,L0_2k,2k,R,350,1,3.3717456262455796,2.9872053506769864,3.7971211608850943,34.50957107023778,NA,NA,NA,NA,NA,NA,NA
P04,L0,L0_2k,2k,R,350,2,2.877898369653588,2.4764684592018824,3.3111226394256295,38.21872340694327,NA,NA,NA,NA,NA,NA,NA
P04,L0,L0_2k,2k,R,350,3,3.595434694205921,3.09321847080599,4.150117412454673,33.14352504276277,NA,NA,NA,NA,NA,NA,NA
P04,L0,L0_2k,2k,R,350,4,4.081851604088216,3.5278089234542396,4.692467367397119,30.66054576668454,NA,NA,NA,NA,NA,NA,NA
P04,L0,L0_2k,2k,R,350,5,3.03783204980462,2.6257074677861323,3.4999819564543557,36.89594411957225,NA,NA,NA,NA,NA,NA,NA
P04,L0,L0_2k,2k,R,350,6,2.8728697127792824,2.4692690683252736,3.318740586089184,38.26248283078211,NA,NA,NA,NA,NA,NA,NA
P04,L0,L0_2k,2k,R,350,7,3.8540890096012936,3.315022825945855,4.460466603622311,31.75014946141076,NA,NA,NA,NA,NA,NA,NA
P04,L0,L0_2k,2k,R,350,8,3.096852532219048,2.6606017256188803,3.565083121610082,36.43949397015636,NA,NA,NA,NA,NA,NA,NA
P04,L0,L0_2k,2k,R,350,9,4.527700637918366,3.9140523932982605,5.195417629904148,28.82371524953308,NA,NA,NA,NA,NA,NA,NA
P04,L0,L0_2k,2k,R,350,10,4.006959943908991,3.476194634632111,4.618157532629033,31.006067514535836,NA,NA,NA,NA,NA,NA,NA
P04,L0,L0_14k,14k,NR,50,1,0.7360769604792152,0.5550265991453867,0.9319406620710494,83.56989492886859,NA,NA,NA,NA,NA,NA,NA
P04,L0,L0_14k,14k,NR,50,2,0.5054862862998872,0.3752841942925001,0.6576712728320631,96.09638984290952,NA,NA,NA,NA,NA,NA,NA
P04,L0,L0_14k,14k,NR,50,3,0.647764210236456,0.47902346967008647,0.835745091602634,87.93163973213859,NA,NA,NA,NA,NA,NA,NA
P04,L0,L0_14k,14k,NR,50,4,0.7192252600599607,0.5376287819974838,0.9271251182112659,84.36752545554299,NA,NA,NA,NA,NA,NA,NA
P04,L0,L0_14k,14k,NR,50,5,0.5572657499562238,0.41154129123598737,0.7255977201538852,92.93472418198077,NA,NA,NA,NA,NA,NA,NA
P04,L0,L0_14k,14k,NR,50,6,0.5392841675027189,0.4003861523178797,0.7002676168726941,94.00526305811371,NA,NA,NA,NA,NA,NA,NA
P04,L0,L0_14k,14k,NR,50,7,0.7060402487343286,0.526075877231376,0.9128894041726241,85.00250212999381,NA,NA,NA,NA,NA,NA,NA
P04,L0,L0_14k,14k,NR,50,8,0.5660512519088714,0.4167839897569758,0.7334211307142097,92.42163158627334,NA,NA,NA,NA,NA,NA,NA
P04,L0,L0_14k,14k,NR,50,9,0.8357668822967043,0.6287197455441514,1.0789467367416425,79.14371837785066,NA,NA,NA,NA,NA,NA,NA
P04,L0,L0_14k,14k,NR,50,10,0.7089336040864015,0.5270610474836805,0.9175717831258516,84.86232507666189,NA,NA,NA,NA,NA,NA,NA
P04,L0,L0_14k,14k,NR,100,1,0.8740780415242855,0.6815569897094962,1.0847578154889086,77.56301850432592,NA,NA,NA,NA,NA,NA,NA
P04,L0,L0_14k,14k,NR,100,2,0.5996861906509363,0.45695283069063597,0.7641364255788385,90.5141724954771,NA,NA,NA,NA,NA,NA,NA
P04,L0,L0_14k,14k,NR,100,3,0.7687157740383623,0.5878132861096421,0.975117282564027,82.06752539413527,NA,NA,NA,NA,NA,NA,NA
P04,L0,L0_14k,14k,NR,100,4,0.8547830154060223,0.6596101058581056,1.0775327712318348,78.35137485949942,NA,NA,NA,NA,NA,NA,NA
P04,L0,L0_14k,14k,NR,100,5,0.6608182101294073,0.502082141681929,0.8480239318183209,87.25731030245356,NA,NA,NA,NA,NA,NA,NA
P04,L0,L0_14k,14k,NR,100,6,0.6391323779986031,0.4896987369124574,0.8111249495806555,88.38362394756142,NA,NA,NA,NA,NA,NA,NA
P04,L0,L0_14k,14k,NR,100,7,0.8393154697094503,0.6478574008453314,1.0517394802046638,78.99467674379481,NA,NA,NA,NA,NA,NA,NA
P04,L0,L0_14k,14k,NR,100,8,0.6727397637800381,0.5146793476730116,0.8496906089060656,86.65090131198014,NA,NA,NA,NA,NA,NA,NA
P04,L0,L0_14k,14k,NR,100,9,0.9932160322896822,0.7684907011959791,1.247042270060241,73.01441353731084,NA,NA,NA,NA,NA,NA,NA
P04,L0,L0_14k,14k,NR,100,10,0.8421797623735989,0.6455935008986714,1.0618180301692768,78.87477455055735,NA,NA,NA,NA,NA,NA,NA
P04,L0,L0_14k,14k,NR,150,1,0.7418344863569621,0.5641550223868519,0.9356386380007871,83.30086798682393,NA,NA,NA,NA,NA,NA,NA
P04,L0,L0_14k,14k,NR,150,2,0.5089860942264681,0.38139058560888317,0.6601071843117786,95.87481259278837,NA,NA,NA,NA,NA,NA,NA
P04,L0,L0_14k,14k,NR,150,3,0.6509819797753198,0.48726598845974795,0.8469872100586403,87.76440008221545,NA,NA,NA,NA,NA,NA,NA
P04,L0,L0_14k,14k,NR,150,4,0.7234162079326365,0.5452837690239571,0.9335686180843843,84.16771636756162,NA,NA,NA,NA,NA,NA,NA
P04,L0,L0_14k,14k,NR,150,5,0.5609362426261811,0.4150432607350697,0.7338741208209311,92.71958194410735,NA,NA,NA,NA,NA,NA,NA
P04,L0,L0_14k,14k,NR,150,6,0.5421958882292803,0.3999695920642843,0.706561082253121,93.83000959733808,NA,NA,NA,NA,NA,NA,NA
P04,L0,L0_14k,14k,NR,150,7,0.7117588932105519,0.5335935748750775,0.9174495117090069,84.72590182722577,NA,NA,NA,NA,NA,NA,NA
P04,L0,L0_14k,14k,NR,150,8,0.5692919235300122,0.42634259243098654,0.7405923587185326,92.23396965277675,NA,NA,NA,NA,NA,NA,NA
P04,L0,L0_14k,14k,NR,150,9,0.8414762602390442,0.6276794341425287,1.079151564681273,78.90419096633109,NA,NA,NA,NA,NA,NA,NA
P04,L0,L0_14k,14k,NR,150,10,0.7136218506320864,0.5329476971592605,0.9223255248441616,84.63619136497344,NA,NA,NA,NA,NA,NA,NA
P04,L0,L0_14k,14k,NR,200,1,0.932026977877056,0.7320628213739757,1.1555600281580989,75.28480271972055,NA,NA,NA,NA,NA,NA,NA
P04,L0,L0_14k,14k,NR,200,2,0.6396120309827242,0.4887820534047663,0.8159689944318187,88.35837861750662,NA,NA,NA,NA,NA,NA,NA
P04,L0,L0_14k,14k,NR,200,3,0.8191019055415079,0.6336230699996449,1.0324366044213762,79.85107057990868,NA,NA,NA,NA,NA,NA,NA
P04,L0,L0_14k,14k,NR,200,4,0.9098731912829272,0.7026938981610248,1.1500318919455275,76.14039461292678,NA,NA,NA,NA,NA,NA,NA
P04,L0,L0_14k,14k,NR,200,5,0.7040336603296408,0.5407380869569152,0.899470947065596,85.09999636276495,NA,NA,NA,NA,NA,NA,NA
P04,L0,L0_14k,14k,NR,200,6,0.6824657035413548,0.5200652314662587,0.8662870891335501,86.16265296798217,NA,NA,NA,NA,NA,NA,NA
P04,L0,L0_14k,14k,NR,200,7,0.894350189322608,0.6928294145228489,1.1249792591532919,76.75110795512379,NA,NA,NA,NA,NA,NA,NA
P04,L0,L0_14k,14k,NR,200,8,0.7156201240892994,0.5483138047951575,0.9123553838916272,84.54018030071964,NA,NA,NA,NA,NA,NA,NA
P04,L0,L0_14k,14k,NR,200,9,1.058783001975959,0.8207483076789921,1.3263294953815445,70.72194816899417,NA,NA,NA,NA,NA,NA,NA
P04,L0,L0_14k,14k,NR,200,10,0.8969392014098372,0.6957318758827196,1.1215255380416387,76.64859583200058,NA,NA,NA,NA,NA,NA,NA
P04,L0,L0_14k,14k,NR,250,1,0.9060500234682995,0.709429176906242,1.1166553464263973,76.28993830540986,NA,NA,NA,NA,NA,NA,NA
P04,L0,L0_14k,14k,NR,250,2,0.623653168542933,0.47709063152151204,0.7898719519847401,89.20668593563796,NA,NA,NA,NA,NA,NA,NA
P04,L0,L0_14k,14k,NR,250,3,0.7977567023889716,0.614855197475731,0.9975567802515072,80.77541207771212,NA,NA,NA,NA,NA,NA,NA
P04,L0,L0_14k,14k,NR,250,4,0.8845248917907469,0.6817584405791418,1.115525675348081,77.14255717528204,NA,NA,NA,NA,NA,NA,NA
P04,L0,L0_14k,14k,NR,250,5,0.6858478778365106,0.5225815194883469,0.8712497232797487,85.9942026052144,NA,NA,NA,NA,NA,NA,NA
P04,L0,L0_14k,14k,NR,250,6,0.6636790815008997,0.5092610786563082,0.8414000324602435,87.11097789971166,NA,NA,NA,NA,NA,NA,NA
P04,L0,L0_14k,14k,NR,250,7,0.8697912905832185,0.6692828127902737,1.087761075119422,77.73683512881652,NA,NA,NA,NA,NA,NA,NA
P04,L0,L0_14k,14k,NR,250,8,0.6975423890842338,0.5353363489723975,0.8792451100568013,85.416968089017,NA,NA,NA,NA,NA,NA,NA
P04,L0,L0_14k,14k,NR,250,9,1.0306921260395288,0.7956788889808365,1.289679331871974,71.68716571810286,NA,NA,NA,NA,NA,NA,NA
P04,L0,L0_14k,14k,NR,250,10,0.8728132909641179,0.6704772524520335,1.0959941788633412,77.61422257919149,NA,NA,NA,NA,NA,NA,NA
P04,L0,L0_14k,14k,NR,300,1,1.377436516571263,1.1308475722904379,1.6391236801087852,61.287445078904426,NA,NA,NA,NA,NA,NA,NA
P04,L0,L0_14k,14k,NR,300,2,0.9455903537280754,0.7607337195515534,1.1571210266842804,74.77000773514544,NA,NA,NA,NA,NA,NA,NA
P04,L0,L0_14k,14k,NR,300,3,1.2100329128760494,0.9763542705921414,1.4845098229576663,65.92168827409256,NA,NA,NA,NA,NA,NA,NA
P04,L0,L0_14k,14k,NR,300,4,1.3463510902999993,1.0931909227345888,1.6400501962996192,62.09976289227648,NA,NA,NA,NA,NA,NA,NA
P04,L0,L0_14k,14k,NR,300,5,1.0408200225579445,0.8364839144080692,1.2872325941173288,71.33630238424895,NA,NA,NA,NA,NA,NA,NA
P04,L0,L0_14k,14k,NR,300,6,1.0068098020448104,0.8069420762991765,1.2439581629588625,72.52762424147043,NA,NA,NA,NA,NA,NA,NA
P04,L0,L0_14k,14k,NR,300,7,1.3208838799062987,1.0701892921849148,1.6131481400709393,62.78099964832702,NA,NA,NA,NA,NA,NA,NA
P04,L0,L0_14k,14k,NR,300,8,1.059325622077437,0.8511486482560622,1.2965905796084645,70.70354593091623,NA,NA,NA,NA,NA,NA,NA
P04,L0,L0_14k,14k,NR,300,9,1.5625879766725705,1.267747529855015,1.9239038758612494,56.85199552266199,NA,NA,NA,NA,NA,NA,NA
P04,L0,L0_14k,14k,NR,300,10,1.324635781194658,1.0733187413824627,1.619189309969425,62.679731107280105,NA,NA,NA,NA,NA,NA,NA
P04,L0,L0_14k,14k,NR,350,1,1.2859079568086855,1.0577602863505724,1.5443459099390118,63.740452904195614,NA,NA,NA,NA,NA,NA,NA
P04,L0,L0_14k,14k,NR,350,2,0.8845066341146598,0.7055676258877622,1.0931905457058653,77.14328816293381,NA,NA,NA,NA,NA,NA,NA
P04,L0,L0_14k,14k,NR,350,3,1.1311101832809307,0.9086500805120306,1.3913002641868697,68.34655585832463,NA,NA,NA,NA,NA,NA,NA
P04,L0,L0_14k,14k,NR,350,4,1.2598985514921943,1.0082744914613495,1.5517552184408536,64.47241599308111,NA,NA,NA,NA,NA,NA,NA
P04,L0,L0_14k,14k,NR,350,5,0.9743664590172691,0.7757448173143129,1.210638592872575,73.69977603996595,NA,NA,NA,NA,NA,NA,NA
P04,L0,L0_14k,14k,NR,350,6,0.9413016622683847,0.7492838319414955,1.1703755566252436,74.93205488429683,NA,NA,NA,NA,NA,NA,NA
P04,L0,L0_14k,14k,NR,350,7,1.2352376060606969,0.9840773588868554,1.528029276345267,65.18145738234035,NA,NA,NA,NA,NA,NA,NA
P04,L0,L0_14k,14k,NR,350,8,0.9903856809832731,0.7903972647494386,1.2211773150112846,73.11654932165204,NA,NA,NA,NA,NA,NA,NA
P04,L0,L0_14k,14k,NR,350,9,1.4626362288934867,1.1736418049685844,1.794594210078731,59.16406098891486,NA,NA,NA,NA,NA,NA,NA
P04,L0,L0_14k,14k,NR,350,10,1.239563223610509,0.9918878723413996,1.5215486058536238,65.0560125845935,NA,NA,NA,NA,NA,NA,NA
P04,L0,L0_14k,14k,R,50,1,3.0477336536292152,2.5833183540066136,3.5760244888975823,36.81823168151171,NA,NA,NA,NA,NA,NA,NA
P04,L0,L0_14k,14k,R,50,2,2.0962969688414566,1.7266407809513689,2.522004630297311,47.13005456775725,NA,NA,NA,NA,NA,NA,NA
P04,L0,L0_14k,14k,R,50,3,2.688586986789441,2.215842538324275,3.2266061386757805,39.96695143034391,NA,NA,NA,NA,NA,NA,NA
P04,L0,L0_14k,14k,R,50,4,2.982752644453469,2.4551871313556948,3.5930538256760443,37.336867067224496,NA,NA,NA,NA,NA,NA,NA
P04,L0,L0_14k,14k,R,50,5,2.3096814971373654,1.8987205305537704,2.792972042485275,44.202073894969786,NA,NA,NA,NA,NA,NA,NA
P04,L0,L0_14k,14k,R,50,6,2.2340235338767727,1.8281885563749636,2.7029983962344875,45.18933659239797,NA,NA,NA,NA,NA,NA,NA
P04,L0,L0_14k,14k,R,50,7,2.9306557964606563,2.4243039189645614,3.5120742227305346,37.76784125264753,NA,NA,NA,NA,NA,NA,NA
P04,L0,L0_14k,14k,R,50,8,2.3457644848324724,1.9315947802697926,2.834594294664509,43.74951522623915,NA,NA,NA,NA,NA,NA,NA
P04,L0,L0_14k,14k,R,50,9,3.467886777697097,2.851537948295852,4.175715557721006,33.90220454051801,NA,NA,NA,NA,NA,NA,NA
P04,L0,L0_14k,14k,R,50,10,2.9365925688063466,2.4203966913193717,3.5360724601317095,37.718025456465845,NA,NA,NA,NA,NA,NA,NA
P04,L0,L0_14k,14k,R,100,1,3.744694356959659,3.1762334657389193,4.430415015699216,32.317429063361594,NA,NA,NA,NA,NA,NA,NA
P04,L0,L0_14k,14k,R,100,2,2.5763823757114577,2.115727892049322,3.121325357055088,41.10973958865744,NA,NA,NA,NA,NA,NA,NA
P04,L0,L0_14k,14k,R,100,3,3.3001264139818876,2.7040790246979536,4.008634309712865,34.983509929834035,NA,NA,NA,NA,NA,NA,NA
P04,L0,L0_14k,14k,R,100,4,3.666566490109169,3.0195631585064655,4.42821870174932,32.741966524275675,NA,NA,NA,NA,NA,NA,NA
P04,L0,L0_14k,14k,R,100,5,2.839235142841102,2.3423276610755845,3.41458797271455,38.55876779839497,NA,NA,NA,NA,NA,NA,NA
P04,L0,L0_14k,14k,R,100,6,2.751104288118355,2.2761811574437165,3.294698402466498,39.36589726019994,NA,NA,NA,NA,NA,NA,NA
P04,L0,L0_14k,14k,R,100,7,3.599796858386946,2.9556943371772526,4.3797381044498245,33.11847091595213,NA,NA,NA,NA,NA,NA,NA
P04,L0,L0_14k,14k,R,100,8,2.8882724349946196,2.3677974651939433,3.482842705787802,38.128883920652065,NA,NA,NA,NA,NA,NA,NA
P04,L0,L0_14k,14k,R,100,9,4.267734737363942,3.492996833107997,5.18285620957945,29.851731827805583,NA,NA,NA,NA,NA,NA,NA
P04,L0,L0_14k,14k,R,100,10,3.6120632904363728,2.969584681878333,4.342381962800764,33.04832300223404,NA,NA,NA,NA,NA,NA,NA
P04,L0,L0_14k,14k,R,150,1,5.95216786499735,4.990904982378903,7.068845682633816,24.64964919910798,NA,NA,NA,NA,NA,NA,NA
P04,L0,L0_14k,14k,R,150,2,4.092767277413378,3.335955142081704,4.967219828714949,30.611167935519234,NA,NA,NA,NA,NA,NA,NA
P04,L0,L0_14k,14k,R,150,3,5.237268036007574,4.289267837405062,6.369925719334662,26.49358466880256,NA,NA,NA,NA,NA,NA,NA
P04,L0,L0_14k,14k,R,150,4,5.8254793636614774,4.810582601959595,7.016207370939111,24.947748704102064,NA,NA,NA,NA,NA,NA,NA
P04,L0,L0_14k,14k,R,150,5,4.507080276248784,3.652534587912209,5.521868285850794,28.901283373100785,NA,NA,NA,NA,NA,NA,NA
P04,L0,L0_14k,14k,R,150,6,4.3553105892207,3.5478376812129335,5.3252642170554845,29.492835511453727,NA,NA,NA,NA,NA,NA,NA
P04,L0,L0_14k,14k,R,150,7,5.721577640406893,4.66103835310501,6.945798714194396,25.200677919799723,NA,NA,NA,NA,NA,NA,NA
P04,L0,L0_14k,14k,R,150,8,4.591464746338513,3.7294300926937902,5.5621928166813035,28.587875162599218,NA,NA,NA,NA,NA,NA,NA
P04,L0,L0_14k,14k,R,150,9,6.768667883730898,5.493243716871215,8.288674426953675,22.958990061710104,NA,NA,NA,NA,NA,NA,NA
P04,L0,L0_14k,14k,R,150,10,5.739135891005174,4.704401517714617,6.92780161652726,25.157381677456826,NA,NA,NA,NA,NA,NA,NA
P04,L0,L0_14k,14k,R,200,1,4.861139862720499,4.126441455552558,5.710597877459638,27.65271639299805,NA,NA,NA,NA,NA,NA,NA
P04,L0,L0_14k,14k,R,200,2,3.3482858059857934,2.7370488459606155,4.068273449226269,34.66272860072888,NA,NA,NA,NA,NA,NA,NA
P04,L0,L0_14k,14k,R,200,3,4.280262704918382,3.5084125095629286,5.207753428843618,29.799561240105987,NA,NA,NA,NA,NA,NA,NA
P04,L0,L0_14k,14k,R,200,4,4.753416078613774,3.9226330349429714,5.74119315230033,28.014772323076794,NA,NA,NA,NA,NA,NA,NA
P04,L0,L0_14k,14k,R,200,5,3.6823094016653357,3.0174273340879028,4.479423891641166,32.655062194703184,NA,NA,NA,NA,NA,NA,NA
P04,L0,L0_14k,14k,R,200,6,3.5664955499706936,2.9167354063838378,4.331576059185416,33.31119324750428,NA,NA,NA,NA,NA,NA,NA
P04,L0,L0_14k,14k,R,200,7,4.669297604618994,3.836750198205394,5.681874050093932,28.307949757151828,NA,NA,NA,NA,NA,NA,NA
P04,L0,L0_14k,14k,R,200,8,3.7428229277494944,3.0569618886908856,4.566498898630731,32.3274037806324,NA,NA,NA,NA,NA,NA,NA
P04,L0,L0_14k,14k,R,200,9,5.527230852112833,4.526124843953587,6.723613793240517,25.69575902246659,NA,NA,NA,NA,NA,NA,NA
P04,L0,L0_14k,14k,R,200,10,4.68518399956813,3.863540613475759,5.655760308579883,28.251851830387523,NA,NA,NA,NA,NA,NA,NA
P04,L0,L0_14k,14k,R,250,1,4.421502188556346,3.7171142117648075,5.233607247394707,29.230264216386566,NA,NA,NA,NA,NA,NA,NA
P04,L0,L0_14k,14k,R,250,2,3.035091644692282,2.489824968577798,3.6746697118080145,36.91753443849779,NA,NA,NA,NA,NA,NA,NA
P04,L0,L0_14k,14k,R,250,3,3.8889504927058187,3.202776115906087,4.704240991114093,31.575655798017507,NA,NA,NA,NA,NA,NA,NA
P04,L0,L0_14k,14k,R,250,4,4.323443833935846,3.523488022036937,5.2421648098284015,29.621878870317886,NA,NA,NA,NA,NA,NA,NA
P04,L0,L0_14k,14k,R,250,5,3.3472667256284003,2.7703107451539624,4.02545311831861,34.66942716281499,NA,NA,NA,NA,NA,NA,NA
P04,L0,L0_14k,14k,R,250,6,3.240020933409271,2.6650747502997985,3.9185816397880906,35.39633173953822,NA,NA,NA,NA,NA,NA,NA
P04,L0,L0_14k,14k,R,250,7,4.248331042835993,3.4870017384097065,5.143991338901743,29.933095729314967,NA,NA,NA,NA,NA,NA,NA
P04,L0,L0_14k,14k,R,250,8,3.404243511915932,2.7915144996449452,4.124081279688916,34.30067337284746,NA,NA,NA,NA,NA,NA,NA
P04,L0,L0_14k,14k,R,250,9,5.024613748455215,4.178730839133727,6.012904074861048,27.129962748479514,NA,NA,NA,NA,NA,NA,NA
P04,L0,L0_14k,14k,R,250,10,4.258922616680639,3.4952482616007026,5.164250712549131,29.88859809967568,NA,NA,NA,NA,NA,NA,NA
P04,L0,L0_14k,14k,R,300,1,3.4546677927798832,2.9232913685696222,4.053769475014274,33.98383595519779,NA,NA,NA,NA,NA,NA,NA
P04,L0,L0_14k,14k,R,300,2,2.3740136358643023,1.9559170112830557,2.8550805253887024,43.40312078321322,NA,NA,NA,NA,NA,NA,NA
P04,L0,L0_14k,14k,R,300,3,3.042787846746479,2.5058020720971528,3.6502028249261915,36.85699057518676,NA,NA,NA,NA,NA,NA,NA
P04,L0,L0_14k,14k,R,300,4,3.3778440417826774,2.7886066564977243,4.068234106175338,34.470083511977485,NA,NA,NA,NA,NA,NA,NA
P04,L0,L0_14k,14k,R,300,5,2.6135151082435426,2.1407947583305433,3.163100283334348,40.72207509897969,NA,NA,NA,NA,NA,NA,NA
P04,L0,L0_14k,14k,R,300,6,2.528991761996819,2.087642984064135,3.0494070290594335,41.61875327342559,NA,NA,NA,NA,NA,NA,NA
P04,L0,L0_14k,14k,R,300,7,3.3151773143247105,2.747388666082219,3.987470759626488,34.882323395115975,NA,NA,NA,NA,NA,NA,NA
P04,L0,L0_14k,14k,R,300,8,2.6572338756824117,2.20094330041614,3.1925764011148123,40.2777729345351,NA,NA,NA,NA,NA,NA,NA
P04,L0,L0_14k,14k,R,300,9,3.9292593605030888,3.2653754976469043,4.689388615577066,31.377507639704877,NA,NA,NA,NA,NA,NA,NA
P04,L0,L0_14k,14k,R,300,10,3.3251361911311803,2.7611556305964733,3.983635255994881,34.8158406840438,NA,NA,NA,NA,NA,NA,NA
P04,L0,L0_14k,14k,R,350,1,3.914855033397779,3.286188976352513,4.614934950784055,31.447877730220252,NA,NA,NA,NA,NA,NA,NA
P04,L0,L0_14k,14k,R,350,2,2.6940318489997455,2.1947419782185156,3.273654500462575,39.91362293617865,NA,NA,NA,NA,NA,NA,NA
P04,L0,L0_14k,14k,R,350,3,3.4461450397811095,2.834826920253819,4.167348294066211,34.03677784131134,NA,NA,NA,NA,NA,NA,NA
P04,L0,L0_14k,14k,R,350,4,3.8269839287917167,3.116289601491221,4.66750600674396,31.8878743941577,NA,NA,NA,NA,NA,NA,NA
P04,L0,L0_14k,14k,R,350,5,2.963407726215043,2.4470816320108417,3.582116722805212,37.49528495164821,NA,NA,NA,NA,NA,NA,NA
P04,L0,L0_14k,14k,R,350,6,2.868188928063174,2.363165341546935,3.476813019719543,38.30333971828739,NA,NA,NA,NA,NA,NA,NA
P04,L0,L0_14k,14k,R,350,7,3.7619366036261335,3.075827248595002,4.576797439863802,32.22596576269846,NA,NA,NA,NA,NA,NA,NA
P04,L0,L0_14k,14k,R,350,8,3.0087899862160166,2.4852825952178885,3.6292557260062104,37.126587937765564,NA,NA,NA,NA,NA,NA,NA
P04,L0,L0_14k,14k,R,350,9,4.44383625700906,3.6462815752169853,5.414598343365927,29.143289001029384,NA,NA,NA,NA,NA,NA,NA
P04,L0,L0_14k,14k,R,350,10,3.770482828577406,3.127523652934246,4.505451010501374,32.18092214696476,NA,NA,NA,NA,NA,NA,NA
P04,L1,L1_2k,2k,NR,50,1,1.3947897403200962,1.0016233119134665,1.952430982854309,60.8429207045719,0.4580781947279794,0.29482800108394375,0.6088323262179354,NA,NA,NA,NA
P04,L1,L1_2k,2k,NR,50,2,1.2317265589990516,0.811249800081585,1.931776257606299,65.2836196141169,0.5585133400672757,0.34399626282802165,0.7327626745843119,NA,NA,NA,NA
P04,L1,L1_2k,2k,NR,50,3,1.3842286736698308,0.9295913606953328,2.1266398760782144,61.11270211973623,0.4719090480486388,0.26706025909958375,0.6577829991554592,NA,NA,NA,NA
P04,L1,L1_2k,2k,NR,50,4,1.3805740035052754,0.9310313762951834,2.108339716633731,61.20660539944703,0.42957305422100767,0.2202103785442075,0.6186065852101691,NA,NA,NA,NA
P04,L1,L1_2k,2k,NR,50,5,1.63557212921757,1.1546613292147905,2.2852094677575487,55.27589902831826,0.5504278766770943,0.3758840056476067,0.7032671557668826,NA,NA,NA,NA
P04,L1,L1_2k,2k,NR,50,6,1.8759584523116102,1.2357046936365044,2.769899905758909,50.67333953750509,0.6001298535713699,0.4141697832674801,0.7421891211306383,NA,NA,NA,NA
P04,L1,L1_2k,2k,NR,50,7,2.3020042013467776,1.4630046353067179,3.4896267506924477,44.29985737931672,0.547118302939549,0.350909114508684,0.7013378790316419,NA,NA,NA,NA
P04,L1,L1_2k,2k,NR,50,8,1.5502928607802104,1.043075099217565,2.299396986362581,57.12656356615336,0.5559811193023446,0.3534682471032431,0.719129439074956,NA,NA,NA,NA
P04,L1,L1_2k,2k,NR,50,9,2.184626248433711,1.4483984769802387,3.208457121264099,45.86330229048163,0.4864678404587284,0.29295673540140355,0.64869945368035,NA,NA,NA,NA
P04,L1,L1_2k,2k,NR,50,10,1.9899893467784335,1.3118444597864558,2.937142036796325,48.76727573599294,0.5061249523496816,0.3143120759593106,0.6691587791796381,NA,NA,NA,NA
P04,L1,L1_2k,2k,NR,100,1,1.3947897403200962,1.0016233119134665,1.952430982854309,60.8429207045719,0.365529842223865,0.21255953024706065,0.5163187199547562,NA,NA,NA,NA
P04,L1,L1_2k,2k,NR,100,2,1.2317265589990516,0.811249800081585,1.931776257606299,65.2836196141169,0.46188706533408874,0.24834354667074168,0.6484690580653516,NA,NA,NA,NA
P04,L1,L1_2k,2k,NR,100,3,1.3842286736698308,0.9295913606953328,2.1266398760782144,61.11270211973623,0.377627265936794,0.18682647536322478,0.5644818126120584,NA,NA,NA,NA
P04,L1,L1_2k,2k,NR,100,4,1.3805740035052754,0.9310313762951834,2.108339716633731,61.20660539944703,0.33859231528438416,0.1529362207909528,0.5243170531379541,NA,NA,NA,NA
P04,L1,L1_2k,2k,NR,100,5,1.63557212921757,1.1546613292147905,2.2852094677575487,55.27589902831826,0.4551773129594327,0.2751530543270128,0.6170901226071541,NA,NA,NA,NA
P04,L1,L1_2k,2k,NR,100,6,1.8759584523116102,1.2357046936365044,2.769899905758909,50.67333953750509,0.505900902257175,0.30855923851025374,0.6643997893516773,NA,NA,NA,NA
P04,L1,L1_2k,2k,NR,100,7,2.3020042013467776,1.4630046353067179,3.4896267506924477,44.29985737931672,0.454042617225877,0.2561565270171194,0.6134445082878102,NA,NA,NA,NA
P04,L1,L1_2k,2k,NR,100,8,1.5502928607802104,1.043075099217565,2.299396986362581,57.12656356615336,0.4613717245669617,0.25459549653252606,0.6339772457275326,NA,NA,NA,NA
P04,L1,L1_2k,2k,NR,100,9,2.184626248433711,1.4483984769802387,3.208457121264099,45.86330229048163,0.39101071712283897,0.20950395397852867,0.5573508676320849,NA,NA,NA,NA
P04,L1,L1_2k,2k,NR,100,10,1.9899893467784335,1.3118444597864558,2.937142036796325,48.76727573599294,0.4131129998075562,0.2252868303759842,0.5787547541330373,NA,NA,NA,NA
P04,L1,L1_2k,2k,NR,150,1,1.3947897403200962,1.0016233119134665,1.952430982854309,60.8429207045719,0.4480931629043108,0.2763252034562199,0.593706237641369,NA,NA,NA,NA
P04,L1,L1_2k,2k,NR,150,2,1.2317265589990516,0.811249800081585,1.931776257606299,65.2836196141169,0.5483059093497876,0.31779995741352174,0.7231648279563091,NA,NA,NA,NA
P04,L1,L1_2k,2k,NR,150,3,1.3842286736698308,0.9295913606953328,2.1266398760782144,61.11270211973623,0.46035226294713055,0.24743661181512028,0.6455405657674,NA,NA,NA,NA
P04,L1,L1_2k,2k,NR,150,4,1.3805740035052754,0.9310313762951834,2.108339716633731,61.20660539944703,0.4196410637469642,0.20328182458521302,0.6074533051920862,NA,NA,NA,NA
P04,L1,L1_2k,2k,NR,150,5,1.63557212921757,1.1546613292147905,2.2852094677575487,55.27589902831826,0.5404304780956646,0.3608775981671444,0.6905316970992205,NA,NA,NA,NA
P04,L1,L1_2k,2k,NR,150,6,1.8759584523116102,1.2357046936365044,2.769899905758909,50.67333953750509,0.59063561465282,0.3954306742448893,0.7346652367534209,NA,NA,NA,NA
P04,L1,L1_2k,2k,NR,150,7,2.3020042013467776,1.4630046353067179,3.4896267506924477,44.29985737931672,0.5393644795869945,0.33127323016877785,0.6895796570474227,NA,NA,NA,NA
P04,L1,L1_2k,2k,NR,150,8,1.5502928607802104,1.043075099217565,2.299396986362581,57.12656356615336,0.5463192537227557,0.33444978381753554,0.7056437920442709,NA,NA,NA,NA
P04,L1,L1_2k,2k,NR,150,9,2.184626248433711,1.4483984769802387,3.208457121264099,45.86330229048163,0.4750908547634689,0.2815700535039597,0.6333647781197093,NA,NA,NA,NA
P04,L1,L1_2k,2k,NR,150,10,1.9899893467784335,1.3118444597864558,2.937142036796325,48.76727573599294,0.49780617035187014,0.297429619894376,0.6518890112095348,NA,NA,NA,NA
P04,L1,L1_2k,2k,NR,200,1,1.3947897403200962,1.0016233119134665,1.952430982854309,60.8429207045719,0.34650926805935256,0.18535007103845225,0.4948624824073222,NA,NA,NA,NA
P04,L1,L1_2k,2k,NR,200,2,1.2317265589990516,0.811249800081585,1.931776257606299,65.2836196141169,0.4416226435693803,0.2208135594539332,0.6298838196320102,NA,NA,NA,NA
P04,L1,L1_2k,2k,NR,200,3,1.3842286736698308,0.9295913606953328,2.1266398760782144,61.11270211973623,0.3593479111338953,0.15890588790892532,0.5470802959322348,NA,NA,NA,NA
P04,L1,L1_2k,2k,NR,200,4,1.3805740035052754,0.9310313762951834,2.108339716633731,61.20660539944703,0.31980288141594043,0.1363532128873775,0.5104582881287361,NA,NA,NA,NA
P04,L1,L1_2k,2k,NR,200,5,1.63557212921757,1.1546613292147905,2.2852094677575487,55.27589902831826,0.43540938373153654,0.24763204931096794,0.5943047184857131,NA,NA,NA,NA
P04,L1,L1_2k,2k,NR,200,6,1.8759584523116102,1.2357046936365044,2.769899905758909,50.67333953750509,0.4860739201964595,0.28223985592187084,0.6408447242202533,NA,NA,NA,NA
P04,L1,L1_2k,2k,NR,200,7,2.3020042013467776,1.4630046353067179,3.4896267506924477,44.29985737931672,0.4335228510246607,0.23158398724177182,0.5955648210502442,NA,NA,NA,NA
P04,L1,L1_2k,2k,NR,200,8,1.5502928607802104,1.043075099217565,2.299396986362581,57.12656356615336,0.440649825185904,0.22865727279013603,0.614587876784697,NA,NA,NA,NA
P04,L1,L1_2k,2k,NR,200,9,2.184626248433711,1.4483984769802387,3.208457121264099,45.86330229048163,0.3718193535762774,0.19218962485750854,0.5295659628679263,NA,NA,NA,NA
P04,L1,L1_2k,2k,NR,200,10,1.9899893467784335,1.3118444597864558,2.937142036796325,48.76727573599294,0.39383962935050926,0.20240831035102416,0.5559754914121563,NA,NA,NA,NA
P04,L1,L1_2k,2k,NR,250,1,1.3947897403200962,1.0016233119134665,1.952430982854309,60.8429207045719,0.37016449620549996,0.1983081446949545,0.528558269903456,NA,NA,NA,NA
P04,L1,L1_2k,2k,NR,250,2,1.2317265589990516,0.811249800081585,1.931776257606299,65.2836196141169,0.46451689920056377,0.23691873546155454,0.6649880449450297,NA,NA,NA,NA
P04,L1,L1_2k,2k,NR,250,3,1.3842286736698308,0.9295913606953328,2.1266398760782144,61.11270211973623,0.3835647822145132,0.1695894817713455,0.5785908967820217,NA,NA,NA,NA
P04,L1,L1_2k,2k,NR,250,4,1.3805740035052754,0.9310313762951834,2.108339716633731,61.20660539944703,0.3399922099625571,0.14322807503017998,0.5394693035413202,NA,NA,NA,NA
P04,L1,L1_2k,2k,NR,250,5,1.63557212921757,1.1546613292147905,2.2852094677575487,55.27589902831826,0.4583896908191213,0.2646375273612719,0.6253518783511105,NA,NA,NA,NA
P04,L1,L1_2k,2k,NR,250,6,1.8759584523116102,1.2357046936365044,2.769899905758909,50.67333953750509,0.5092386746342852,0.29988689489015624,0.6731486532050248,NA,NA,NA,NA
P04,L1,L1_2k,2k,NR,250,7,2.3020042013467776,1.4630046353067179,3.4896267506924477,44.29985737931672,0.4573343417948389,0.2441539566980995,0.6252777955128583,NA,NA,NA,NA
P04,L1,L1_2k,2k,NR,250,8,1.5502928607802104,1.043075099217565,2.299396986362581,57.12656356615336,0.46473863015684275,0.24022569472154154,0.6459282080170097,NA,NA,NA,NA
P04,L1,L1_2k,2k,NR,250,9,2.184626248433711,1.4483984769802387,3.208457121264099,45.86330229048163,0.39488351237453423,0.19765551908390203,0.56581286979831,NA,NA,NA,NA
P04,L1,L1_2k,2k,NR,250,10,1.9899893467784335,1.3118444597864558,2.937142036796325,48.76727573599294,0.41727197989844794,0.21288456016010326,0.5886800939052352,NA,NA,NA,NA
P04,L1,L1_2k,2k,NR,300,1,1.3947897403200962,1.0016233119134665,1.952430982854309,60.8429207045719,0.149144871797539,0.023087620048681652,0.30183038768268755,NA,NA,NA,NA
P04,L1,L1_2k,2k,NR,300,2,1.2317265589990516,0.811249800081585,1.931776257606299,65.2836196141169,0.2060601536480295,0.02906114294297713,0.4286396568160663,NA,NA,NA,NA
P04,L1,L1_2k,2k,NR,300,3,1.3842286736698308,0.9295913606953328,2.1266398760782144,61.11270211973623,0.15586681662272184,0.01996343103320687,0.34451841931835836,NA,NA,NA,NA
P04,L1,L1_2k,2k,NR,300,4,1.3805740035052754,0.9310313762951834,2.108339716633731,61.20660539944703,0.13384584566952568,0.016063792173030177,0.3096874736378309,NA,NA,NA,NA
P04,L1,L1_2k,2k,NR,300,5,1.63557212921757,1.1546613292147905,2.2852094677575487,55.27589902831826,0.19977369023206293,0.035743050438601605,0.3773138092356766,NA,NA,NA,NA
P04,L1,L1_2k,2k,NR,300,6,1.8759584523116102,1.2357046936365044,2.769899905758909,50.67333953750509,0.23844430916537185,0.0384459402025469,0.43133380413937816,NA,NA,NA,NA
P04,L1,L1_2k,2k,NR,300,7,2.3020042013467776,1.4630046353067179,3.4896267506924477,44.29985737931672,0.20213310487574232,0.028805052718279982,0.3892048015587752,NA,NA,NA,NA
P04,L1,L1_2k,2k,NR,300,8,1.5502928607802104,1.043075099217565,2.299396986362581,57.12656356615336,0.20483966785921798,0.03045602339830373,0.4104964355891834,NA,NA,NA,NA
P04,L1,L1_2k,2k,NR,300,9,2.184626248433711,1.4483984769802387,3.208457121264099,45.86330229048163,0.16309901477098515,0.023782610968431168,0.3295154560073714,NA,NA,NA,NA
P04,L1,L1_2k,2k,NR,300,10,1.9899893467784335,1.3118444597864558,2.937142036796325,48.76727573599294,0.17739319432321965,0.025406198413374666,0.35078039828322916,NA,NA,NA,NA
P04,L1,L1_2k,2k,NR,350,1,1.3947897403200962,1.0016233119134665,1.952430982854309,60.8429207045719,0.1688651837329317,0.03717629225195455,0.3067750698312145,NA,NA,NA,NA
P04,L1,L1_2k,2k,NR,350,2,1.2317265589990516,0.811249800081585,1.931776257606299,65.2836196141169,0.2318152118890916,0.04746638969239793,0.43851527643349947,NA,NA,NA,NA
P04,L1,L1_2k,2k,NR,350,3,1.3842286736698308,0.9295913606953328,2.1266398760782144,61.11270211973623,0.1761478823164604,0.03270072552846988,0.3561912968054371,NA,NA,NA,NA
P04,L1,L1_2k,2k,NR,350,4,1.3805740035052754,0.9310313762951834,2.108339716633731,61.20660539944703,0.15187278204589244,0.02693926670168561,0.3212103146164213,NA,NA,NA,NA
P04,L1,L1_2k,2k,NR,350,5,1.63557212921757,1.1546613292147905,2.2852094677575487,55.27589902831826,0.22612180363488008,0.05699656148740266,0.3980479668466434,NA,NA,NA,NA
P04,L1,L1_2k,2k,NR,350,6,1.8759584523116102,1.2357046936365044,2.769899905758909,50.67333953750509,0.2645306873114817,0.06300010326539703,0.43982700480915027,NA,NA,NA,NA
P04,L1,L1_2k,2k,NR,350,7,2.3020042013467776,1.4630046353067179,3.4896267506924477,44.29985737931672,0.22711716431430679,0.047393777085965,0.39997638449939044,NA,NA,NA,NA
P04,L1,L1_2k,2k,NR,350,8,1.5502928607802104,1.043075099217565,2.299396986362581,57.12656356615336,0.23254388862147068,0.049072714427160845,0.41776881535142774,NA,NA,NA,NA
P04,L1,L1_2k,2k,NR,350,9,2.184626248433711,1.4483984769802387,3.208457121264099,45.86330229048163,0.18564143459264648,0.03861303614796777,0.3357271540914027,NA,NA,NA,NA
P04,L1,L1_2k,2k,NR,350,10,1.9899893467784335,1.3118444597864558,2.937142036796325,48.76727573599294,0.19939727542226646,0.0410130304968084,0.3582918797012942,NA,NA,NA,NA
P04,L1,L1_2k,2k,R,50,1,8.204511206931164,6.871194273107694,9.849781527625039,20.684200925118596,0.14328390184705087,0.0949931357308662,0.20507053473874737,NA,NA,NA,NA
P04,L1,L1_2k,2k,R,50,2,7.273850182955714,5.675364994486272,9.449702820178176,22.07451467827543,0.1989952790209993,0.11940683175052921,0.302673279079208,NA,NA,NA,NA
P04,L1,L1_2k,2k,R,50,3,8.17936532152424,6.575402354224697,10.244068263945811,20.718346275857684,0.14905429826232974,0.0856436812434146,0.23801867269913554,NA,NA,NA,NA
P04,L1,L1_2k,2k,R,50,4,8.158606897383986,6.645003653212597,10.115381602300642,20.74666278508758,0.12791062297939815,0.07047821547722688,0.20608165389096345,NA,NA,NA,NA
P04,L1,L1_2k,2k,R,50,5,9.630771531949154,7.378145143056387,12.522987153517748,18.988129660038574,0.19537729978755075,0.1167729683875865,0.3015144877172476,NA,NA,NA,NA
P04,L1,L1_2k,2k,R,50,6,10.983159443752921,8.737854276719242,13.796954591205813,17.714660899715145,0.2283753887454592,0.14691304132131172,0.33201942736851764,NA,NA,NA,NA
P04,L1,L1_2k,2k,R,50,7,13.489545392305683,10.842166947239008,16.850305671963724,15.90801689212566,0.19183529891315576,0.1233971919231904,0.278351140615656,NA,NA,NA,NA
P04,L1,L1_2k,2k,R,50,8,9.105471891617952,7.28903925135301,11.363404488247236,19.56286894241073,0.19758693497097035,0.1222043156055922,0.29362498507046003,NA,NA,NA,NA
P04,L1,L1_2k,2k,R,50,9,12.810247608383957,10.177667025480126,16.124752587819042,16.342339686748318,0.1568280350483457,0.09424305759936095,0.23773027278849057,NA,NA,NA,NA
P04,L1,L1_2k,2k,R,50,10,11.628188520509248,9.323942430074215,14.481135042610457,17.1914469996438,0.16804584892662278,0.10418978548844966,0.25402794275626495,NA,NA,NA,NA
P04,L1,L1_2k,2k,R,100,1,8.204511206931164,6.871194273107694,9.849781527625039,20.684200925118596,0.10551927793030927,0.06838624517826868,0.1558537409952641,NA,NA,NA,NA
P04,L1,L1_2k,2k,R,100,2,7.273850182955714,5.675364994486272,9.449702820178176,22.07451467827543,0.14878224921499944,0.08602661143594503,0.23715339397395396,NA,NA,NA,NA
P04,L1,L1_2k,2k,R,100,3,8.17936532152424,6.575402354224697,10.244068263945811,20.718346275857684,0.11012985110084486,0.061228177819250613,0.1805153282401684,NA,NA,NA,NA
P04,L1,L1_2k,2k,R,100,4,8.158606897383986,6.645003653212597,10.115381602300642,20.74666278508758,0.09421063013850639,0.05050016363194577,0.15773132204856521,NA,NA,NA,NA
P04,L1,L1_2k,2k,R,100,5,9.630771531949154,7.378145143056387,12.522987153517748,18.988129660038574,0.14607326584674118,0.08611633627602917,0.23333730060864485,NA,NA,NA,NA
P04,L1,L1_2k,2k,R,100,6,10.983159443752921,8.737854276719242,13.796954591205813,17.714660899715145,0.17306667853094332,0.10875274756435763,0.25902078116229627,NA,NA,NA,NA
P04,L1,L1_2k,2k,R,100,7,13.489545392305683,10.842166947239008,16.850305671963724,15.90801689212566,0.14394081732023956,0.08976050450760592,0.21796560063552137,NA,NA,NA,NA
P04,L1,L1_2k,2k,R,100,8,9.105471891617952,7.28903925135301,11.363404488247236,19.56286894241073,0.1481492826811081,0.08869733886630893,0.2301617509389033,NA,NA,NA,NA
P04,L1,L1_2k,2k,R,100,9,12.810247608383957,10.177667025480126,16.124752587819042,16.342339686748318,0.11578691983965037,0.06893217296547598,0.18264232422693708,NA,NA,NA,NA
P04,L1,L1_2k,2k,R,100,10,11.628188520509248,9.323942430074215,14.481135042610457,17.1914469996438,0.12491942897622732,0.0750981834674641,0.1951574422138628,NA,NA,NA,NA
P04,L1,L1_2k,2k,R,150,1,8.204511206931164,6.871194273107694,9.849781527625039,20.684200925118596,0.04451686742507005,0.02174062798595211,0.08087309720089327,NA,NA,NA,NA
P04,L1,L1_2k,2k,R,150,2,7.273850182955714,5.675364994486272,9.449702820178176,22.07451467827543,0.06425895301055529,0.028263633307455762,0.12979859364882282,NA,NA,NA,NA
P04,L1,L1_2k,2k,R,150,3,8.17936532152424,6.575402354224697,10.244068263945811,20.718346275857684,0.046386482836202586,0.020003098594365876,0.09283114915856742,NA,NA,NA,NA
P04,L1,L1_2k,2k,R,150,4,8.158606897383986,6.645003653212597,10.115381602300642,20.74666278508758,0.03924899431146521,0.016555953550783906,0.08120532320036265,NA,NA,NA,NA
P04,L1,L1_2k,2k,R,150,5,9.630771531949154,7.378145143056387,12.522987153517748,18.988129660038574,0.06361824925594856,0.028794030685946638,0.12340385143201808,NA,NA,NA,NA
P04,L1,L1_2k,2k,R,150,6,10.983159443752921,8.737854276719242,13.796954591205813,17.714660899715145,0.07622592524239272,0.03660496391758765,0.13821220342820068,NA,NA,NA,NA
P04,L1,L1_2k,2k,R,150,7,13.489545392305683,10.842166947239008,16.850305671963724,15.90801689212566,0.06213354541793102,0.029576683274144557,0.11514879213178714,NA,NA,NA,NA
P04,L1,L1_2k,2k,R,150,8,9.105471891617952,7.28903925135301,11.363404488247236,19.56286894241073,0.06445761657571962,0.03020420013127964,0.1204309131194732,NA,NA,NA,NA
P04,L1,L1_2k,2k,R,150,9,12.810247608383957,10.177667025480126,16.124752587819042,16.342339686748318,0.04906467391559023,0.02271880499746615,0.09291474827372875,NA,NA,NA,NA
P04,L1,L1_2k,2k,R,150,10,11.628188520509248,9.323942430074215,14.481135042610457,17.1914469996438,0.05327625628715868,0.024572785432568068,0.10262674944552519,NA,NA,NA,NA
P04,L1,L1_2k,2k,R,200,1,8.204511206931164,6.871194273107694,9.849781527625039,20.684200925118596,0.06745601585936997,0.03890483901337132,0.11105645498513438,NA,NA,NA,NA
P04,L1,L1_2k,2k,R,200,2,7.273850182955714,5.675364994486272,9.449702820178176,22.07451467827543,0.09683897845526815,0.05086936595941492,0.1686467695227338,NA,NA,NA,NA
P04,L1,L1_2k,2k,R,200,3,8.17936532152424,6.575402354224697,10.244068263945811,20.718346275857684,0.07060360384060106,0.0351297010464603,0.1272979979160678,NA,NA,NA,NA
P04,L1,L1_2k,2k,R,200,4,8.158606897383986,6.645003653212597,10.115381602300642,20.74666278508758,0.05957423148623096,0.02868410804027766,0.11022475291797497,NA,NA,NA,NA
P04,L1,L1_2k,2k,R,200,5,9.630771531949154,7.378145143056387,12.522987153517748,18.988129660038574,0.0955357388580903,0.04863578728626898,0.1674346105798927,NA,NA,NA,NA
P04,L1,L1_2k,2k,R,200,6,10.983159443752921,8.737854276719242,13.796954591205813,17.714660899715145,0.1134721958470478,0.06399437283515752,0.18859243839481754,NA,NA,NA,NA
P04,L1,L1_2k,2k,R,200,7,13.489545392305683,10.842166947239008,16.850305671963724,15.90801689212566,0.0932191583854787,0.051253055109237666,0.15792710081186906,NA,NA,NA,NA
P04,L1,L1_2k,2k,R,200,8,9.105471891617952,7.28903925135301,11.363404488247236,19.56286894241073,0.095961475556199,0.05169141337731638,0.16505784008456406,NA,NA,NA,NA
P04,L1,L1_2k,2k,R,200,9,12.810247608383957,10.177667025480126,16.124752587819042,16.342339686748318,0.0742345500945045,0.038890430629430865,0.12960379013371318,NA,NA,NA,NA
P04,L1,L1_2k,2k,R,200,10,11.628188520509248,9.323942430074215,14.481135042610457,17.1914469996438,0.08009714960175258,0.043337743392976316,0.13746650601345115,NA,NA,NA,NA
P04,L1,L1_2k,2k,R,250,1,8.204511206931164,6.871194273107694,9.849781527625039,20.684200925118596,0.07951807949809189,0.048153635525983333,0.12258269990992063,NA,NA,NA,NA
P04,L1,L1_2k,2k,R,250,2,7.273850182955714,5.675364994486272,9.449702820178176,22.07451467827543,0.11426729360407595,0.061445057174490725,0.18929523593524372,NA,NA,NA,NA
P04,L1,L1_2k,2k,R,250,3,8.17936532152424,6.575402354224697,10.244068263945811,20.718346275857684,0.08297089890349238,0.04460349226179769,0.14218659386122068,NA,NA,NA,NA
P04,L1,L1_2k,2k,R,250,4,8.158606897383986,6.645003653212597,10.115381602300642,20.74666278508758,0.0702362413314014,0.03558187957218485,0.12507004021515794,NA,NA,NA,NA
P04,L1,L1_2k,2k,R,250,5,9.630771531949154,7.378145143056387,12.522987153517748,18.988129660038574,0.11148974450895258,0.060978745840093745,0.18633763946880602,NA,NA,NA,NA
P04,L1,L1_2k,2k,R,250,6,10.983159443752921,8.737854276719242,13.796954591205813,17.714660899715145,0.13238549035734717,0.07853623893848369,0.20950360622798644,NA,NA,NA,NA
P04,L1,L1_2k,2k,R,250,7,13.489545392305683,10.842166947239008,16.850305671963724,15.90801689212566,0.10971290553182554,0.06470676953799824,0.17309659882796577,NA,NA,NA,NA
P04,L1,L1_2k,2k,R,250,8,9.105471891617952,7.28903925135301,11.363404488247236,19.56286894241073,0.11276961243417949,0.06419597944571129,0.18636469371796188,NA,NA,NA,NA
P04,L1,L1_2k,2k,R,250,9,12.810247608383957,10.177667025480126,16.124752587819042,16.342339686748318,0.08751238194537653,0.049278697304313106,0.14363315389323403,NA,NA,NA,NA
P04,L1,L1_2k,2k,R,250,10,11.628188520509248,9.323942430074215,14.481135042610457,17.1914469996438,0.09485049997216516,0.05313023976499053,0.1568459340062564,NA,NA,NA,NA
P04,L1,L1_2k,2k,R,300,1,8.204511206931164,6.871194273107694,9.849781527625039,20.684200925118596,0.12516570410927294,0.08248622955483371,0.1813180626635414,NA,NA,NA,NA
P04,L1,L1_2k,2k,R,300,2,7.273850182955714,5.675364994486272,9.449702820178176,22.07451467827543,0.17571959206454,0.10351140161656233,0.27072451561874217,NA,NA,NA,NA
P04,L1,L1_2k,2k,R,300,3,8.17936532152424,6.575402354224697,10.244068263945811,20.718346275857684,0.1305899598354562,0.07366559864052927,0.20947569201568772,NA,NA,NA,NA
P04,L1,L1_2k,2k,R,300,4,8.158606897383986,6.645003653212597,10.115381602300642,20.74666278508758,0.11191594271476335,0.06088888734059041,0.18389377500354334,NA,NA,NA,NA
P04,L1,L1_2k,2k,R,300,5,9.630771531949154,7.378145143056387,12.522987153517748,18.988129660038574,0.17265459083063317,0.1039219162305699,0.26800368381560097,NA,NA,NA,NA
P04,L1,L1_2k,2k,R,300,6,10.983159443752921,8.737854276719242,13.796954591205813,17.714660899715145,0.2024375088095654,0.12967480746012441,0.29634356947815604,NA,NA,NA,NA
P04,L1,L1_2k,2k,R,300,7,13.489545392305683,10.842166947239008,16.850305671963724,15.90801689212566,0.1698451619956402,0.10820694521789485,0.24934052737971465,NA,NA,NA,NA
P04,L1,L1_2k,2k,R,300,8,9.105471891617952,7.28903925135301,11.363404488247236,19.56286894241073,0.17449035416862946,0.10630435782978623,0.26222251576160316,NA,NA,NA,NA
P04,L1,L1_2k,2k,R,300,9,12.810247608383957,10.177667025480126,16.124752587819042,16.342339686748318,0.13678070808929133,0.08268353151287407,0.21161987095723467,NA,NA,NA,NA
P04,L1,L1_2k,2k,R,300,10,11.628188520509248,9.323942430074215,14.481135042610457,17.1914469996438,0.14772530633463804,0.09072154611512001,0.22542764834144302,NA,NA,NA,NA
P04,L1,L1_2k,2k,R,350,1,8.204511206931164,6.871194273107694,9.849781527625039,20.684200925118596,0.10713079427561659,0.06654500436557653,0.1624022400547111,NA,NA,NA,NA
P04,L1,L1_2k,2k,R,350,2,7.273850182955714,5.675364994486272,9.449702820178176,22.07451467827543,0.15095035325147566,0.08393138175271021,0.2459845147390961,NA,NA,NA,NA
P04,L1,L1_2k,2k,R,350,3,8.17936532152424,6.575402354224697,10.244068263945811,20.718346275857684,0.1119479961368019,0.060645548886155407,0.18565132276323412,NA,NA,NA,NA
P04,L1,L1_2k,2k,R,350,4,8.158606897383986,6.645003653212597,10.115381602300642,20.74666278508758,0.09522667555811498,0.05194061411523899,0.16032851352090918,NA,NA,NA,NA
P04,L1,L1_2k,2k,R,350,5,9.630771531949154,7.378145143056387,12.522987153517748,18.988129660038574,0.14795730630389614,0.08491387575500045,0.24161926735927433,NA,NA,NA,NA
P04,L1,L1_2k,2k,R,350,6,10.983159443752921,8.737854276719242,13.796954591205813,17.714660899715145,0.1752276193875554,0.1062464214782592,0.2682225955864738,NA,NA,NA,NA
P04,L1,L1_2k,2k,R,350,7,13.489545392305683,10.842166947239008,16.850305671963724,15.90801689212566,0.14547090968723497,0.08914241173515403,0.22365587108127666,NA,NA,NA,NA
P04,L1,L1_2k,2k,R,350,8,9.105471891617952,7.28903925135301,11.363404488247236,19.56286894241073,0.14987635875550462,0.08748627735312654,0.2354564232104206,NA,NA,NA,NA
P04,L1,L1_2k,2k,R,350,9,12.810247608383957,10.177667025480126,16.124752587819042,16.342339686748318,0.11712083141793703,0.06744746991169052,0.1895791971311171,NA,NA,NA,NA
P04,L1,L1_2k,2k,R,350,10,11.628188520509248,9.323942430074215,14.481135042610457,17.1914469996438,0.12676429627489472,0.07533472652259816,0.19845295091257006,NA,NA,NA,NA
P04,L1,L1_14k,14k,NR,50,1,3.022006456464135,1.2838745959966809,6.68890512482341,37.021122011218594,0.6103292418882577,0.38355583224728407,0.7428817571564322,NA,NA,NA,NA
P04,L1,L1_14k,14k,NR,50,2,2.5266562579913456,1.052431725091698,5.950132138369732,41.644262410653766,0.714106824306518,0.47838771953755993,0.835509618566221,NA,NA,NA,NA
P04,L1,L1_14k,14k,NR,50,3,2.804518073708156,1.201337518311242,6.285240896254907,38.87129171587131,0.6287390777488022,0.40141018193325007,0.7756587124926155,NA,NA,NA,NA
P04,L1,L1_14k,14k,NR,50,4,2.776629005670898,1.142871723665252,6.43822487441526,39.127420669887655,0.6036329445237366,0.35169930209201933,0.7528834236754097,NA,NA,NA,NA
P04,L1,L1_14k,14k,NR,50,5,2.771799496540563,1.174914290361717,6.16596959329114,39.17224205357366,0.6449444584716006,0.41382298666077194,0.7870166281304687,NA,NA,NA,NA
P04,L1,L1_14k,14k,NR,50,6,3.503085366314238,1.41242969287022,8.032146428121374,33.687660405388336,0.7029488291172123,0.47915345807498577,0.8237339863763515,NA,NA,NA,NA
P04,L1,L1_14k,14k,NR,50,7,4.481393378544526,1.8913806627089282,10.113061129495442,28.998821881504988,0.6720771195469104,0.44978407361566747,0.8002495634482031,NA,NA,NA,NA
P04,L1,L1_14k,14k,NR,50,8,2.8456045483756025,1.2103401958092737,6.47772937713555,38.50217529728073,0.6885041242901598,0.4615615434658126,0.8181103187483276,NA,NA,NA,NA
P04,L1,L1_14k,14k,NR,50,9,4.1058772384377775,1.674192086504793,9.549929643087536,30.55218666948961,0.6122617775620878,0.36627362427741755,0.7586246417459507,NA,NA,NA,NA
P04,L1,L1_14k,14k,NR,50,10,3.8472503509734906,1.6802575072243917,8.653700693212897,31.78472634166468,0.6322737078467322,0.40240172530564416,0.7784347816453265,NA,NA,NA,NA
P04,L1,L1_14k,14k,NR,100,1,1.9780797779104233,1.1888131949215175,3.089085469474304,48.958836701407094,0.44238132604905667,0.26023838264229177,0.5898885503390495,NA,NA,NA,NA
P04,L1,L1_14k,14k,NR,100,2,1.6643419831755493,0.9275034051800066,2.7447765519530343,54.678996782129,0.5576813504146152,0.3401307675425663,0.7187287376941458,NA,NA,NA,NA
P04,L1,L1_14k,14k,NR,100,3,1.8412075577901326,1.0523205131952695,2.998580033898883,51.28748165401408,0.4644103251546552,0.2656682453375595,0.6287138400794736,NA,NA,NA,NA
P04,L1,L1_14k,14k,NR,100,4,1.822253224420379,1.0301065515156334,2.972757384302811,51.629341729528306,0.43510726841704694,0.24203850160623938,0.6012432173604013,NA,NA,NA,NA
P04,L1,L1_14k,14k,NR,100,5,1.815397262619622,1.0724848248869248,2.8673172894087857,51.75421476621885,0.47908963336923044,0.2866955845928204,0.6485621345626971,NA,NA,NA,NA
P04,L1,L1_14k,14k,NR,100,6,2.298248113712793,1.320376406469819,3.733244455112923,44.34789116880466,0.5442954389185497,0.3389364405489166,0.6989879788279669,NA,NA,NA,NA
P04,L1,L1_14k,14k,NR,100,7,2.9595195398124097,1.653209658201533,4.749138542993267,37.52735401479648,0.5099014166572036,0.314813185288159,0.6592265390778227,NA,NA,NA,NA
P04,L1,L1_14k,14k,NR,100,8,1.8743549060027194,1.0337045834511425,3.1406399309187827,50.701324580396566,0.5289280462779463,0.31166819044026195,0.6921484883053254,NA,NA,NA,NA
P04,L1,L1_14k,14k,NR,100,9,2.7024117509187384,1.5478777273382918,4.373608431916494,39.83191853902145,0.44202255248265304,0.2567587206794302,0.60525135948305675,NA,NA,NA,NA
P04,L1,L1_14k,14k,NR,100,10,2.5307282801458166,1.483258490272536,4.074980768526282,41.599812611340695,0.46720505803427226,0.27514712459987956,0.6294445786724192,NA,NA,NA,NA
P04,L1,L1_14k,14k,NR,150,1,4.1406391103554485,2.1265901287952964,7.358823121225216,30.39747426471801,0.6280948192456632,0.4958866812121816,0.7412378765714067,NA,NA,NA,NA
P04,L1,L1_14k,14k,NR,150,2,3.4710068779117593,1.752089755883257,6.485430118734717,33.88302197278066,0.7290775416211994,0.5874123990827218,0.8333986902833014,NA,NA,NA,NA
P04,L1,L1_14k,14k,NR,150,3,3.854591233551254,1.9068775937078688,7.158486224026751,31.74761469757811,0.6496423734877572,0.49535420760968185,0.7709589948166777,NA,NA,NA,NA
P04,L1,L1_14k,14k,NR,150,4,3.7892310380468412,1.8904749383361452,7.039636185100407,32.082775367966384,0.6219632631390559,0.459892087291197,0.7482881610420512,NA,NA,NA,NA
P04,L1,L1_14k,14k,NR,150,5,3.8016651007405295,1.9275335694256854,6.97560582014004,32.018183528502185,0.6633909673833027,0.5107518007214399,0.7854056132447442,NA,NA,NA,NA
P04,L1,L1_14k,14k,NR,150,6,4.7979234535412525,2.46358835757663,8.900480403520554,27.863410667515204,0.7175556467894887,0.5829516041727101,0.8208427920183996,NA,NA,NA,NA
P04,L1,L1_14k,14k,NR,150,7,6.157230981175447,3.130059037072988,11.212443422576836,24.189459112637163,0.68951955280831,0.5511297291458386,0.7961647251556279,NA,NA,NA,NA
P04,L1,L1_14k,14k,NR,150,8,3.8932116177411618,1.9808574890238804,7.386856970316212,31.554527924574998,0.7053191387500246,0.551032147354,0.81765661623754,NA,NA,NA,NA
P04,L1,L1_14k,14k,NR,150,9,5.64281578193495,2.844687031616085,10.377233426198483,25.397754325166584,0.6287459560936075,0.4798823186116274,0.7498562472163015,NA,NA,NA,NA
P04,L1,L1_14k,14k,NR,150,10,5.330520325255947,2.6615235933798087,9.761351726540223,26.228710201140114,0.6524313286740815,0.5034872196927596,0.7684530185393539,NA,NA,NA,NA
P04,L1,L1_14k,14k,NR,200,1,2.915748030708065,1.6877627835499993,4.879408836556477,37.89374629490976,0.49978651432061555,0.3411011908363792,0.6331634912472263,NA,NA,NA,NA
P04,L1,L1_14k,14k,NR,200,2,2.4381507746771063,1.3404188886967003,4.4378081558185265,42.641507153532295,0.614512951626897,0.4250101660641506,0.7519499050640833,NA,NA,NA,NA
P04,L1,L1_14k,14k,NR,200,3,2.729600957950642,1.4613169422299541,4.818987505461328,39.56988058930405,0.5241873975706619,0.3430162090385695,0.6704539191574298,NA,NA,NA,NA
P04,L1,L1_14k,14k,NR,200,4,2.7028309263838866,1.4866704038197278,4.635595639001248,39.82784331374417,0.49297061854639096,0.31849808836375193,0.6415142763557952,NA,NA,NA,NA
P04,L1,L1_14k,14k,NR,200,5,2.6863369535430417,1.4608598109252062,4.682743800264265,39.98904453990736,0.5392538383888772,0.35581674694599524,0.6891941647680129,NA,NA,NA,NA
P04,L1,L1_14k,14k,NR,200,6,3.41078943663136,1.9052018624527354,5.850285304594581,34.25904696034255,0.6018063314647699,0.43218597398562886,0.7278111283866034,NA,NA,NA,NA
P04,L1,L1_14k,14k,NR,200,7,4.375276905564828,2.387443391387012,7.523651227439654,29.41286397500055,0.5682225937798833,0.3954618198574973,0.6973102551415719,NA,NA,NA,NA
P04,L1,L1_14k,14k,NR,200,8,2.768881578041356,1.533399466717647,4.7497104840078475,39.19939010768506,0.5851206614661997,0.4083386943461,0.7285402296802376,NA,NA,NA,NA
P04,L1,L1_14k,14k,NR,200,9,4.011136148593015,2.211175912154107,6.827992805856589,30.98648386701558,0.5009322826689875,0.33723435305384036,0.6396871737313153,NA,NA,NA,NA
P04,L1,L1_14k,14k,NR,200,10,3.753662262130897,2.0764627138647547,6.377130500246966,32.26975956040754,0.5261509219020599,0.35728946651198,0.6620084220740317,NA,NA,NA,NA
P04,L1,L1_14k,14k,NR,250,1,2.26920677038711,0.9233168895577865,4.688782774024785,44.72362423808292,0.4869293143700122,0.1232582285441937,0.6519357655672231,NA,NA,NA,NA
P04,L1,L1_14k,14k,NR,250,2,1.909435482423175,0.7685632648753243,4.089651531826312,50.09676116348784,0.6010590667288629,0.1801348087648451,0.7664502744148463,NA,NA,NA,NA
P04,L1,L1_14k,14k,NR,250,3,2.1307562635582284,0.8074449454899021,4.600052053011024,46.62617608947594,0.5127754893885172,0.11919904109937511,0.6948385439455933,NA,NA,NA,NA
P04,L1,L1_14k,14k,NR,250,4,2.092200866512891,0.806327395351563,4.526733984292334,47.19079651039169,0.48146532398507536,0.11656231913164777,0.6649662036464887,NA,NA,NA,NA
P04,L1,L1_14k,14k,NR,250,5,2.0906237427002923,0.8058500661989977,4.449869488921478,47.21423256009036,0.5259181020876981,0.1325288578151063,0.707584017028156,NA,NA,NA,NA
P04,L1,L1_14k,14k,NR,250,6,2.6568234440220015,1.0252874743881237,5.673348560477703,40.28188450469448,0.5874330024100116,0.17306242920788095,0.7515368198174126,NA,NA,NA,NA
P04,L1,L1_14k,14k,NR,250,7,3.4247120330262857,1.2557811313072869,7.3063821532809765,34.17100699452084,0.5579147398505191,0.14258316984461028,0.7209354843080947,NA,NA,NA,NA
P04,L1,L1_14k,14k,NR,250,8,2.1474622868830435,0.8403291669518096,4.751988682775642,46.386403738904875,0.5739635854358114,0.1575516274823262,0.7472323344484488,NA,NA,NA,NA
P04,L1,L1_14k,14k,NR,250,9,3.1234532180486556,1.1790681189307692,6.799269179983106,36.23897722017328,0.4886801571136996,0.11512972064232266,0.6656504066313756,NA,NA,NA,NA
P04,L1,L1_14k,14k,NR,250,10,2.9230222256590572,1.1125083872106367,6.275962032338712,37.832165480942656,0.5140231449202544,0.12703120079169292,0.6897721098194242,NA,NA,NA,NA
P04,L1,L1_14k,14k,NR,300,1,2.2971239660116924,1.3755072764166234,3.6473750610253317,44.36229187350353,0.28331093217110564,0.09955891910773551,0.42819813379003885,NA,NA,NA,NA
P04,L1,L1_14k,14k,NR,300,2,1.9331890705942367,1.0645150542546025,3.3633563808716564,49.69636497833983,0.38762503739568666,0.13145465359942057,0.5727994803966358,NA,NA,NA,NA
P04,L1,L1_14k,14k,NR,300,3,2.138219525291798,1.1987749260633507,3.6324669497854156,46.51870050717906,0.3019369800568399,0.10008091723490536,0.4707703197894601,NA,NA,NA,NA
P04,L1,L1_14k,14k,NR,300,4,2.110539348299369,1.2105682773683437,3.511492764801731,46.92026052164228,0.2764482183586148,0.09088381487128323,0.44088492603601853,NA,NA,NA,NA
P04,L1,L1_14k,14k,NR,300,5,2.103493139477676,1.2527810361816227,3.399591180234041,47.02378040219577,0.31407662020681765,0.12048981094797592,0.47279370799542925,NA,NA,NA,NA
P04,L1,L1_14k,14k,NR,300,6,2.6699263333068437,1.5454805799519133,4.48568542976736,40.15117201736249,0.37123025419495825,0.1395150111008456,0.5459111897678586,NA,NA,NA,NA
P04,L1,L1_14k,14k,NR,300,7,3.4202806102176844,1.9012776139953314,5.887557884017611,34.19895639375669,0.34245361097104143,0.11537825417671914,0.508928742713967,NA,NA,NA,NA
P04,L1,L1_14k,14k,NR,300,8,2.175051132502917,1.2436807853885399,3.6631825233660233,45.99673641138034,0.35814720208000295,0.126957679530906,0.539672806318078,NA,NA,NA,NA
P04,L1,L1_14k,14k,NR,300,9,3.1351501416212155,1.840903314053281,5.155261324538898,36.15180164487957,0.2828294190934265,0.09767365127574286,0.4384849313311506,NA,NA,NA,NA
P04,L1,L1_14k,14k,NR,300,10,2.9378537308493726,1.6513626049163546,4.9094793143216595,37.707466577461744,0.3052238995455142,0.10502946446593457,0.46320355057165696,NA,NA,NA,NA
P04,L1,L1_14k,14k,NR,350,1,2.6705073823157903,1.6280303708593777,4.218134558513033,40.145401655698,0.32787054119899506,0.18373244184370927,0.45622752329684957,NA,NA,NA,NA
P04,L1,L1_14k,14k,NR,350,2,2.25155668064376,1.2753382032804956,3.7152063293744404,44.95579435440243,0.4380110819320293,0.2514577286716977,0.595565077731939,NA,NA,NA,NA
P04,L1,L1_14k,14k,NR,350,3,2.482121381885872,1.4790849124526646,3.973704020371903,42.138518589907214,0.34755229200704135,0.1855340859141865,0.49898534733319494,NA,NA,NA,NA
P04,L1,L1_14k,14k,NR,350,4,2.439487186265306,1.504062928971076,3.868745694313759,42.62599449850741,0.3206888082172703,0.17284902421362125,0.4677054701736622,NA,NA,NA,NA
P04,L1,L1_14k,14k,NR,350,5,2.4386016810546716,1.4761147046165837,3.916564084478643,42.636271572763704,0.36162602437754,0.2012494830906326,0.5211283416635211,NA,NA,NA,NA
P04,L1,L1_14k,14k,NR,350,6,3.1069753922800456,1.8799190901328904,4.943471109960836,36.362813664889536,0.4228967192336379,0.2527578867195487,0.5683344135404991,NA,NA,NA,NA
P04,L1,L1_14k,14k,NR,350,7,3.981131700114582,2.444761259707634,6.261063048505237,31.128035689431798,0.38854013671548693,0.22679636395759972,0.5359190791355665,NA,NA,NA,NA
P04,L1,L1_14k,14k,NR,350,8,2.525464819790714,1.5091688485345913,4.054707856748419,41.657291255167586,0.4073344551546625,0.23618325416170158,0.5620672333801426,NA,NA,NA,NA
P04,L1,L1_14k,14k,NR,350,9,3.637740278022575,2.2229620228445297,5.77714990399585,32.902922212498694,0.3275171267549468,0.1840845388098295,0.47051715423921237,NA,NA,NA,NA
P04,L1,L1_14k,14k,NR,350,10,3.4139697201130446,2.0883814173851274,5.314065776351097,34.23887707314696,0.3489717559912895,0.20223506574098807,0.49503577787621694,NA,NA,NA,NA
P04,L1,L1_14k,14k,R,50,1,8.604264909156301,6.452159696131705,11.713017937705846,20.163258632878225,0.14494903858681712,0.09486195746808661,0.21239512142562766,NA,NA,NA,NA
P04,L1,L1_14k,14k,R,50,2,7.2333499926332046,5.144617998063325,10.412075678308664,22.141634916781165,0.21322132938807442,0.1322825994658994,0.31858875924933644,NA,NA,NA,NA
P04,L1,L1_14k,14k,R,50,3,8.064584170440824,5.831614999076128,10.987611011500384,20.876401319424858,0.15666855170757057,0.09484786411914442,0.24401115932853604,NA,NA,NA,NA
P04,L1,L1_14k,14k,R,50,4,7.893527194800891,5.7354514719459395,11.318662113491607,21.118871045145838,0.1420603502743979,0.08354004893771196,0.22140085472858528,NA,NA,NA,NA
P04,L1,L1_14k,14k,R,50,5,7.894473494635557,5.626941068906211,11.269886033736624,21.117506141932495,0.16570603365364495,0.09693603391051685,0.2619482173162685,NA,NA,NA,NA
P04,L1,L1_14k,14k,R,50,6,10.014150523440495,7.138277337741902,14.189775753458498,18.599401470258947,0.20414013290220695,0.13000192989378936,0.2999273293648306,NA,NA,NA,NA
P04,L1,L1_14k,14k,R,50,7,12.862385446828235,9.217005821548543,17.783622153821664,16.307733901081974,0.18199834503953255,0.11737434219653677,0.2643420292696211,NA,NA,NA,NA
P04,L1,L1_14k,14k,R,50,8,8.16477941389399,5.947048859194364,11.41361030739694,20.73823064431917,0.1938592329624364,0.12122484810447393,0.2898342345912772,NA,NA,NA,NA
P04,L1,L1_14k,14k,R,50,9,11.808743127243698,8.53069161281546,16.518118445093574,17.053127989011806,0.14554501264685055,0.08895619375697686,0.2246248630273113,NA,NA,NA,NA
P04,L1,L1_14k,14k,R,50,10,11.073903009997885,8.104763084986441,15.175444081452618,17.638148541962657,0.15883709131390256,0.0988339353994914,0.24054428477202353,NA,NA,NA,NA
P04,L1,L1_14k,14k,R,100,1,10.031863727689336,7.74954374963961,13.145811962541446,18.582015954764884,0.1165316302992419,0.07414318686109357,0.17148686085687292,NA,NA,NA,NA
P04,L1,L1_14k,14k,R,100,2,8.45468673580119,6.0340233187313395,11.835112341009118,20.353505469839323,0.17380435756855736,0.10400176121341874,0.272450841598369,NA,NA,NA,NA
P04,L1,L1_14k,14k,R,100,3,9.362634106860256,6.81517568257816,12.7759262606091,19.275041649278805,0.1266437337074944,0.07439824315122133,0.1991189697862463,NA,NA,NA,NA
P04,L1,L1_14k,14k,R,100,4,9.24050659266242,6.835983268044707,12.616508687620097,19.410128212135152,0.11388272516021414,0.06665418902179983,0.18069544151631003,NA,NA,NA,NA
P04,L1,L1_14k,14k,R,100,5,9.213789949029529,6.796025749417079,12.738503467172565,19.44006245512114,0.13385426688121754,0.07903656066921019,0.2122432381111243,NA,NA,NA,NA
P04,L1,L1_14k,14k,R,100,6,11.707855891089256,8.519684832167629,16.06240429058726,17.130000728724713,0.16704888929315287,0.10231924157083297,0.2507862996260537,NA,NA,NA,NA
P04,L1,L1_14k,14k,R,100,7,14.995450198634355,11.064716880162377,20.209019779032126,15.056976309753406,0.14817344203015967,0.09110905443362147,0.22289721793135944,NA,NA,NA,NA
P04,L1,L1_14k,14k,R,100,8,9.502502236923405,6.972319951792819,13.10694334356971,19.12376202207519,0.15714780764937855,0.09562647538690007,0.24419008358102506,NA,NA,NA,NA
P04,L1,L1_14k,14k,R,100,9,13.724229075175671,10.14932662131287,18.559883763261094,15.765841747032539,0.11698553440130335,0.07086628894239963,0.182175305342461,NA,NA,NA,NA
P04,L1,L1_14k,14k,R,100,10,12.870533458025545,9.675212227507654,17.108784150393756,16.302345653926505,0.127911126239858,0.07751630257350373,0.19631951098328984,NA,NA,NA,NA
P04,L1,L1_14k,14k,R,150,1,8.439915954349747,6.5526226952239774,10.865424610328937,20.37258798501984,0.045487158321348,0.020955300505405602,0.0849842440225181,NA,NA,NA,NA
P04,L1,L1_14k,14k,R,150,2,7.065594943143754,5.089557324061285,10.015719168232808,22.426406560141313,0.07047255354938076,0.03039423147785525,0.14195609544014698,NA,NA,NA,NA
P04,L1,L1_14k,14k,R,150,3,7.860567035948036,5.763930903690832,10.666746489566584,21.166578731976422,0.04975472513651506,0.021319146858165525,0.09957994770768183,NA,NA,NA,NA
P04,L1,L1_14k,14k,R,150,4,7.759031753767697,5.851529927733134,10.4169294378648,21.31562198930323,0.04430771078581858,0.01858472981265798,0.08974119930045667,NA,NA,NA,NA
P04,L1,L1_14k,14k,R,150,5,7.7368718340850755,5.781067555877782,10.461292731651287,21.348575224947098,0.05285583892240252,0.023448083173821,0.10340510335035974,NA,NA,NA,NA
P04,L1,L1_14k,14k,R,150,6,9.841015889800977,7.290898451103731,12.986481413490605,18.7719556907242,0.06696754230510107,0.02979893875238875,0.12620630179883052,NA,NA,NA,NA
P04,L1,L1_14k,14k,R,150,7,12.583662956981534,9.385489328299784,16.74913971367787,16.495339668837545,0.058683375771225704,0.026696713752440985,0.110541346993864,NA,NA,NA,NA
P04,L1,L1_14k,14k,R,150,8,7.990771777032562,5.893599096508172,10.847716250704066,20.979990705241065,0.06310676367928819,0.0282450552467909,0.12169382433842121,NA,NA,NA,NA
P04,L1,L1_14k,14k,R,150,9,11.528568104181296,8.608581641657986,15.239142635088049,17.26922422593334,0.04575750048146941,0.020120653718484642,0.08855570763941512,NA,NA,NA,NA
P04,L1,L1_14k,14k,R,150,10,10.796658845119392,8.0258995177214,14.49215029323692,17.875102573754475,0.050437116669921817,0.022343212777449405,0.09933589544084605,NA,NA,NA,NA
P04,L1,L1_14k,14k,R,200,1,8.517766002489779,6.603939104829424,11.094352497742237,20.27261648783867,0.0657690664280215,0.03543946836763074,0.10970913350042094,NA,NA,NA,NA
P04,L1,L1_14k,14k,R,200,2,7.1667929722159895,5.142708382654199,9.976014845636186,22.253298058595032,0.10126715251981763,0.05167595157064581,0.17394582859478228,NA,NA,NA,NA
P04,L1,L1_14k,14k,R,200,3,7.939349990038627,5.921598217784782,10.894462751078741,21.053083263226558,0.07186455326496827,0.03604512642713634,0.12843404328503497,NA,NA,NA,NA
P04,L1,L1_14k,14k,R,200,4,7.842278444049809,5.889899529018117,10.555560602565953,21.19319147713646,0.06415103552047152,0.03177752204452367,0.11407567254940412,NA,NA,NA,NA
P04,L1,L1_14k,14k,R,200,5,7.827252365586866,5.617575731008333,11.123582974780174,21.215132757531112,0.07627006854123064,0.03682533949084455,0.14065467521928318,NA,NA,NA,NA
P04,L1,L1_14k,14k,R,200,6,9.949601812386428,7.353365551451869,13.34075483782323,18.66317338904232,0.09629957819677659,0.050884595861786945,0.1648217531454231,NA,NA,NA,NA
P04,L1,L1_14k,14k,R,200,7,12.741884839873592,9.367208779485708,17.276656312800156,16.38805097312871,0.08479401249504306,0.04434952104529617,0.14550479263531452,NA,NA,NA,NA
P04,L1,L1_14k,14k,R,200,8,8.07471443618893,5.935843389572786,11.19915291953002,20.862304816487494,0.09096804863896396,0.046796473029787254,0.1573169262831873,NA,NA,NA,NA
P04,L1,L1_14k,14k,R,200,9,11.681518470703017,8.592304709187465,15.78633951265231,17.150241209972943,0.06596000378023636,0.03376269145710476,0.11537396510337744,NA,NA,NA,NA
P04,L1,L1_14k,14k,R,200,10,10.912224068214943,8.172444543891421,14.666539135879093,17.77517244575364,0.0725595856923589,0.037246254665780174,0.12640078986125286,NA,NA,NA,NA
P04,L1,L1_14k,14k,R,250,1,10.837087741962296,8.425754419062672,14.021945173432385,17.83995128856294,0.09186779379813294,0.05621984058342316,0.14055949693498163,NA,NA,NA,NA
P04,L1,L1_14k,14k,R,250,2,9.118508098378573,6.365341970719107,13.051535328182654,19.547965001810894,0.13952353178235147,0.07908188185883527,0.2227467575727393,NA,NA,NA,NA
P04,L1,L1_14k,14k,R,250,3,10.10362605686219,7.520292242721878,13.543198782721632,18.512079010916377,0.0999595651190467,0.05688074429824669,0.16335916373122128,NA,NA,NA,NA
P04,L1,L1_14k,14k,R,250,4,9.970573168791777,7.425705793621949,13.418321083039848,18.642382185436773,0.08959023330209367,0.050296554937254344,0.14821688383342296,NA,NA,NA,NA
P04,L1,L1_14k,14k,R,250,5,9.93847885768044,7.393475577475853,13.612111520197216,18.674229195581,0.10576385209424939,0.05937053611442977,0.17579108547907482,NA,NA,NA,NA
P04,L1,L1_14k,14k,R,250,6,12.625700333362335,9.331021379576251,16.949110584720263,16.466628620733278,0.13233323111998174,0.07896767707209003,0.20774361144480863,NA,NA,NA,NA
P04,L1,L1_14k,14k,R,250,7,16.16137635599291,12.097218755072205,21.721418942990976,14.484529107903771,0.11747019357373908,0.07001904862343378,0.18384796692064498,NA,NA,NA,NA
P04,L1,L1_14k,14k,R,250,8,10.259609787932659,7.614679978307155,14.070006324516399,18.36275835611957,0.12543080825270114,0.072024703156906,0.20248062879106346,NA,NA,NA,NA
P04,L1,L1_14k,14k,R,250,9,14.802229270092713,11.002852969474402,19.956649687168465,15.158572126888055,0.09245797416688652,0.05310641846934552,0.1478000722825258,NA,NA,NA,NA
P04,L1,L1_14k,14k,R,250,10,13.88856389374892,10.419409875704062,18.58024122504558,15.66852879645457,0.10096169234437927,0.057638612689689686,0.1629081970215693,NA,NA,NA,NA
P04,L1,L1_14k,14k,R,300,1,10.485926767192737,8.016831575829015,13.655788498576015,18.15241999264788,0.13899079973369527,0.09253292400146212,0.20085154653070064,NA,NA,NA,NA
P04,L1,L1_14k,14k,R,300,2,8.82561717310238,6.293832786736726,12.433135860897385,19.891327597009266,0.20547021020637302,0.1278612614114238,0.3054156664411275,NA,NA,NA,NA
P04,L1,L1_14k,14k,R,300,3,9.766823448960016,7.022949292268828,13.438738790350639,18.84739100088511,0.1512253414196775,0.09185552655767415,0.23230186817520332,NA,NA,NA,NA
P04,L1,L1_14k,14k,R,300,4,9.64365361581719,7.051465760540756,13.184654586478434,18.97466782025357,0.1358059095404236,0.08169611091037475,0.20974492212583215,NA,NA,NA,NA
P04,L1,L1_14k,14k,R,300,5,9.612200842563592,7.062959708844415,13.212570861853264,19.007586901755865,0.1598363132527073,0.09762240095475906,0.2426028979441351,NA,NA,NA,NA
P04,L1,L1_14k,14k,R,300,6,12.21930941775516,8.798772819942952,16.702709366075446,16.750664762163414,0.19693742480249649,0.12710189214682485,0.2859816965809966,NA,NA,NA,NA
P04,L1,L1_14k,14k,R,300,7,15.666701556110974,11.410509838320706,21.11394596595621,14.719305327311,0.17477082087295331,0.11432730763491704,0.25636716185438224,NA,NA,NA,NA
P04,L1,L1_14k,14k,R,300,8,9.951739699380035,7.1776933782347525,13.754413072273387,18.661050667692216,0.18688853338372252,0.11454435557542107,0.28376734352417904,NA,NA,NA,NA
P04,L1,L1_14k,14k,R,300,9,14.367930510551158,10.477924620319559,19.545122352578897,15.39465972645943,0.14025506445294533,0.08547245953576348,0.2133532512906255,NA,NA,NA,NA
P04,L1,L1_14k,14k,R,300,10,13.453212439173994,9.67786788367221,18.27571145434353,15.930374394236713,0.15315695763327716,0.09632357655525976,0.22599891203928138,NA,NA,NA,NA
P04,L1,L1_14k,14k,R,350,1,7.188048384681601,5.54009557456983,9.39862052484149,22.21745196561945,0.09408084528485332,0.055114206750120825,0.15024689786756792,NA,NA,NA,NA
P04,L1,L1_14k,14k,R,350,2,6.044665258227591,4.2952138468587275,8.538474296589728,24.43877595508261,0.1424557672434527,0.07833874408172616,0.23511232542701477,NA,NA,NA,NA
P04,L1,L1_14k,14k,R,350,3,6.690903026585577,4.969541933919354,8.946075505442696,23.10495859041241,0.1025967889213033,0.05706977789666715,0.17032798158363474,NA,NA,NA,NA
P04,L1,L1_14k,14k,R,350,4,6.62769492529544,4.8720055688174515,8.987642992251388,23.22571053815615,0.09193543629180456,0.050761229405460115,0.1543799539433283,NA,NA,NA,NA
P04,L1,L1_14k,14k,R,350,5,6.60655663288043,4.860478733874634,9.058496968653847,23.26652431109118,0.10910187894593457,0.058908100014489186,0.18447292975374388,NA,NA,NA,NA
P04,L1,L1_14k,14k,R,350,6,8.35956045162371,6.1492147821343845,11.378122495768856,20.477355943852974,0.1351973474757315,0.07780474487082652,0.2187461177014437,NA,NA,NA,NA
P04,L1,L1_14k,14k,R,350,7,10.745543172494369,7.924720629138279,14.48950301289475,17.919845570142755,0.12009517553418651,0.07070060182961072,0.19266983220811604,NA,NA,NA,NA
P04,L1,L1_14k,14k,R,350,8,6.808536120512982,4.899598331322812,9.479692990685693,22.885236481100936,0.12871005867020513,0.07040608440787773,0.2151794080316889,NA,NA,NA,NA
P04,L1,L1_14k,14k,R,350,9,9.819768574340767,7.3549491396542805,13.182449782225763,18.793465883306077,0.0943936575166156,0.052122995688452314,0.15740789498533111,NA,NA,NA,NA
P04,L1,L1_14k,14k,R,350,10,9.21789824031374,6.85960763297051,12.225335221568011,19.435450320637166,0.1037284593267069,0.05868966567289749,0.16914625913574252,NA,NA,NA,NA
P04,L2,L2_2k,2k,NR,50,1,1.6981767491870152,1.2522707662245598,2.294903256515721,53.99391780269008,0.4349603359505065,0.1784401819274373,0.6174755710338306,0.11852577651854534,0.02016693971820442,0.34545266256248586,0.4465138875309482
P04,L2,L2_2k,2k,NR,50,2,1.4165160982919667,0.9816554517091958,2.122354728436767,60.295192301536,0.4575227368241981,0.16574915063227036,0.6772621185581645,0.10949214643869436,0.015129603876456444,0.38005715655989036,0.4329851167371076
P04,L2,L2_2k,2k,NR,50,3,1.6160033622256607,1.1273577625815838,2.353299929748464,55.6896481732478,0.4360157065058323,0.1822689226586357,0.6371707668332828,0.07117183664252373,0.011222405585303795,0.2548369401534804,0.492812456851644
P04,L2,L2_2k,2k,NR,50,4,1.5939056968745644,1.1275980629872833,2.2971841778872415,56.16457544195179,0.35862057288635896,0.10909991007520767,0.5788696675849648,0.09275929278234718,0.011847420477572895,0.3437700350118119,0.5486201343312939
P04,L2,L2_2k,2k,NR,50,5,1.7941494040241461,1.3285005513948802,2.4209025708856404,52.145391376995626,0.4630601787277142,0.20791800134048358,0.6577278705942763,0.08208240058424447,0.012736605875007254,0.28962731121945334,0.45485742068804136
P04,L2,L2_2k,2k,NR,50,6,2.0952166963269767,1.463318072291726,2.9171175225425467,47.14605649420296,0.5328471974782438,0.2371223137460741,0.7131734692923432,0.0756106619598703,0.01038619559264034,0.30120500290287694,0.39154214056188585
P04,L2,L2_2k,2k,NR,50,7,2.60175438294364,1.7961081075969836,3.7504041683924867,40.84381695582254,0.46599242209769465,0.17858336819314577,0.660070608702061,0.09135068878234717,0.011889483437072718,0.3407357825618576,0.44265688911995815
P04,L2,L2_2k,2k,NR,50,8,1.7201303026840657,1.212606424729008,2.448399476333934,53.5589296701903,0.4928421781527127,0.2214206699550751,0.6846585055805556,0.07493508002753177,0.010803316396642672,0.2676058848737739,0.4322227418197555
P04,L2,L2_2k,2k,NR,50,9,2.445038954276571,1.7295942080255289,3.4141093685315633,42.56170405469807,0.421447701471498,0.15980082116612093,0.614263984261351,0.07611482835998892,0.011148178836593463,0.29265310735838385,0.502437470168513
P04,L2,L2_2k,2k,NR,50,10,2.2521825058127627,1.6080703144219457,3.147786336816693,44.94751222205227,0.4173292535130321,0.1819493233639754,0.6138954466959754,0.09034627767285296,0.013956680244515327,0.293140278703601,0.49232446881411496
P04,L2,L2_2k,2k,NR,100,1,1.6981767491870152,1.2522707662245598,2.294903256515721,53.99391780269008,0.3789214901494771,0.16864273542044472,0.5434530074065964,0.08569908488321729,0.014965925474544227,0.25669728428547367,0.5353794249673056
P04,L2,L2_2k,2k,NR,100,2,1.4165160982919667,0.9816554517091958,2.122354728436767,60.295192301536,0.3991598959661553,0.15303628152310667,0.6174336246576668,0.07907170968328048,0.011010881989635788,0.283536867286052,0.5217683943505642
P04,L2,L2_2k,2k,NR,100,3,1.6160033622256607,1.1273577625815838,2.353299929748464,55.6896481732478,0.37117120750575583,0.1569993491456363,0.5638157037633752,0.050959810810489434,0.0071892244261266645,0.19954968582272387,0.5778689816837548
P04,L2,L2_2k,2k,NR,100,4,1.5939056968745644,1.1275980629872833,2.2971841778872415,56.16457544195179,0.3005587157368781,0.10114378914695071,0.5051885781830473,0.06763840370720287,0.009390054487848394,0.2561370348760268,0.631802880555919
P04,L2,L2_2k,2k,NR,100,5,1.7941494040241461,1.3285005513948802,2.4209025708856404,52.145391376995626,0.4009111497520962,0.18521135847142517,0.5822647578720586,0.05976686809657025,0.009286227681245748,0.21593852900883795,0.5393219821513335
P04,L2,L2_2k,2k,NR,100,6,2.0952166963269767,1.463318072291726,2.9171175225425467,47.14605649420296,0.4706283299721201,0.22855304946698063,0.6446616003286264,0.0553352450126315,0.008123114101351386,0.2053471190148532,0.47403642501524834
P04,L2,L2_2k,2k,NR,100,7,2.60175438294364,1.7961081075969836,3.7504041683924867,40.84381695582254,0.4063446529879141,0.16215757437038278,0.589118485050784,0.0648108782255823,0.0087070150464001,0.26361233224767244,0.5288444687865036
P04,L2,L2_2k,2k,NR,100,8,1.7201303026840657,1.212606424729008,2.448399476333934,53.5589296701903,0.4308975107872166,0.1747559334464044,0.6208222986453891,0.053345065955480823,0.007271751255219184,0.22733297689469337,0.5157574232573026
P04,L2,L2_2k,2k,NR,100,9,2.445038954276571,1.7295942080255289,3.4141093685315633,42.56170405469807,0.3570367034962357,0.14687437844808587,0.5394714436778933,0.05506508385026475,0.007846713530176287,0.21774169163702115,0.5878982126534995
P04,L2,L2_2k,2k,NR,100,10,2.2521825058127627,1.6080703144219457,3.147786336816693,44.94751222205227,0.3569623665824031,0.15104766918239806,0.5416445076108597,0.06535309861967432,0.0096537066189107245,0.23265806679943205,0.5776845347979226
P04,L2,L2_2k,2k,NR,150,1,1.6981767491870152,1.2522707662245598,2.294903256515721,53.99391780269008,0.42032741036982935,0.15895590634500245,0.6056097622750471,0.11558735830891309,0.01967548601667769,0.33988595164858443,0.46408523132125756
P04,L2,L2_2k,2k,NR,150,2,1.4165160982919667,0.9816554517091958,2.122354728436767,60.295192301536,0.4410777207295772,0.151156203983522,0.6696728582474614,0.10716521725592883,0.015531754845406634,0.36046803490964213,0.45175706201449395
P04,L2,L2_2k,2k,NR,150,3,1.6160033622256607,1.1273577625815838,2.353299929748464,55.6896481732478,0.418421298053633,0.15249082200013422,0.6255876637136721,0.07009706764330595,0.010667528832917798,0.2548408185458917,0.511481634303061
P04,L2,L2_2k,2k,NR,150,4,1.5939056968745644,1.1275980629872833,2.2971841778872415,56.16457544195179,0.3440142327651313,0.09566212557559456,0.566853299609611,0.09275986602374142,0.012371160443256113,0.34082683414353665,0.5632259012111273
P04,L2,L2_2k,2k,NR,150,5,1.7941494040241461,1.3285005513948802,2.4209025708856404,52.145391376995626,0.44687436109148715,0.18665206367893328,0.6458754944451404,0.08134686062075902,0.012788107725636181,0.283752265638847,0.47177877828775383
P04,L2,L2_2k,2k,NR,150,6,2.0952166963269767,1.463318072291726,2.9171175225425467,47.14605649420296,0.515229647825086,0.23411979244964906,0.6992658009552601,0.07518793752819186,0.011321109237956237,0.2644476868108464,0.4095824146467222
P04,L2,L2_2k,2k,NR,150,7,2.60175438294364,1.7961081075969836,3.7504041683924867,40.84381695582254,0.4495302660364414,0.15860737039564596,0.6472519889393972,0.0884266346906039,0.012325116311239172,0.33279760606096825,0.4620430992729547
P04,L2,L2_2k,2k,NR,150,8,1.7201303026840657,1.212606424729008,2.448399476333934,53.5589296701903,0.47495303282285706,0.1898470568340297,0.6756688031792786,0.07329653917334483,0.010970370816671175,0.2666483197187051,0.45175042800379805
P04,L2,L2_2k,2k,NR,150,9,2.445038954276571,1.7295942080255289,3.4141093685315633,42.56170405469807,0.40300602823708487,0.14166774351409875,0.6019000043054931,0.07527695767735901,0.010134814013143175,0.29885002008379935,0.5217170140855562
P04,L2,L2_2k,2k,NR,150,10,2.2521825058127627,1.6080703144219457,3.147786336816693,44.94751222205227,0.4023741892221646,0.14417637730675395,0.6035888368154122,0.0888722138410321,0.013299577947397575,0.3208671689889864,0.5087535969368033
P04,L2,L2_2k,2k,NR,200,1,1.6981767491870152,1.2522707662245598,2.294903256515721,53.99391780269008,0.3775979947421386,0.19458435110749922,0.5336307184219369,0.07083396386534344,0.012929182484513684,0.2174691121678826,0.5515680413925179
P04,L2,L2_2k,2k,NR,200,2,1.4165160982919667,0.9816554517091958,2.122354728436767,60.295192301536,0.39765229364015997,0.174689557422099,0.6065086436049393,0.06588395752812162,0.010194013749370295,0.23740407074234893,0.5364637488317184
P04,L2,L2_2k,2k,NR,200,3,1.6160033622256607,1.1273577625815838,2.353299929748464,55.6896481732478,0.36998145271826444,0.16371639461134257,0.5535418076309371,0.041867724597319966,0.006392733395064617,0.17031749962241774,0.5881508226844155
P04,L2,L2_2k,2k,NR,200,4,1.5939056968745644,1.1275980629872833,2.2971841778872415,56.16457544195179,0.29595103291251323,0.12079332152922061,0.4923964812873164,0.05576169195882667,0.008572454795569675,0.21053976048639184,0.6482872751286601
P04,L2,L2_2k,2k,NR,200,5,1.7941494040241461,1.3285005513948802,2.4209025708856404,52.145391376995626,0.39922101081586914,0.20448281184994174,0.5762557753607487,0.04930557953170768,0.00728158566765644,0.19413591931888483,0.5514734096524232
P04,L2,L2_2k,2k,NR,200,6,2.0952166963269767,1.463318072291726,2.9171175225425467,47.14605649420296,0.4673362019344909,0.25941175165492353,0.6339959573950442,0.04552863388045498,0.006958664291239044,0.17466309399645885,0.4871351641850541
P04,L2,L2_2k,2k,NR,200,7,2.60175438294364,1.7961081075969836,3.7504041683924867,40.84381695582254,0.402894101448263,0.19844456829510235,0.5767686793176408,0.05411742810234286,0.008040277223721587,0.20006963833395683,0.5429884704493941
P04,L2,L2_2k,2k,NR,200,8,1.7201303026840657,1.212606424729008,2.448399476333934,53.5589296701903,0.425636323484881,0.21073778878142163,0.6050880761232895,0.043987555041626866,0.006963728697904507,0.16903776531346085,0.5303761214734921
P04,L2,L2_2k,2k,NR,200,9,2.445038954276571,1.7295942080255289,3.4141093685315633,42.56170405469807,0.35314929334497586,0.17193559959595284,0.5235182826292051,0.04523933786868835,0.007396590780516921,0.17220629229073245,0.6016113687863358
P04,L2,L2_2k,2k,NR,200,10,2.2521825058127627,1.6080703144219457,3.147786336816693,44.94751222205227,0.356758934050988,0.16352239869890542,0.5319693470514988,0.0530157285304446,0.008449105955641011,0.2065306604164468,0.5902253374185674
P04,L2,L2_2k,2k,NR,250,1,1.6981767491870152,1.2522707662245598,2.294903256515721,53.99391780269008,0.42869932131539323,0.253940575344106,0.5826618831234041,0.04745572582976003,0.009955953474845252,0.1553559419943817,0.5238449528548468
P04,L2,L2_2k,2k,NR,250,2,1.4165160982919667,0.9816554517091958,2.122354728436767,60.295192301536,0.44956850833907125,0.23573806647906193,0.6464734604086186,0.04422844596600019,0.007815503520513103,0.16242720175661413,0.5062030456949286
P04,L2,L2_2k,2k,NR,250,3,1.6160033622256607,1.1273577625815838,2.353299929748464,55.6896481732478,0.4180173335486655,0.2150186852128129,0.6062944332809697,0.027782396237866054,0.004831466890986579,0.11870597463486415,0.5542002702134685
P04,L2,L2_2k,2k,NR,250,4,1.5939056968745644,1.1275980629872833,2.2971841778872415,56.16457544195179,0.3445314721634579,0.15127808276188065,0.5378312876217691,0.037160579958761056,0.006550206459392607,0.1528322638888885,0.618307947877781
P04,L2,L2_2k,2k,NR,250,5,1.7941494040241461,1.3285005513948802,2.4209025708856404,52.145391376995626,0.4493392626215207,0.26045324560912875,0.6227447293293779,0.032913472801683157,0.005337581915061251,0.13915890708726864,0.5177472645767962
P04,L2,L2_2k,2k,NR,250,6,2.0952166963269767,1.463318072291726,2.9171175225425467,47.14605649420296,0.5183799773432152,0.32299775173423106,0.6763893503463755,0.030394379150325987,0.005036276781105378,0.12783330866260362,0.4512256435064589
P04,L2,L2_2k,2k,NR,250,7,2.60175438294364,1.7961081075969836,3.7504041683924867,40.84381695582254,0.4535110638177243,0.24736440919530026,0.6218681776434298,0.036323421771601194,0.006308474911328431,0.14898702901847088,0.5101655144106745
P04,L2,L2_2k,2k,NR,250,8,1.7201303026840657,1.212606424729008,2.448399476333934,53.5589296701903,0.4746725845697618,0.27089161190150884,0.6536745422966322,0.029488822637996577,0.0051453816182730275,0.12013876873727097,0.49583859279224163
P04,L2,L2_2k,2k,NR,250,9,2.445038954276571,1.7295942080255289,3.4141093685315633,42.56170405469807,0.4009718804102399,0.21480478752773205,0.5742684451604638,0.03030048741149348,0.0053982675001919365,0.12698048889023947,0.5687276321782666
P04,L2,L2_2k,2k,NR,250,10,2.2521825058127627,1.6080703144219457,3.147786336816693,44.94751222205227,0.40401628424319913,0.21702531422389462,0.5766511087333671,0.035660766390393964,0.0062310990649419576,0.14565723163953354,0.5603229493664069
P04,L2,L2_2k,2k,NR,300,1,1.6981767491870152,1.2522707662245598,2.294903256515721,53.99391780269008,0.20162656283151342,0.05697716402579607,0.3491889520852545,0.04505289877307285,0.010108326717793124,0.14196056515474823,0.7533205383954138
P04,L2,L2_2k,2k,NR,300,2,1.4165160982919667,0.9816554517091958,2.122354728436767,60.295192301536,0.2154649381947617,0.050242275598589486,0.4244766326490519,0.04168535600750509,0.007266886019590585,0.16659027878740626,0.7428497057977332
P04,L2,L2_2k,2k,NR,300,3,1.6160033622256607,1.1273577625815838,2.353299929748464,55.6896481732478,0.1923740909202654,0.04588118439129131,0.3686177786032755,0.026890566470287973,0.004845280773435119,0.10520067344516111,0.7807353426094467
P04,L2,L2_2k,2k,NR,300,4,1.5939056968745644,1.1275980629872833,2.2971841778872415,56.16457544195179,0.14714907750017447,0.03199460237831258,0.3120872935081094,0.034888054235414356,0.006551665889772875,0.13575527678250005,0.8179628682644111
P04,L2,L2_2k,2k,NR,300,5,1.7941494040241461,1.3285005513948802,2.4209025708856404,52.145391376995626,0.21180943079008546,0.06761132367568551,0.37354929887549854,0.030992158184037014,0.006198392861640725,0.10882459248153924,0.7571984110258776
P04,L2,L2_2k,2k,NR,300,6,2.0952166963269767,1.463318072291726,2.9171175225425467,47.14605649420296,0.2659319785819853,0.08082370991309298,0.4398739274631277,0.02872025939936644,0.0052630532492027385,0.11164365106644626,0.7053477620186483
P04,L2,L2_2k,2k,NR,300,7,2.60175438294364,1.7961081075969836,3.7504041683924867,40.84381695582254,0.2184311589062931,0.05511664821454588,0.3865055109127711,0.03370604666208746,0.005940708287950068,0.136806453642276,0.7478627944316194
P04,L2,L2_2k,2k,NR,300,8,1.7201303026840657,1.212606424729008,2.448399476333934,53.5589296701903,0.2320664645022099,0.06097446439270425,0.41995591326188614,0.027846192484597458,0.0049846307400389514,0.11211468740044765,0.7400873430131927
P04,L2,L2_2k,2k,NR,300,9,2.445038954276571,1.7295942080255289,3.4141093685315633,42.56170405469807,0.18105007833478337,0.047712101654126815,0.33831385104897166,0.028494068541929887,0.005040868267886121,0.11346440329609343,0.7904558531232867
P04,L2,L2_2k,2k,NR,300,10,2.2521825058127627,1.6080703144219457,3.147786336816693,44.94751222205227,0.1834838178049511,0.046900661289931006,0.34128864577832807,0.03412697505834324,0.006242490953171039,0.12657474562770096,0.7823892071367056
P04,L2,L2_2k,2k,NR,350,1,1.6981767491870152,1.2522707662245598,2.294903256515721,53.99391780269008,0.22601288910763892,0.08315568372885977,0.3705890489411175,0.04541961986835778,0.009263635018925041,0.14508853862802548,0.7285674910240033
P04,L2,L2_2k,2k,NR,350,2,1.4165160982919667,0.9816554517091958,2.122354728436767,60.295192301536,0.24223104567799258,0.07233068061731741,0.4404768013071259,0.04168441646276442,0.006995391171995312,0.16572682910722375,0.716084537859243
P04,L2,L2_2k,2k,NR,350,3,1.6160033622256607,1.1273577625815838,2.353299929748464,55.6896481732478,0.2155334731652711,0.07082919339057987,0.3902612332181317,0.02641743576129748,0.004818767341534006,0.10444870273036595,0.7580490910734314
P04,L2,L2_2k,2k,NR,350,4,1.5939056968745644,1.1275980629872833,2.2971841778872415,56.16457544195179,0.16601760167594543,0.047258922368976254,0.33038151861862114,0.0356000792721585,0.006438988607747988,0.13111374380632326,0.7983823190518962
P04,L2,L2_2k,2k,NR,350,5,1.7941494040241461,1.3285005513948802,2.4209025708856404,52.145391376995626,0.23864839300085983,0.09279602470589975,0.40164206310300027,0.0314350795554814,0.005482327122932895,0.12147478434993157,0.7299165274436588
P04,L2,L2_2k,2k,NR,350,6,2.0952166963269767,1.463318072291726,2.9171175225425467,47.14605649420296,0.2944277690436802,0.11627417423754564,0.4620543144699334,0.028734812496950722,0.005203192289323508,0.107807606000043,0.6768374184593691
P04,L2,L2_2k,2k,NR,350,7,2.60175438294364,1.7961081075969836,3.7504041683924867,40.84381695582254,0.24254901316883648,0.08278189458607063,0.40696473591605636,0.03378288607121149,0.0061184426663454345,0.12887887307026646,0.723668100759952
P04,L2,L2_2k,2k,NR,350,8,1.7201303026840657,1.212606424729008,2.448399476333934,53.5589296701903,0.2594304173123176,0.08953713371692339,0.43582261261641925,0.027960591670724986,0.0047012910342237105,0.10850319517959642,0.7126089910169575
P04,L2,L2_2k,2k,NR,350,9,2.445038954276571,1.7295942080255289,3.4141093685315633,42.56170405469807,0.204340878971673,0.07070504664312689,0.3559542248104995,0.028976371645896865,0.005273049659816229,0.1105637761566725,0.7666827493824302
P04,L2,L2_2k,2k,NR,350,10,2.2521825058127627,1.6080703144219457,3.147786336816693,44.94751222205227,0.20545990730015679,0.07306914866340669,0.36072054155610483,0.0345593963957839,0.006179418914653143,0.12749202817809288,0.7599806963040594
P04,L2,L2_2k,2k,R,50,1,8.889971556262903,7.417917111266579,10.63001969979277,19.814323520799007,0.15944675320112384,0.10291739180895342,0.22950395306789317,0.024764699432243353,0.006642731777041327,0.06406740413397799,0.8157885473666329
P04,L2,L2_2k,2k,R,50,2,7.432052651026923,5.773489973411973,9.698692327143393,21.81812591581841,0.1728664608143717,0.08955334115917854,0.28052451339395723,0.022821198364767745,0.0047470083484622986,0.07873615637127108,0.8043123408208606
P04,L2,L2_2k,2k,R,50,3,8.466995693200708,6.756816637439308,10.725088947329615,20.337644611473443,0.15001226976377963,0.08312137939402368,0.24306258280637943,0.01444679970508829,0.0032852435076062073,0.04619195286815283,0.8355409305311321
P04,L2,L2_2k,2k,R,50,4,8.348893244702424,6.746191129799312,10.414095737568662,20.491386730536064,0.11399519378512729,0.056973780887883664,0.19786514738766653,0.019369472186006258,0.004236194044286988,0.06200342202923421,0.8666353340288664
P04,L2,L2_2k,2k,R,50,5,9.36998113495019,7.23489562457322,12.165280278155457,19.267005191030762,0.17110299876532115,0.09038022273392671,0.27829540544359443,0.016973160941269626,0.0036562918496737323,0.05919824375528452,0.8119238402934092
P04,L2,L2_2k,2k,R,50,6,10.933792305734368,8.683134700860931,13.731849583827124,17.756707816158947,0.21356704871788276,0.12976184134522287,0.31330676958694537,0.015528449480256706,0.003420066989912983,0.05087882904753114,0.7709045018018605
P04,L2,L2_2k,2k,R,50,7,13.647741706678207,10.959172992229725,16.943534825355744,15.811758631265198,0.1726449572928112,0.09931058083162896,0.26076395620492104,0.01887117103184332,0.003947218990570713,0.0638056854543678,0.8084838716753455
P04,L2,L2_2k,2k,R,50,8,9.0155649278543,7.195504406080333,11.280440224352695,19.666599609256505,0.18417959084337288,0.10825926119573842,0.2850327478231586,0.015181158299555783,0.0033725918866043024,0.04853544563829331,0.8006392508570713
P04,L2,L2_2k,2k,R,50,9,12.806937036080768,10.208242919355145,15.939972558594413,16.344544497748988,0.1421809760305317,0.08120381209996438,0.2243445883817096,0.015855551399096984,0.0035122147979957876,0.04954523814726661,0.8419634725703713
P04,L2,L2_2k,2k,R,50,10,11.78229699145159,9.607215956226407,14.456365123896138,17.073178637230335,0.14422465717113175,0.08316711086496996,0.2294905568904727,0.018560916237355875,0.004340812836055412,0.058392654107634306,0.8372144265915124
P04,L2,L2_2k,2k,R,100,1,8.889971556262903,7.417917111266579,10.63001969979277,19.814323520799007,0.1097396237055493,0.061615508053603205,0.1734239724552807,0.029966648713559772,0.007906247971003543,0.07846315784162025,0.8602937275808908
P04,L2,L2_2k,2k,R,100,2,7.432052651026923,5.773489973411973,9.698692327143393,21.81812591581841,0.11872321440730846,0.05568540099185908,0.21340142887897157,0.02791538468167671,0.00626616957392774,0.088829502002847,0.8533614009110148
P04,L2,L2_2k,2k,R,100,3,8.466995693200708,6.756816637439308,10.725088947329615,20.337644611473443,0.10242940431298485,0.051175372341854666,0.17852066152591153,0.017591943622831452,0.003979557967867147,0.054713381685065836,0.8799786520641837
P04,L2,L2_2k,2k,R,100,4,8.348893244702424,6.746191129799312,10.414095737568662,20.491386730536064,0.07727198351819373,0.03541842874154883,0.14173935247166494,0.023582889605246606,0.005368450390708298,0.07217986989090644,0.8991451268765597
P04,L2,L2_2k,2k,R,100,5,9.36998113495019,7.23489562457322,12.165280278155457,19.267005191030762,0.1183347045234574,0.05442734670134636,0.20864039299434065,0.020452033451230377,0.0043157098961203975,0.07220454572880722,0.8612132620253122
P04,L2,L2_2k,2k,R,100,6,10.933792305734368,8.683134700860931,13.731849583827124,17.756707816158947,0.15038370066788875,0.07713558784946484,0.24433661067607373,0.018626267018903808,0.003852314389933226,0.06972290618296814,0.8309900323132074
P04,L2,L2_2k,2k,R,100,7,13.647741706678207,10.959172992229725,16.943534825355744,15.811758631265198,0.1182387925960188,0.06301145740901386,0.19449750114119718,0.02257214056078263,0.005383141585993436,0.06747503026937553,0.8591890668431986
P04,L2,L2_2k,2k,R,100,8,9.0155649278543,7.195504406080333,11.280440224352695,19.666599609256505,0.12784342944474614,0.06386558128638148,0.21684641358756226,0.01845800004147811,0.0038415536173808254,0.06246587108331458,0.8536985705137757
P04,L2,L2_2k,2k,R,100,9,12.806937036080768,10.208242919355145,15.939972558594413,16.344544497748988,0.0968263399473206,0.04989807907522571,0.16434165187831964,0.018976481456481918,0.0043114398695972694,0.05953501407131552,0.8841971785961975
P04,L2,L2_2k,2k,R,100,10,11.78229699145159,9.607215956226407,14.456365123896138,17.073178637230335,0.09853538776655135,0.05017010329230601,0.17006431639726116,0.02261948655959044,0.004830698327945004,0.07102240937044507,0.8788451256738582
P04,L2,L2_2k,2k,R,150,1,8.889971556262903,7.417917111266579,10.63001969979277,19.814323520799007,0.039264708198735385,0.014173785367352585,0.08093044287764635,0.03189040740123716,0.00916096580703601,0.073702506963868,0.9288448844000274
P04,L2,L2_2k,2k,R,150,2,7.432052651026923,5.773489973411973,9.698692327143393,21.81812591581841,0.04257513329050189,0.013201998309025327,0.10322873852983049,0.0293886109142657,0.0065740006395136035,0.08968539829766163,0.9280362557952324
P04,L2,L2_2k,2k,R,150,3,8.466995693200708,6.756816637439308,10.725088947329615,20.337644611473443,0.03655415924352997,0.011907512030462987,0.08511041584458823,0.018483675501191097,0.0044533901522618305,0.05569966270952376,0.9449621652552789
P04,L2,L2_2k,2k,R,150,4,8.348893244702424,6.746191129799312,10.414095737568662,20.491386730536064,0.026659574890116382,0.008290660414893397,0.06639425039721669,0.024937998801372797,0.005685349330417233,0.07260913650591515,0.9484024263085108
P04,L2,L2_2k,2k,R,150,5,9.36998113495019,7.23489562457322,12.165280278155457,19.267005191030762,0.04210729180721362,0.013865097163413763,0.09523107982488932,0.021891652693680475,0.005053787140835312,0.06401117402024033,0.936001055499106
P04,L2,L2_2k,2k,R,150,6,10.933792305734368,8.683134700860931,13.731849583827124,17.756707816158947,0.05519659092435661,0.01962474925626864,0.11704717248550585,0.020127557849487505,0.0047952666826692495,0.05817517799279072,0.9246758512261559
P04,L2,L2_2k,2k,R,150,7,13.647741706678207,10.959172992229725,16.943534825355744,15.811758631265198,0.042630744918788835,0.014055648853815472,0.09339730109337904,0.024137403971971994,0.005647388894652509,0.06986707797143038,0.9332318511092392
P04,L2,L2_2k,2k,R,150,8,9.0155649278543,7.195504406080333,11.280440224352695,19.666599609256505,0.046525612114462156,0.016030394052669376,0.10106484029699382,0.01950563002864305,0.004876244398057197,0.05857105870653934,0.9339687578568948
P04,L2,L2_2k,2k,R,150,9,12.806937036080768,10.208242919355145,15.939972558594413,16.344544497748988,0.03422335865034477,0.011905079722935787,0.07544735680387807,0.02021030692387294,0.005114400242793773,0.056807557511762474,0.9455663344257823
P04,L2,L2_2k,2k,R,150,10,11.78229699145159,9.607215956226407,14.456365123896138,17.073178637230335,0.034823206405725775,0.011766631992911567,0.07816060246068371,0.024285774019416628,0.00554513795013948,0.06869562892510742,0.9408910195748575
P04,L2,L2_2k,2k,R,200,1,8.889971556262903,7.417917111266579,10.63001969979277,19.814323520799007,0.06988476351508922,0.03465975154470623,0.12118021946900699,0.026321262283435155,0.007385681634095682,0.06405445624591745,0.9037939742014757
P04,L2,L2_2k,2k,R,200,2,7.432052651026923,5.773489973411973,9.698692327143393,21.81812591581841,0.07678083663743507,0.030807493502991033,0.15187504290561127,0.024187012219050463,0.005332015125493457,0.07717389140694825,0.8990321511435144
P04,L2,L2_2k,2k,R,200,3,8.466995693200708,6.756816637439308,10.725088947329615,20.337644611473443,0.06491110806302194,0.02886694400859803,0.12160197255032607,0.015222596780502497,0.0036466446862384715,0.04603011720419667,0.9198662951564756
P04,L2,L2_2k,2k,R,200,4,8.348893244702424,6.746191129799312,10.414095737568662,20.491386730536064,0.04834045222732179,0.019440808460246442,0.09858165213618096,0.020542033078169195,0.004495290746423267,0.06374202474313043,0.9311175146945091
P04,L2,L2_2k,2k,R,200,5,9.36998113495019,7.23489562457322,12.165280278155457,19.267005191030762,0.07529258110579493,0.03132932961092044,0.14527757784240514,0.017819620709424812,0.004076421269284167,0.056428012706633134,0.9068877981847803
P04,L2,L2_2k,2k,R,200,6,10.933792305734368,8.683134700860931,13.731849583827124,17.756707816158947,0.09692430472010613,0.045957212672753864,0.17249941502689387,0.016339074118196448,0.003959574976215777,0.050154194421669414,0.8867366211616974
P04,L2,L2_2k,2k,R,200,7,13.647741706678207,10.959172992229725,16.943534825355744,15.811758631265198,0.07552490282522703,0.0330357240590908,0.14138746195829577,0.019757154517501332,0.004566223110814076,0.06123238278142899,0.9047179426572716
P04,L2,L2_2k,2k,R,200,8,9.0155649278543,7.195504406080333,11.280440224352695,19.666599609256505,0.08206396900014179,0.037426596477271215,0.15269443763375934,0.01607260019584099,0.00379224412707169,0.049240734271834175,0.9018634308040172
P04,L2,L2_2k,2k,R,200,9,12.806937036080768,10.208242919355145,15.939972558594413,16.344544497748988,0.06118920551001247,0.027539765075601033,0.11560223841397488,0.016604671439459366,0.003966076978049065,0.04928170104972131,0.9222061230505282
P04,L2,L2_2k,2k,R,200,10,11.78229699145159,9.607215956226407,14.456365123896138,17.073178637230335,0.06249282090648474,0.02847764042341528,0.1182988624045218,0.01965859050502796,0.004574022853174513,0.06029164611210228,0.9178485885884873
P04,L2,L2_2k,2k,R,250,1,8.889971556262903,7.417917111266579,10.63001969979277,19.814323520799007,0.08127786392477321,0.04207495290015071,0.13592170317113703,0.029193579054817176,0.00790077352225374,0.07221525349239769,0.8895285570204096
P04,L2,L2_2k,2k,R,250,2,7.432052651026923,5.773489973411973,9.698692327143393,21.81812591581841,0.08816050226195485,0.0369950670061267,0.16880867465857458,0.026969403447114695,0.005495772340424407,0.0840555672907038,0.8848700942909304
P04,L2,L2_2k,2k,R,250,3,8.466995693200708,6.756816637439308,10.725088947329615,20.337644611473443,0.07566956501494834,0.035108112830256215,0.1381974297511892,0.01702872028415669,0.0037968988147335865,0.05106894847153755,0.9073017147008949
P04,L2,L2_2k,2k,R,250,4,8.348893244702424,6.746191129799312,10.414095737568662,20.491386730536064,0.056317562615613374,0.02418880704584675,0.10819503681743543,0.022570955395420214,0.005252344694906059,0.06614329366672414,0.9211114819889664
P04,L2,L2_2k,2k,R,250,5,9.36998113495019,7.23489562457322,12.165280278155457,19.267005191030762,0.08744211861094131,0.03693433240548908,0.16486954007011867,0.019913976588357904,0.004200339047944646,0.06743047811731116,0.8926439048007008
P04,L2,L2_2k,2k,R,250,6,10.933792305734368,8.683134700860931,13.731849583827124,17.756707816158947,0.11219063153231291,0.055417107666175414,0.1927346460924778,0.018330322934645468,0.003986721456691518,0.05869511472454746,0.8694790455330417
P04,L2,L2_2k,2k,R,250,7,13.647741706678207,10.959172992229725,16.943534825355744,15.811758631265198,0.087759772347802,0.042952034635250616,0.15386485263886587,0.021874390542940346,0.005003580332220727,0.06639408805669501,0.8903658371092577
P04,L2,L2_2k,2k,R,250,8,9.0155649278543,7.195504406080333,11.280440224352695,19.666599609256505,0.09527978833852777,0.04516465257006116,0.16868459260812568,0.01786690091573009,0.003951979289454899,0.05380838035891666,0.8868533107457421
P04,L2,L2_2k,2k,R,250,9,12.806937036080768,10.208242919355145,15.939972558594413,16.344544497748988,0.07172095014219255,0.03295518053447242,0.1286326318124875,0.01852998332045166,0.003963012078423477,0.05787330692444455,0.9097490665373558
P04,L2,L2_2k,2k,R,250,10,11.78229699145159,9.607215956226407,14.456365123896138,17.073178637230335,0.07253847874716811,0.03371202805264593,0.1331660513341069,0.02198560850429742,0.00466122152254508,0.0704333892657029,0.9054759127485345
P04,L2,L2_2k,2k,R,300,1,8.889971556262903,7.417917111266579,10.63001969979277,19.814323520799007,0.1214160943849432,0.06693473374120153,0.1879933709964138,0.04282983489071816,0.011398475766611207,0.10092465498711577,0.8357540707243387
P04,L2,L2_2k,2k,R,300,2,7.432052651026923,5.773489973411973,9.698692327143393,21.81812591581841,0.1316260517094402,0.05955159664990292,0.2357397710483891,0.039146842428506606,0.008072481078057012,0.11877217905840598,0.8292271058620532
P04,L2,L2_2k,2k,R,300,3,8.466995693200708,6.756816637439308,10.725088947329615,20.337644611473443,0.11422209184464732,0.05486019348507737,0.20038265722976029,0.024886901261425315,0.0054917951237796,0.0778964642593986,0.8608910068939273
P04,L2,L2_2k,2k,R,300,4,8.348893244702424,6.746191129799312,10.414095737568662,20.491386730536064,0.08579586579077156,0.03816486621275112,0.1599777578291511,0.03369080084678322,0.0073372131802499916,0.09789028387142029,0.8805133333624452
P04,L2,L2_2k,2k,R,300,5,9.36998113495019,7.23489562457322,12.165280278155457,19.267005191030762,0.1303894391514811,0.06410625336262646,0.22488589668807066,0.029395981007019102,0.006651138831206963,0.08990486059229612,0.8402145798414997
P04,L2,L2_2k,2k,R,300,6,10.933792305734368,8.683134700860931,13.731849583827124,17.756707816158947,0.16630116602362038,0.08851798525301761,0.2644030504126782,0.02684261813851657,0.00591836423904792,0.08270278374125292,0.8068562158378632
P04,L2,L2_2k,2k,R,300,7,13.647741706678207,10.959172992229725,16.943534825355744,15.811758631265198,0.13099476855952163,0.06735030548455505,0.216634580543203,0.032478585606476595,0.007072695166515025,0.09910141696836132,0.8365266458340017
P04,L2,L2_2k,2k,R,300,8,9.0155649278543,7.195504406080333,11.280440224352695,19.666599609256505,0.1421340744439254,0.07049822806998551,0.24119964339526215,0.02621930335078763,0.0055742995751592765,0.08573940563383968,0.831646622205287
P04,L2,L2_2k,2k,R,300,9,12.806937036080768,10.208242919355145,15.939972558594413,16.344544497748988,0.10869712979391738,0.052018667737652326,0.18740078060934956,0.02734628183418575,0.005569831956808295,0.08580211613970438,0.8639565883718969
P04,L2,L2_2k,2k,R,300,10,11.78229699145159,9.607215956226407,14.456365123896138,17.073178637230335,0.1099303945812046,0.05616983053251445,0.18694639317864842,0.0323207031479875,0.007256981530454223,0.09047569941768169,0.8577489022708079
P04,L2,L2_2k,2k,R,350,1,8.889971556262903,7.417917111266579,10.63001969979277,19.814323520799007,0.12010296245554113,0.06991863207280093,0.18482357256397491,0.025278160335735864,0.00661765247175921,0.06954191244438566,0.8546188772087231
P04,L2,L2_2k,2k,R,350,2,7.432052651026923,5.773489973411973,9.698692327143393,21.81812591581841,0.12997192759974696,0.062413867518631025,0.22629130559169297,0.02344584003536361,0.004995980357518035,0.07689923586471055,0.8465822323648894
P04,L2,L2_2k,2k,R,350,3,8.466995693200708,6.756816637439308,10.725088947329615,20.337644611473443,0.11148627027056063,0.05734599710425681,0.19459822296969803,0.014686007021559984,0.003190746866841095,0.04778645593014567,0.8738277227078795
P04,L2,L2_2k,2k,R,350,4,8.348893244702424,6.746191129799312,10.414095737568662,20.491386730536064,0.08432452654169165,0.04099443608534226,0.15130586209940433,0.01978956827597382,0.004573907285393564,0.06255294412571379,0.8958859051823346
P04,L2,L2_2k,2k,R,350,5,9.36998113495019,7.23489562457322,12.165280278155457,19.267005191030762,0.12855847736572096,0.06331677735529521,0.22517845842158324,0.017299789793133152,0.003530178509380812,0.06265479879132824,0.8541417328411458
P04,L2,L2_2k,2k,R,350,6,10.933792305734368,8.683134700860931,13.731849583827124,17.756707816158947,0.16198232048544375,0.09126899243843528,0.25786454003170545,0.015960811642705533,0.0033022652470646304,0.05770972892638922,0.8220568678718507
P04,L2,L2_2k,2k,R,350,7,13.647741706678207,10.959172992229725,16.943534825355744,15.811758631265198,0.1285461532657124,0.07157189374568487,0.20636709800849162,0.019154622766597316,0.004259416092981551,0.062111834604511675,0.8522992239676903
P04,L2,L2_2k,2k,R,350,8,9.0155649278543,7.195504406080333,11.280440224352695,19.666599609256505,0.1396583669293933,0.07448489057610405,0.2293249001860167,0.015609998547489684,0.0033736919843716604,0.052038965053734655,0.8447316345231171
P04,L2,L2_2k,2k,R,350,9,12.806937036080768,10.208242919355145,15.939972558594413,16.344544497748988,0.10582360277722089,0.05573657755263493,0.17856490723444288,0.016112178083813176,0.0035777996728830245,0.05224987990327034,0.8780642191389659
P04,L2,L2_2k,2k,R,350,10,11.78229699145159,9.607215956226407,14.456365123896138,17.073178637230335,0.1080767070073353,0.05541774590481861,0.1840115942545695,0.019018663367166438,0.004027812977883509,0.06655205586061687,0.8729046296254983
P04,L2,L2_14k,14k,NR,50,1,3.3170563565521043,1.5504434745884768,7.108379851948497,34.86975088987071,0.5622678578870293,0.3054873132930735,0.726287761900693,0.09417266388982895,0.017009634648318082,0.2727352142540669,0.3435594782231418
P04,L2,L2_14k,14k,NR,50,2,2.656256824701252,1.1995230275223245,5.889222302780434,40.287562543132395,0.6159534902674841,0.32831747448015147,0.7910586034645095,0.07936425609572303,0.011302082877734836,0.29091518364638563,0.3046822536367928
P04,L2,L2_14k,14k,NR,50,3,2.9632934875685377,1.3842438469155742,6.416518721090173,37.496226076168014,0.5698780470390313,0.31975950022891864,0.7451810277214214,0.055102017879552434,0.008412490203717381,0.19497845222160687,0.3750199350814162
P04,L2,L2_14k,14k,NR,50,4,2.8959868705453857,1.302038902993919,6.354688085760188,38.062454858737716,0.5270353036930251,0.2513286779295986,0.7150849983923842,0.06534328305129111,0.00902220616010426,0.2550250544299382,0.4076214132556838
P04,L2,L2_14k,14k,NR,50,5,2.8377574412858286,1.3241654885595013,6.146277803221691,38.57192995123606,0.5499863331726867,0.28907276225341233,0.7338191612989274,0.06999126241788851,0.011265591829788441,0.24095558812029805,0.3800224044094247
P04,L2,L2_14k,14k,NR,50,6,3.6072995879548717,1.609678019749403,8.133929436775983,33.07551195969972,0.6286088892202124,0.351725139140966,0.7858764953417903,0.06089670393130456,0.008907683680878407,0.23803480013807135,0.31049440684848306
P04,L2,L2_14k,14k,NR,50,7,4.630635268239303,2.133986109892485,10.158239537395843,28.445930809787107,0.5890618401251082,0.31838565632529614,0.7605160990553501,0.06753808208945614,0.00952797505330404,0.25210030543488177,0.3434000777854357
P04,L2,L2_14k,14k,NR,50,8,2.913207145424069,1.3352506612664858,6.386697844788938,37.915322389039616,0.6189160043752354,0.35490796667863755,0.7847161247303449,0.05736071122199335,0.009194646767004792,0.1994577676517117,0.3237232844027712
P04,L2,L2_14k,14k,NR,50,9,4.267611018405508,1.9272593225542416,9.52803376091967,29.85224844391095,0.5414480675118978,0.2713526923491991,0.7221004221621599,0.05770054761860366,0.009068392371027523,0.21320812965321354,0.40085138486949856
P04,L2,L2_14k,14k,NR,50,10,3.9979822490900747,1.8630131234068292,8.728427872760063,31.048296080310667,0.5382528944097658,0.28496436669246106,0.7219227264095679,0.07084529078464369,0.011464398583900835,0.23313751571809113,0.3909018148055905
P04,L2,L2_14k,14k,NR,100,1,2.1542743162212097,1.3325863394035995,3.338585461623337,46.28946541549991,0.4292577428556868,0.20568668705365167,0.5947117385451359,0.07492522546152341,0.013749448364173227,0.2304515849848344,0.49581703168278984
P04,L2,L2_14k,14k,NR,100,2,1.7265703686718474,1.0077767593739675,2.8508012726880207,53.43272071410374,0.48350987248186345,0.23017075326948158,0.676203298204369,0.0620836151966975,0.009474602009467982,0.23536443277391744,0.4544065123214391
P04,L2,L2_14k,14k,NR,100,3,1.9219869774475442,1.170014477516406,3.1184843353020786,49.884301209640405,0.4272087209414529,0.20625696267527663,0.6123091481660767,0.043166819581990534,0.006500087708975413,0.17676090079665005,0.5296244594765566
P04,L2,L2_14k,14k,NR,100,4,1.891811849454233,1.1228364544184979,3.054802089085901,50.39848158072001,0.3841378910211382,0.16442737626185755,0.5710962458088406,0.05171911041487841,0.008010858048868554,0.2082035700647253,0.5641429985639834
P04,L2,L2_14k,14k,NR,100,5,1.8407617998299388,1.1368946566437275,2.964391255873958,51.29546493642867,0.40855244174283445,0.19253607486890384,0.6037544983292851,0.05515847706229389,0.008654384626636492,0.20094827198731396,0.5362890811948716
P04,L2,L2_14k,14k,NR,100,6,2.3464212500707715,1.411545862266544,3.8362158172437915,43.74138385586655,0.4907641480231231,0.2487179589500187,0.6730586325392605,0.04953094932732037,0.007610010349668348,0.18117278581403887,0.4597049026495565
P04,L2,L2_14k,14k,NR,100,7,3.0282773320941905,1.784371260138041,4.8135143872318995,36.97137668173139,0.45223721062816624,0.21142784144680368,0.6298955799247921,0.05219324802528537,0.007650124988979601,0.21559974205721855,0.4955695413465484
P04,L2,L2_14k,14k,NR,100,8,1.9069108510218926,1.1031054000676463,3.204704581864547,50.13973829449129,0.48182621428492156,0.22354379317483378,0.6668235804396053,0.04468894156347483,0.0063404028699403535,0.19438060661773038,0.47348484415160363
P04,L2,L2_14k,14k,NR,100,9,2.764350901471959,1.6884205511249994,4.425445544425782,39.24164444075643,0.3962058229842581,0.1800459780705589,0.5802299904746232,0.04603253962829941,0.0070062428356652915,0.1831433266208298,0.5577616373874424
P04,L2,L2_14k,14k,NR,100,10,2.6041766760887097,1.5881942987374216,4.195057376472815,40.818664259919686,0.3980779055747691,0.18275797502114008,0.5849300050849123,0.05605374931528613,0.008268667829833369,0.20901098815881128,0.5458683451099448
P04,L2,L2_14k,14k,NR,150,1,4.13705921214113,2.2050443922506173,7.273526914291863,30.413295596306718,0.5845736187994774,0.37823830745393033,0.7228225514697325,0.07697247279869777,0.01508665333152925,0.22793851706859314,0.33845390840182477
P04,L2,L2_14k,14k,NR,150,2,3.3132612004979842,1.7009212830382867,6.118443291744017,34.89515765715594,0.6369934075916243,0.41192755188545077,0.7862804903086172,0.06492725463826808,0.0109381583273521,0.22298605628905377,0.29807933777010764
P04,L2,L2_14k,14k,NR,150,3,3.692671058737276,1.9304531892055896,6.744862822367766,32.598243033007975,0.5905502111939063,0.3858101812498549,0.7364952335059283,0.045139748564003185,0.0077719993543268915,0.16194420681402658,0.36431004024209057
P04,L2,L2_14k,14k,NR,150,4,3.6461366285244274,1.8696573441273112,6.664356117822169,32.85579337456059,0.5476003576251577,0.3175389155278141,0.7002970767199711,0.05341710671644566,0.008723461169145574,0.2022263406269936,0.3989825356583967
P04,L2,L2_14k,14k,NR,150,5,3.5433955616982704,1.8354184727586254,6.525912176795266,33.446874185531776,0.5704661424986374,0.34585515220423185,0.7344001853736845,0.05713114740782003,0.009567873397701218,0.2035054314157693,0.37240271009354264
P04,L2,L2_14k,14k,NR,150,6,4.512111611592889,2.3732692245638036,8.166158580001536,28.882297187894583,0.6457748758832994,0.43824284529174395,0.7819820122113152,0.05080110480817189,0.008533692953281722,0.179504488030418,0.3034240193085287
P04,L2,L2_14k,14k,NR,150,7,5.801473575400179,3.030899344697607,10.544302839988168,25.005492833488297,0.6089900125272325,0.39132027214867116,0.7526420526936016,0.05460155992920251,0.008954295030457535,0.19980129012027587,0.33640842754356504
P04,L2,L2_14k,14k,NR,150,8,3.6493738145954504,1.9299975681807549,6.705079584942588,32.837677364367806,0.6368817072855157,0.4130054714837719,0.7809723084793871,0.04669951833420106,0.007800294784393648,0.17020290639498417,0.3164187743802832
P04,L2,L2_14k,14k,NR,150,9,5.352259678646172,2.7465057423540244,9.674881401209342,26.168128612700954,0.5596978913796963,0.3440834755742783,0.7106955524910813,0.04732544398968509,0.007512351185765013,0.18335495170150323,0.39297666463061864
P04,L2,L2_14k,14k,NR,150,10,5.014880962316904,2.6155065030177633,9.003297072533377,27.160233112741274,0.5601912587535486,0.3427157381051831,0.7163775378449841,0.05841636734692236,0.009859822825233398,0.20641981211741733,0.38139237389952907
P04,L2,L2_14k,14k,NR,200,1,3.0590655699201412,1.7589438194966633,5.264468100873355,36.729861431456186,0.49741409597898506,0.30187052313468526,0.6468186563120126,0.0559967330918682,0.01158808825928907,0.1752101091238286,0.4465891709291467
P04,L2,L2_14k,14k,NR,200,2,2.454874688437638,1.3319302279455798,4.489898822110391,42.44840621377747,0.5536855581628186,0.3211183410516402,0.7240290672223632,0.04685891350645132,0.008549836434203546,0.17889316565086338,0.39945552833073006
P04,L2,L2_14k,14k,NR,200,3,2.7535165738770115,1.4640760122891239,4.929770767389748,39.343190804608774,0.49667889902012313,0.27886862354917147,0.662975286566518,0.03210304092056316,0.005433391873653145,0.13916823414590135,0.4712180600593137
P04,L2,L2_14k,14k,NR,200,4,2.6844459081202814,1.4980919436066922,4.751569299809141,40.00763798694562,0.44799323425888893,0.2521476330826588,0.6191037898252122,0.038498192108339435,0.006811291271732073,0.15716561177355798,0.5135085736327717
P04,L2,L2_14k,14k,NR,200,5,2.6078406493827715,1.4384925821107866,4.730281997648908,40.780695362220335,0.4790850895604317,0.25639340005673295,0.6577566127112645,0.04082587951997946,0.007018322173176338,0.17298734831343032,0.4800890309195889
P04,L2,L2_14k,14k,NR,200,6,3.3526226860653408,1.861684174767712,5.888947323673855,34.634264245055526,0.5589816843631801,0.3548897693813598,0.7098017699694802,0.03652867312322926,0.006275683269739099,0.13985520763403336,0.40448964251359065
P04,L2,L2_14k,14k,NR,200,7,4.304110025118531,2.3188207361320465,7.699587787245358,29.701027626514758,0.5189329357505525,0.30660629755740687,0.6781482873162501,0.03950894120153259,0.006633859443098347,0.149880689490382,0.44155812304791486
P04,L2,L2_14k,14k,NR,200,8,2.7119931259123393,1.5083450453315959,4.8063132438174625,39.73904666432349,0.5468286289895941,0.3369498002326564,0.7081809054070259,0.033709539112377104,0.005989173426701275,0.1284263265207743,0.4194618318980289
P04,L2,L2_14k,14k,NR,200,9,3.9525727469695795,2.1956350133233817,6.8842279550610375,31.26462928169157,0.46251846049384737,0.2738904895723444,0.6206661561229192,0.033797723700350696,0.0060462127690598015,0.13078014527585582,0.5036838158058019
P04,L2,L2_14k,14k,NR,200,10,3.6983262336200253,2.043912681961738,6.518577350128377,32.56735834111694,0.4651984934186878,0.26066693600929475,0.6258114895336433,0.042134951678417944,0.007507101947552164,0.15767892159459737,0.49266655490289424
P04,L2,L2_14k,14k,NR,250,1,2.40628080734022,1.162432076882266,4.84278038012772,43.01571999984032,0.49520947460681564,0.20368419909220442,0.6649145826548059,0.0451692141728401,0.009641801697425552,0.14996200812654883,0.4596213112203442
P04,L2,L2_14k,14k,NR,250,2,1.9351418862714822,0.9046944762128225,4.035941034597553,49.663763986022154,0.5487961319358122,0.2353450552691821,0.7362896355175417,0.03768296117571474,0.006945418727924419,0.14214718553837538,0.413520906888473
P04,L2,L2_14k,14k,NR,250,3,2.172276354413812,0.9577366617175883,4.615274623735148,46.03557697535779,0.492422844763896,0.17925350998742212,0.6873451467321168,0.025799475620801697,0.004246359175600131,0.11631193346946928,0.4817776796153024
P04,L2,L2_14k,14k,NR,250,4,2.112108319332637,0.9691224592680301,4.497329703577471,46.897282216242544,0.44572166225272314,0.1628868089757995,0.6412511627747511,0.03137173510215262,0.005545550957656046,0.12455686073400839,0.5229066026451242
P04,L2,L2_14k,14k,NR,250,5,2.062461783920422,0.9459416923827229,4.285669016930862,47.637309930709506,0.47534308285269034,0.1764180338345622,0.6741204452385673,0.03331073426675687,0.005736085729168663,0.14045385638839716,0.49134618288055276
P04,L2,L2_14k,14k,NR,250,6,2.621875381532642,1.2104426300205102,5.5380453041747275,40.6361116481902,0.556139523293329,0.23731786194237914,0.7349629988693651,0.0289887477788991,0.004991443132176221,0.12657237692321696,0.4148717289277718
P04,L2,L2_14k,14k,NR,250,7,3.394590053475401,1.5210008855865538,7.145874668014961,34.36233526666027,0.5161017713176919,0.20332254582196513,0.6999094160736399,0.031637095492656274,0.0055637339261936725,0.1300428611819746,0.4522611331896519
P04,L2,L2_14k,14k,NR,250,8,2.126344992919794,0.9907679920227751,4.491606919293175,46.689975806548226,0.5446494118989651,0.22773818197939347,0.7271401741496977,0.026838655556505234,0.004883080884425244,0.11460716812093392,0.4285119325445297
P04,L2,L2_14k,14k,NR,250,9,3.109680308909228,1.413996104952595,6.5107244795791015,36.34240209574854,0.4617941212997129,0.17181000589053247,0.6496870882165728,0.027201562201724004,0.004983224192633604,0.1126655169817524,0.5110043164985631
P04,L2,L2_14k,14k,NR,250,10,2.9273770773906205,1.3295444570689665,6.159686357212592,37.795431972180445,0.46298230362018855,0.1700072937843278,0.6561923469294217,0.03346819926436623,0.005916472137168046,0.13528868415990633,0.5035494971154453
P04,L2,L2_14k,14k,NR,300,1,2.507667202197781,1.5490504651100385,3.9892193717312203,41.853175039464084,0.30349252292907813,0.11276770425550749,0.45964779964635943,0.04023176803897463,0.008076498860689554,0.1267294491282319,0.6562757090319472
P04,L2,L2_14k,14k,NR,300,2,2.0084964454150764,1.148205937389565,3.481116259721611,48.47293726401744,0.3547026954859593,0.11569839654562608,0.5545021895825042,0.033459401069309724,0.005361145113447476,0.13460890540155857,0.611837903444731
P04,L2,L2_14k,14k,NR,300,3,2.2460863922523435,1.2938257077081743,3.761403165873858,45.028345378497015,0.29673836928769193,0.09993116968760705,0.4721256366077456,0.022628014738055344,0.004026424962970259,0.09288351174293595,0.6806336159742528
P04,L2,L2_14k,14k,NR,300,4,2.208690829189065,1.3030172161879796,3.6376354496606518,45.53198447719048,0.25923989861722074,0.08645252962781143,0.42627816912657857,0.027831137847945074,0.004725082270881506,0.10952488343987443,0.7129289635348341
P04,L2,L2_14k,14k,NR,300,5,2.1408407802593956,1.3103913737054074,3.4440957969078188,46.48109084619314,0.280388302981434,0.10666991976982763,0.4509353511996635,0.030027319151793908,0.0055128281051868904,0.10270847292472671,0.6895843778667721
P04,L2,L2_14k,14k,NR,300,6,2.7449192521487413,1.6383321833228726,4.522060480291703,39.42427823466828,0.35519751140593125,0.13061007484144688,0.5379042038029048,0.025962654513075584,0.004594838188842246,0.09844417323791506,0.6188398340809932
P04,L2,L2_14k,14k,NR,300,7,3.5235177501910417,2.0119584714774708,5.881311048813916,33.564965007762574,0.3201033979557889,0.1122053081996833,0.4903748021549102,0.027821442808862135,0.004767911223779124,0.11415124045001077,0.652075159235349
P04,L2,L2_14k,14k,NR,300,8,2.2158609727822967,1.287101961431243,3.7286448888476724,45.43436974074739,0.3443214736493265,0.12102761111559068,0.5274849275295574,0.024100463177761603,0.004107508881335185,0.09519262623513734,0.6315780631729119
P04,L2,L2_14k,14k,NR,300,9,3.2190277082899037,1.9745670244526057,5.192888249388539,35.54390068805369,0.2684321455603142,0.09391478617050988,0.43407930522826443,0.024269487780988176,0.004164252658769631,0.09519341095029943,0.7072983666586976
P04,L2,L2_14k,14k,NR,300,10,3.046909330079065,1.7764463357674685,5.002327522144603,36.82468363702377,0.27286824442403523,0.09549258869361042,0.4387307389485077,0.029968224900123075,0.005161255937125273,0.11397716300548483,0.6971635306758417
P04,L2,L2_14k,14k,NR,350,1,2.902789729499039,1.859686908206461,4.436022182364989,38.004141015723704,0.35172798425829427,0.19888819451702627,0.4828871250106677,0.036874082304086786,0.008276235469399415,0.11530871419927524,0.611397933437619
P04,L2,L2_14k,14k,NR,350,2,2.334712666949458,1.3913993044857116,3.763480912350356,43.886910788931274,0.40643333306661766,0.21616564911812403,0.5690811064480541,0.03095898105548027,0.0055521637826298495,0.12214014204407887,0.5626076858779021
P04,L2,L2_14k,14k,NR,350,3,2.6002818126122866,1.6185313000531538,4.0765237717747524,40.85912778506872,0.3429891354346838,0.18282584671955365,0.4999114543487581,0.02118696571820379,0.004000126894663905,0.0819649957443746,0.6358238988471124
P04,L2,L2_14k,14k,NR,350,4,2.5479178089724215,1.6128250003716749,3.944137314002777,41.413517844456734,0.302040796714885,0.15936636221781478,0.45225997926170824,0.025670156975105156,0.004797882203908124,0.09424814203176396,0.67228904631001
P04,L2,L2_14k,14k,NR,350,5,2.492201715010577,1.5548701165070888,3.8701004756645068,42.025328059729496,0.32983010494782294,0.16915158584627593,0.4959305814784645,0.027233764933197225,0.0051093006958890875,0.10423718480964257,0.6429361301189799
P04,L2,L2_14k,14k,NR,350,6,3.185782902579346,2.001646934691079,4.940398796640293,35.781287425607104,0.4064841655568302,0.23519799734093916,0.5570305592081816,0.023817826250540103,0.004628791957740357,0.090725655578214,0.5696980081926297
P04,L2,L2_14k,14k,NR,350,7,4.0761332860541994,2.5854056524806324,6.278173144493424,30.686511115916336,0.36652792682028856,0.20846880886745886,0.5191717379856065,0.02614938389378839,0.004972121920951875,0.093796841554926,0.607322689285923
P04,L2,L2_14k,14k,NR,350,8,2.569048430821993,1.6125125900267143,4.049787228342183,41.18745293149242,0.39427660347337795,0.21759014440174138,0.5532393295193277,0.02206737227342198,0.004324865797824332,0.08393687596347521,0.5836560242532001
P04,L2,L2_14k,14k,NR,350,9,3.7457810399122384,2.3900027711906753,5.790807267858967,32.311641332381924,0.31446953954885615,0.17086245824074775,0.4582337043494767,0.02226150398711118,0.004323790774277841,0.08235043531541861,0.6632689564640327
P04,L2,L2_14k,14k,NR,350,10,3.5146635948364677,2.2633668362010657,5.385792960042387,33.6179694384746,0.31837434816454613,0.17414679686543555,0.462812200584999,0.0275749363573976,0.005269413038400754,0.10169737492464008,0.6540507154780563
P04,L2,L2_14k,14k,R,50,1,9.150627443533281,6.963793491111432,12.086883211453653,19.51138955728558,0.15552153720806727,0.09602013136062466,0.23164596465555204,0.02500057517312601,0.006403325996332794,0.06745368244138474,0.8194778876188067
P04,L2,L2_14k,14k,R,50,2,7.349595117541394,5.223735831188221,10.308182619733426,21.950624759409678,0.18823941938477715,0.10594060577261188,0.2976105969653346,0.02063872121887952,0.004367728023371656,0.07518730861023586,0.7911218593963433
P04,L2,L2_14k,14k,R,50,3,8.186774903183464,6.040684418238554,11.206239494842665,20.708267163455226,0.14994385801151322,0.08533142071114676,0.23784123806137974,0.014243464335395969,0.003108398710043091,0.04750043102810492,0.8358126776530909
P04,L2,L2_14k,14k,R,50,4,8.025146999705896,5.87354451810648,11.086228080834507,20.931554893541865,0.12810629975488294,0.07045495320570744,0.20945339457558698,0.01724918415848854,0.0038130329259532234,0.05551655516283431,0.8546445160866285
P04,L2,L2_14k,14k,R,50,5,7.817875169438523,5.61486659401838,11.14357342363116,21.228860380727006,0.14286070150021335,0.07412709003968194,0.24407443711668378,0.01806013418719856,0.003690523804968159,0.06442654289951438,0.8390791643125881
P04,L2,L2_14k,14k,R,50,6,9.999210813226577,7.14440537006962,13.999207422640207,18.614102972234313,0.18923559774580742,0.11008496666848566,0.28793766322467435,0.015913075812065122,0.003466539337541128,0.054607609604196555,0.7948513264421274
P04,L2,L2_14k,14k,R,50,7,12.855251376995131,9.336052698523186,17.38782792224959,16.31245603285615,0.16422527361553346,0.09455455499157511,0.25362304810788294,0.01733937709406458,0.003462658825300192,0.06298941221493967,0.818435349290402
P04,L2,L2_14k,14k,R,50,8,8.099791049724661,5.9261620597668125,11.07794566085847,20.82753364161332,0.18080060379418927,0.1070144429143106,0.2798398094391899,0.014827936850907768,0.0032365682438156435,0.048803427728655556,0.804371459354903
P04,L2,L2_14k,14k,R,50,9,11.789667473056896,8.60316790639262,16.09033541614475,17.067583435515818,0.13368169888420592,0.0762075107801935,0.21530640462116224,0.015047319348622197,0.0032100763021778392,0.04938238610708946,0.8512709817671719
P04,L2,L2_14k,14k,R,50,10,11.090239088106733,8.161687335819089,14.951044843338561,17.624479816162413,0.13666141410367352,0.07907315789343398,0.21543982625869976,0.018290777168324168,0.004340827602377632,0.05800496075612622,0.8450478087280023
P04,L2,L2_14k,14k,R,100,1,10.530210855307217,8.152482118531646,13.593108549518616,18.112105070001366,0.11460688512280603,0.060633087394406864,0.1806809885726457,0.033148695588545635,0.00824584242847323,0.0847821788895181,0.8522444192886484
P04,L2,L2_14k,14k,R,100,2,8.427908380264554,6.114833711540077,11.857858021843924,20.38814059983554,0.13991789475898972,0.06920557091558985,0.23584572379520083,0.0276165814123513,0.00611624673151637,0.08398824317715081,0.8324655238286589
P04,L2,L2_14k,14k,R,100,3,9.434125526241816,6.92980217994554,12.77534066725824,19.197268291087475,0.1106530784294594,0.05627243974260781,0.18675973985142535,0.018811667325588474,0.0042330821097716406,0.05777193644758034,0.8705352542449522
P04,L2,L2_14k,14k,R,100,4,9.253945907177114,6.916133244448288,12.341088260437807,19.395122824500742,0.09335115906421916,0.045991275476642154,0.16131861481481244,0.022692390165685368,0.005006823139951403,0.07150245121814194,0.8839564507700954
P04,L2,L2_14k,14k,R,100,5,9.016077342245723,6.607925430497384,12.273768365363855,19.666003695959688,0.10504551931313641,0.0484846117124051,0.1847723008630314,0.024227674431044358,0.004612752094233886,0.08200528519257694,0.8707268062558192
P04,L2,L2_14k,14k,R,100,6,11.533863263017121,8.388777049619332,15.758912953403804,17.265063428830135,0.14139497535702072,0.06923307906335288,0.23463604160957208,0.021076131088012207,0.004006032948663119,0.07743708730575086,0.8375288935549671
P04,L2,L2_14k,14k,R,100,7,14.773823321257698,10.928403918693858,19.980343492503025,15.173682379765006,0.12126986905839804,0.06316380226648304,0.19724877486651385,0.023050025999827632,0.005081918993586292,0.07108684021216893,0.8556801049417744
P04,L2,L2_14k,14k,R,100,8,9.33639114137007,6.823512783739333,12.89728640769549,19.303829987944866,0.13395078667443847,0.06728131203717563,0.22657556419712965,0.019537747013748847,0.004035460335016198,0.06628127789078865,0.8465114663118126
P04,L2,L2_14k,14k,R,100,9,13.58966253643121,9.970011171277156,18.202762190174465,15.846894501553619,0.09786556133444975,0.04955174999673224,0.16552551064004706,0.019913066911518652,0.004310387267735992,0.061724145985669464,0.8822213717540316
P04,L2,L2_14k,14k,R,100,10,12.7631884238655,9.622161907890531,16.960010879641292,16.373764948673557,0.09999087757222244,0.05036420747194657,0.16681348015608904,0.02458861476143103,0.005320982495872675,0.07440182878569057,0.8754205076663465
P04,L2,L2_14k,14k,R,150,1,9.120208357321307,7.111129683772568,11.632082290585242,19.546023667109345,0.039949550455544935,0.014038842216987934,0.08283832596036529,0.03139111232064394,0.009229838853785652,0.0723254384778429,0.9286593372238111
P04,L2,L2_14k,14k,R,150,2,7.299888032705038,5.321990815962672,10.219274027761957,22.031687518105407,0.049269875882316315,0.01581367080611305,0.11389028529865221,0.026297306119043504,0.00588641216063302,0.07896341054666461,0.9244328179986402
P04,L2,L2_14k,14k,R,150,3,8.148033479575588,6.0262484145262185,10.979945591978609,20.761131034314495,0.038063628849858186,0.012724715461053904,0.08749687909409466,0.01792367553281079,0.004070441353919505,0.05528735729618989,0.944012695617331
P04,L2,L2_14k,14k,R,150,4,7.977703993903495,6.00455059628216,10.706115211209061,20.9984928398429,0.03194513607193782,0.010111943383121387,0.07416418053039146,0.021633408723756405,0.005085065241096499,0.06488230029596959,0.9464214552043058
P04,L2,L2_14k,14k,R,150,5,7.804207841369099,5.7575141870612665,10.625953094740385,21.248916758904283,0.03586280459144414,0.01183610043102663,0.08253750731790115,0.022712459553598133,0.005291958088923313,0.06837843912857493,0.9414247358549577
P04,L2,L2_14k,14k,R,150,6,9.982444333207436,7.420923465535705,13.237698767090135,18.630643897468072,0.049738516277005894,0.017126561149265383,0.10493543927199231,0.020005197487792413,0.005072690743836041,0.0576647140377811,0.9302562862352017
P04,L2,L2_14k,14k,R,150,7,12.77573073704231,9.50963304702966,17.083427633319136,16.365371662529306,0.04249820378834408,0.01438091294344833,0.09260511308750755,0.02209236390392018,0.005463943914687833,0.06329117763777924,0.9354094323077357
P04,L2,L2_14k,14k,R,150,8,8.075338740763879,5.889330775642494,10.922329393548672,20.861437023972528,0.04740073067047136,0.015962436336757393,0.10367226372346652,0.018514102908995828,0.004518300405717572,0.055984981799855046,0.9340851664205329
P04,L2,L2_14k,14k,R,150,9,11.770544774220223,8.818715901637791,15.526490132828078,17.0821116019256,0.033624137878215624,0.011336073440551606,0.07443293219581552,0.018599511341321446,0.004667825122900974,0.0541025071776071,0.947776350780463
P04,L2,L2_14k,14k,R,150,10,11.027525104309259,8.276139452706884,14.762732467471555,17.677128472568793,0.03419383164331499,0.011341418509476587,0.07828357392098285,0.02325644452093894,0.00531819635805827,0.0689122068659022,0.9425497238357461
P04,L2,L2_14k,14k,R,200,1,8.982794271471125,6.966809590382269,11.710555359150613,19.704823891100624,0.06505172236066971,0.027419471826014383,0.11862046167506739,0.02641894799824182,0.0072436454429739856,0.06506089051960584,0.9085293296410885
P04,L2,L2_14k,14k,R,200,2,7.214777159705626,5.152802210424519,10.085164399120382,22.17262335460877,0.08023830270281238,0.031634488093386114,0.15858378189588518,0.02223796878431577,0.004476395123296758,0.07356258010289878,0.8975237285128719
P04,L2,L2_14k,14k,R,200,3,8.027594331870862,5.978326027071398,10.881318804244067,20.928119414636935,0.061973341206610924,0.025522264298553924,0.12142422008460921,0.015072859307798316,0.003480087294714066,0.04691393026751582,0.9229537994855908
P04,L2,L2_14k,14k,R,200,4,7.8965540258779034,5.8680499442939436,10.675661167145565,21.114506209862093,0.05248019504377721,0.020925694919244304,0.10542784161479161,0.018177326392152547,0.004078208761712379,0.05711350073093582,0.9293424785640703
P04,L2,L2_14k,14k,R,200,5,7.675020815141151,5.485140688706688,11.158251001278579,21.441374844085086,0.058720927250694915,0.02176710637467576,0.12435681895545934,0.019441743779218562,0.0045793797524171275,0.061236226109921146,0.9218373289700865
P04,L2,L2_14k,14k,R,200,6,9.845108940921794,7.253843972427167,13.194542373730414,18.767820518275677,0.08032176668489885,0.033880585807980146,0.15116253653851275,0.017000380594999448,0.00407908098897993,0.05238671906698996,0.9026778527201017
P04,L2,L2_14k,14k,R,200,7,12.598110604374074,9.268921010969622,17.233035354063073,16.485455117164417,0.0688006420669911,0.02802200203086541,0.13328185063120365,0.018654522185331954,0.004096609529338971,0.057446934105122624,0.912544835747677
P04,L2,L2_14k,14k,R,200,8,7.9530898948629485,5.782949575292702,10.96405523303903,21.03347748303139,0.07662966396154083,0.031199401968771096,0.14674215698546172,0.015533621444043926,0.0036243407249215943,0.04966066832760956,0.9078367145944153
P04,L2,L2_14k,14k,R,200,9,11.59940026556557,8.450248317830974,15.706943083520617,17.213814651046356,0.05478658182441919,0.022317449201681227,0.10648732832102889,0.01592367717406265,0.003717262000646899,0.04743433205563133,0.9292897410015182
P04,L2,L2_14k,14k,R,200,10,10.895840600407595,8.178386621924028,14.546357135326065,17.789237080145586,0.056185336482809045,0.022980638163805172,0.10849235248064118,0.019652176797373733,0.004598524060732904,0.05921006890449244,0.9241624867198173
P04,L2,L2_14k,14k,R,250,1,11.385466800972662,8.89569005570244,14.582067143994053,17.382824964740198,0.0905662919268898,0.04667693599874983,0.1493791133349366,0.029770857597250986,0.007241212287529588,0.074017206312082,0.8796628504758592
P04,L2,L2_14k,14k,R,250,2,9.112286620206891,6.466825133947964,12.997337854143783,19.555073572437223,0.11097706720449371,0.05134917421668624,0.19619152066429418,0.024821042843005413,0.0050112903911369,0.07758423055381478,0.8642018899525008
P04,L2,L2_14k,14k,R,250,3,10.206215562013858,7.6311613943143985,13.556971477436361,18.413462478123407,0.08676822677821933,0.04337376039002764,0.14977530647447132,0.016883957962590623,0.003783423588860027,0.05194701099567693,0.8963478152591902
P04,L2,L2_14k,14k,R,250,4,9.991042784295793,7.498800359118093,13.380616789276413,18.622155587729537,0.07298425328666466,0.03502160328591113,0.13226620922160068,0.020603457048169085,0.00427939688636666,0.0641654437922642,0.9064122896651662
P04,L2,L2_14k,14k,R,250,5,9.752616032156737,7.176312090588014,13.36252863975047,18.86194095147752,0.0824091620469906,0.036338542655415924,0.15511417862775706,0.021733380072746663,0.00410665276599852,0.0727752183579757,0.8958574578802628
P04,L2,L2_14k,14k,R,250,6,12.473995610754312,9.19906081823864,16.681377034880438,16.570955817832466,0.11145470723426858,0.05398426587090788,0.1893279641984303,0.019010835242502154,0.004042795970765594,0.06294102768818667,0.8695344575232293
P04,L2,L2_14k,14k,R,250,7,15.99927535537256,11.877218159603268,21.36484852421049,14.560219963399922,0.09549268278845652,0.04762427698891358,0.16388039427606482,0.020664408974039924,0.004481170562634313,0.06392477782572013,0.8838429082375037
P04,L2,L2_14k,14k,R,250,8,10.077192211360014,7.515982808018553,13.648820309263687,18.53774809416917,0.10572837664434662,0.05220526522947521,0.18714775054681063,0.017650741796688775,0.0038439708153743604,0.05484695776741351,0.8766208815589646
P04,L2,L2_14k,14k,R,250,9,14.68422422375432,10.908545336638474,19.742062723789246,15.221641923716312,0.0764963352979589,0.03659862543814107,0.13712183301226155,0.017787856723194287,0.0037088239720671403,0.055867955766738094,0.9057158079788468
P04,L2,L2_14k,14k,R,250,10,13.812254219702721,10.393119376040133,18.23499286279656,15.71349137623265,0.07824489667037934,0.03756026010053951,0.14063285071805046,0.02237912715523115,0.004433957195959107,0.06963382203642528,0.8993759761743895
P04,L2,L2_14k,14k,R,300,1,11.023655350210792,8.475772526650518,14.401591661193317,17.68039267757325,0.13385872725150946,0.0764347569682263,0.20485108338673919,0.04092777985790989,0.009968183684584107,0.09908839183934073,0.8252134928905807
P04,L2,L2_14k,14k,R,300,2,8.845523224067907,6.340085338154764,12.46847730858341,19.86741229165364,0.16307961895132794,0.08303028118420144,0.2674575297837741,0.03379787021326952,0.006877500125648743,0.10288649311441697,0.8031225108354025
P04,L2,L2_14k,14k,R,300,3,9.848839837369095,7.172789972979376,13.607662942896688,18.764053618623603,0.12965520552726867,0.06773425995072395,0.2146020575526596,0.02332376153848987,0.00495806803477137,0.07488503746929832,0.8470210329342414
P04,L2,L2_14k,14k,R,300,4,9.681169644126815,7.080918589013182,13.262747221938806,18.935626722791806,0.10974929845114255,0.055971003741739966,0.1878305743233729,0.028260568093760596,0.005883598906371714,0.0848672008208214,0.8619901334550968
P04,L2,L2_14k,14k,R,300,5,9.447879098811264,6.892670695712715,13.007395793305708,19.18241447223653,0.12327320361170122,0.06054089556340192,0.2093708802181291,0.030077626144901323,0.006394727918616303,0.08882239239777305,0.8466491702433975
P04,L2,L2_14k,14k,R,300,6,12.07892430584609,8.712498548465918,16.61842373762315,16.85226280562176,0.16472971870399583,0.08810567952903457,0.2587910399157838,0.026322354508352255,0.0053303127592101065,0.08373480598678232,0.8089479267876518
P04,L2,L2_14k,14k,R,300,7,15.441284293990645,11.361677392410474,20.793809145917546,14.830150549317732,0.1420456192672472,0.07795860449467083,0.22797833719321775,0.02847150257539616,0.005833220459858401,0.08740157298344499,0.8294828781573566
P04,L2,L2_14k,14k,R,300,8,9.756385180261095,7.001569993302214,13.645812310962913,18.8580776311564,0.15753839769366915,0.07998949572748176,0.25884561602779643,0.024227285328265694,0.004911454884887143,0.08097170253975536,0.8182343169780651
P04,L2,L2_14k,14k,R,300,9,14.205381618398537,10.297442017093665,19.384555142137227,15.485907537644273,0.11515746230722712,0.059180481660385885,0.19300590361162515,0.024950887594297637,0.004850577219940416,0.0809890010642869,0.8598916500984752
P04,L2,L2_14k,14k,R,300,10,13.365491699549821,9.68205447035707,18.08040921682139,15.98474517916573,0.11749474274050542,0.06113527377302869,0.19473565151993333,0.030211347298754406,0.006346488934540966,0.09099751447610582,0.8522939099607402
P04,L2,L2_14k,14k,R,350,1,7.743772717182027,5.999881130857473,10.034660927598868,21.338296620245618,0.0984966263249149,0.04893068243253951,0.16314782247958093,0.028950164635355064,0.006932473213811193,0.07718407008234215,0.8725532090397301
P04,L2,L2_14k,14k,R,350,2,6.194123573535274,4.415497959142509,8.800772778203049,24.109426729294665,0.12119618322254401,0.05693800369509653,0.21442906375710705,0.02395391218655009,0.0050398322935052975,0.07763571167648589,0.8548499045909059
P04,L2,L2_14k,14k,R,350,3,6.922097116526517,5.190010550447381,9.29476372517686,22.679045660838028,0.09480868443618021,0.04565073898384186,0.16562835651821917,0.016616156519644387,0.003309136930909718,0.05429627228683025,0.8885751590441754
P04,L2,L2_14k,14k,R,350,4,6.801222323874254,5.038272450897138,9.149930527118135,22.89871247470018,0.08000937916566395,0.039046098363009867,0.14133817710239624,0.02023327179114765,0.004346973593610031,0.060903383899432166,0.8997573490431884
P04,L2,L2_14k,14k,R,350,5,6.616882721248462,4.891520102641784,9.027314313110622,23.246559415401833,0.09017037253448965,0.03955584085540456,0.16763253950776608,0.020975618692021573,0.004291918866360819,0.0730032478961717,0.8888540087734887
P04,L2,L2_14k,14k,R,350,6,8.454462305726713,6.20749357667127,11.551722431009438,20.353795009129396,0.1214142317025666,0.05724140220180549,0.2083792019360834,0.0185199666310657,0.0036795889900348676,0.06460277740993964,0.8600658016663677
P04,L2,L2_14k,14k,R,350,7,10.892041341276958,7.987068805128303,14.635126657172588,17.792503400160232,0.10438422766547653,0.0512541373826958,0.17770856979815372,0.02023971023598793,0.004211490661952777,0.06391795151046302,0.8753760620985356
P04,L2,L2_14k,14k,R,350,8,6.852988640658484,4.9536757505601265,9.524039279246802,22.803846977572583,0.11537494511871065,0.05537651768482269,0.20378909726940128,0.017175888237303268,0.003555061717179896,0.05954857663150565,0.8674491666439861
P04,L2,L2_14k,14k,R,350,9,9.942325085935774,7.449329239742026,13.398635037409536,18.670403954174077,0.0840195579310864,0.04111185471297069,0.14759607396071953,0.017333855682606706,0.0038045714784683696,0.05361927317569202,0.8986465863863069
P04,L2,L2_14k,14k,R,350,10,9.386879493237874,7.0449885332976345,12.491641544994913,19.248559417369314,0.08577551762146332,0.03973944520033029,0.15429777774840037,0.021488796007202465,0.004100703412020599,0.0748771898097444,0.8927356863713343
