ID,level,model_id,kappa_struct,contrast,median,lower,upper,raw_ID
P01,L1,L1_2k,2k,gain_R_minus_NR_kappa_50ms_S1,9.151236004338038,7.632640521320953,10.833752871603796,AQ
P01,L1,L1_2k,2k,gain_R_minus_NR_gamma_50ms_S1,-0.22277671052292908,-0.31378680973439116,-0.1416544099958822,AQ
P01,L1,L1_2k,2k,gain_R_minus_NR_kappa_50ms_S10,12.25307014755883,9.61970920825349,15.923610429196826,AQ
P01,L1,L1_2k,2k,gain_R_minus_NR_gamma_50ms_S10,-0.23572994745376155,-0.341382989920782,-0.14284093549064672,AQ
P01,L1,L1_2k,2k,gain_R_minus_NR_kappa_100ms_S1,9.151236004338038,7.632640521320953,10.833752871603796,AQ
P01,L1,L1_2k,2k,gain_R_minus_NR_gamma_100ms_S1,-0.10859657355910454,-0.18975240913373326,-0.035320443628438045,AQ
P01,L1,L1_2k,2k,gain_R_minus_NR_kappa_100ms_S10,12.25307014755883,9.61970920825349,15.923610429196826,AQ
P01,L1,L1_2k,2k,gain_R_minus_NR_gamma_100ms_S10,-0.11536496308923855,-0.20626375413574655,-0.03696734535166072,AQ
P01,L1,L1_2k,2k,gain_R_minus_NR_kappa_150ms_S1,9.151236004338038,7.632640521320953,10.833752871603796,AQ
P01,L1,L1_2k,2k,gain_R_minus_NR_gamma_150ms_S1,-0.2490054414870978,-0.3395025410854637,-0.16710132901909908,AQ
P01,L1,L1_2k,2k,gain_R_minus_NR_kappa_150ms_S10,12.25307014755883,9.61970920825349,15.923610429196826,AQ
P01,L1,L1_2k,2k,gain_R_minus_NR_gamma_150ms_S10,-0.2631207591051642,-0.3744199588762214,-0.1671984276986333,AQ
P01,L1,L1_2k,2k,gain_R_minus_NR_kappa_200ms_S1,9.151236004338038,7.632640521320953,10.833752871603796,AQ
P01,L1,L1_2k,2k,gain_R_minus_NR_gamma_200ms_S1,-0.1964449213310993,-0.28239857139776414,-0.1232157248075823,AQ
P01,L1,L1_2k,2k,gain_R_minus_NR_kappa_200ms_S10,12.25307014755883,9.61970920825349,15.923610429196826,AQ
P01,L1,L1_2k,2k,gain_R_minus_NR_gamma_200ms_S10,-0.20916812878232685,-0.315027163934927,-0.12214968317394784,AQ
P01,L1,L1_2k,2k,gain_R_minus_NR_kappa_250ms_S1,9.151236004338038,7.632640521320953,10.833752871603796,AQ
P01,L1,L1_2k,2k,gain_R_minus_NR_gamma_250ms_S1,-0.21956377177300518,-0.30062100792674157,-0.15106118960099696,AQ
P01,L1,L1_2k,2k,gain_R_minus_NR_kappa_250ms_S10,12.25307014755883,9.61970920825349,15.923610429196826,AQ
P01,L1,L1_2k,2k,gain_R_minus_NR_gamma_250ms_S10,-0.2350459326321548,-0.33497218768746395,-0.1497494471113231,AQ
P01,L1,L1_2k,2k,gain_R_minus_NR_kappa_300ms_S1,9.151236004338038,7.632640521320953,10.833752871603796,AQ
P01,L1,L1_2k,2k,gain_R_minus_NR_gamma_300ms_S1,-0.1362956865586229,-0.21180720593658248,-0.07314535530120958,AQ
P01,L1,L1_2k,2k,gain_R_minus_NR_kappa_300ms_S10,12.25307014755883,9.61970920825349,15.923610429196826,AQ
P01,L1,L1_2k,2k,gain_R_minus_NR_gamma_300ms_S10,-0.14589697769280546,-0.23813534275160259,-0.07642984206286532,AQ
P01,L1,L1_2k,2k,gain_R_minus_NR_kappa_350ms_S1,9.151236004338038,7.632640521320953,10.833752871603796,AQ
P01,L1,L1_2k,2k,gain_R_minus_NR_gamma_350ms_S1,-0.12904570773538204,-0.2014524705138851,-0.0695219949083732,AQ
P01,L1,L1_2k,2k,gain_R_minus_NR_kappa_350ms_S10,12.25307014755883,9.61970920825349,15.923610429196826,AQ
P01,L1,L1_2k,2k,gain_R_minus_NR_gamma_350ms_S10,-0.13888121982208518,-0.22603907373401821,-0.0715210807752523,AQ
P01,L1,L1_2k,2k,dur350_minus_50_kappa_NR_S1,0,0,0,AQ
P01,L1,L1_2k,2k,dur350_minus_50_gamma_NR_S1,-0.12858039490667367,-0.22238978982447133,-0.03855561596375895,AQ
P01,L1,L1_2k,2k,dur350_minus_50_kappa_NR_S10,0,0,0,AQ
P01,L1,L1_2k,2k,dur350_minus_50_gamma_NR_S10,-0.13394554475236697,-0.23878737975194078,-0.03988217636936698,AQ
P01,L1,L1_2k,2k,dur350_minus_50_kappa_R_S1,0,0,0,AQ
P01,L1,L1_2k,2k,dur350_minus_50_gamma_R_S1,-0.03453839475597564,-0.07883244018298755,0.002952527105905068,AQ
P01,L1,L1_2k,2k,dur350_minus_50_kappa_R_S10,0,0,0,AQ
P01,L1,L1_2k,2k,dur350_minus_50_gamma_R_S10,-0.037583064023869614,-0.08855175133045852,0.0034658039859713097,AQ
P01,L1,L1_2k,2k,session_S10_minus_S1_kappa_NR_50ms,1.3390060814862619,0.2264536107929922,2.74465957525602,AQ
P01,L1,L1_2k,2k,session_S10_minus_S1_gamma_NR_50ms,0.019704839139994407,-0.07317255510910287,0.1180766753742379,AQ
P01,L1,L1_2k,2k,session_S10_minus_S1_kappa_NR_100ms,1.3390060814862619,0.2264536107929922,2.74465957525602,AQ
P01,L1,L1_2k,2k,session_S10_minus_S1_gamma_NR_100ms,0.01570596660691362,-0.057956828748368223,0.09695767455854497,AQ
P01,L1,L1_2k,2k,session_S10_minus_S1_kappa_NR_150ms,1.3390060814862619,0.2264536107929922,2.74465957525602,AQ
P01,L1,L1_2k,2k,session_S10_minus_S1_gamma_NR_150ms,0.02082919126294261,-0.07484924939541722,0.11987124531085108,AQ
P01,L1,L1_2k,2k,session_S10_minus_S1_kappa_NR_200ms,1.3390060814862619,0.2264536107929922,2.74465957525602,AQ
P01,L1,L1_2k,2k,session_S10_minus_S1_gamma_NR_200ms,0.01775581180971182,-0.06526360827574998,0.10712417945828055,AQ
P01,L1,L1_2k,2k,session_S10_minus_S1_kappa_NR_250ms,1.3390060814862619,0.2264536107929922,2.74465957525602,AQ
P01,L1,L1_2k,2k,session_S10_minus_S1_gamma_NR_250ms,0.018118567741392033,-0.06619334834889017,0.1063552025180835,AQ
P01,L1,L1_2k,2k,session_S10_minus_S1_kappa_NR_300ms,1.3390060814862619,0.2264536107929922,2.74465957525602,AQ
P01,L1,L1_2k,2k,session_S10_minus_S1_gamma_NR_300ms,0.014028341977622677,-0.05130112838818325,0.08709833537140298,AQ
P01,L1,L1_2k,2k,session_S10_minus_S1_kappa_NR_350ms,1.3390060814862619,0.2264536107929922,2.74465957525602,AQ
P01,L1,L1_2k,2k,session_S10_minus_S1_gamma_NR_350ms,0.012906128923168114,-0.047250118323951776,0.08057143332316499,AQ
P01,L1,L1_2k,2k,session_S10_minus_S1_kappa_R_50ms,4.46604701066516,0.7512137979808142,9.139790415379982,AQ
P01,L1,L1_2k,2k,session_S10_minus_S1_gamma_R_50ms,0.005613912672794635,-0.021580219180657154,0.03981277243152033,AQ
P01,L1,L1_2k,2k,session_S10_minus_S1_kappa_R_100ms,4.46604701066516,0.7512137979808142,9.139790415379982,AQ
P01,L1,L1_2k,2k,session_S10_minus_S1_gamma_R_100ms,0.008158445119974614,-0.030687536154683413,0.055442740193235314,AQ
P01,L1,L1_2k,2k,session_S10_minus_S1_kappa_R_150ms,4.46604701066516,0.7512137979808142,9.139790415379982,AQ
P01,L1,L1_2k,2k,session_S10_minus_S1_gamma_R_150ms,0.0050758842530843305,-0.018966836060679768,0.034924201861002195,AQ
P01,L1,L1_2k,2k,session_S10_minus_S1_kappa_R_200ms,4.46604701066516,0.7512137979808142,9.139790415379982,AQ
P01,L1,L1_2k,2k,session_S10_minus_S1_gamma_R_200ms,0.0037632216269038593,-0.015431417078877805,0.027943447551900865,AQ
P01,L1,L1_2k,2k,session_S10_minus_S1_kappa_R_250ms,4.46604701066516,0.7512137979808142,9.139790415379982,AQ
P01,L1,L1_2k,2k,session_S10_minus_S1_gamma_R_250ms,0.0020096232073544724,-0.008641401574800634,0.016243938564758118,AQ
P01,L1,L1_2k,2k,session_S10_minus_S1_kappa_R_300ms,4.46604701066516,0.7512137979808142,9.139790415379982,AQ
P01,L1,L1_2k,2k,session_S10_minus_S1_gamma_R_300ms,0.003282298180913754,-0.012358149087523874,0.025769134597582493,AQ
P01,L1,L1_2k,2k,session_S10_minus_S1_kappa_R_350ms,4.46604701066516,0.7512137979808142,9.139790415379982,AQ
P01,L1,L1_2k,2k,session_S10_minus_S1_gamma_R_350ms,0.0023928566409982047,-0.010578350171853074,0.019725006892835826,AQ
P01,L1,L1_14k,14k,gain_R_minus_NR_kappa_50ms_S1,7.945948345094658,5.692370570632214,10.535359020842662,AQ
P01,L1,L1_14k,14k,gain_R_minus_NR_gamma_50ms_S1,-0.1741186244911641,-0.2849269449669221,-0.05747865227422583,AQ
P01,L1,L1_14k,14k,gain_R_minus_NR_kappa_50ms_S10,10.272360100231294,7.1606845388400115,14.260096845558737,AQ
P01,L1,L1_14k,14k,gain_R_minus_NR_gamma_50ms_S10,-0.17406924426380876,-0.3027161766149037,-0.05422238592471873,AQ
P01,L1,L1_14k,14k,gain_R_minus_NR_kappa_100ms_S1,7.51698250540361,4.985156118997189,10.83121232575674,AQ
P01,L1,L1_14k,14k,gain_R_minus_NR_gamma_100ms_S1,-0.10927532481968749,-0.19914589524594017,-0.026356632267185664,AQ
P01,L1,L1_14k,14k,gain_R_minus_NR_kappa_100ms_S10,9.73537345231926,6.269206892438961,14.647079832819216,AQ
P01,L1,L1_14k,14k,gain_R_minus_NR_gamma_100ms_S10,-0.1090621763165456,-0.2052277709368367,-0.02587693816946461,AQ
P01,L1,L1_14k,14k,gain_R_minus_NR_kappa_150ms_S1,7.940124530190235,4.919914359709764,11.193801209131221,AQ
P01,L1,L1_14k,14k,gain_R_minus_NR_gamma_150ms_S1,-0.27300422970394134,-0.3753335650444485,-0.1754219950890716,AQ
P01,L1,L1_14k,14k,gain_R_minus_NR_kappa_150ms_S10,10.304740076258177,6.194967798600097,14.959096112495018,AQ
P01,L1,L1_14k,14k,gain_R_minus_NR_gamma_150ms_S10,-0.27436817958807413,-0.3950238636287324,-0.16805751463264923,AQ
P01,L1,L1_14k,14k,gain_R_minus_NR_kappa_200ms_S1,10.499776572188672,7.124100499172398,14.552173601960199,AQ
P01,L1,L1_14k,14k,gain_R_minus_NR_gamma_200ms_S1,-0.2122180084026743,-0.30550683784939553,-0.1258028817624176,AQ
P01,L1,L1_14k,14k,gain_R_minus_NR_kappa_200ms_S10,13.591255602566132,8.956870051688366,19.668922644315494,AQ
P01,L1,L1_14k,14k,gain_R_minus_NR_gamma_200ms_S10,-0.21247486388686054,-0.3254572623265136,-0.12023145546185465,AQ
P01,L1,L1_14k,14k,gain_R_minus_NR_kappa_250ms_S1,12.198154213258558,8.726286434088308,16.129869512901177,AQ
P01,L1,L1_14k,14k,gain_R_minus_NR_gamma_250ms_S1,-0.24459401258930596,-0.33290937364923456,-0.16431636723154122,AQ
P01,L1,L1_14k,14k,gain_R_minus_NR_kappa_250ms_S10,15.8310605527354,10.956791173024405,21.816797765121283,AQ
P01,L1,L1_14k,14k,gain_R_minus_NR_gamma_250ms_S10,-0.24586698179609984,-0.35082789599526243,-0.15680081257239015,AQ
P01,L1,L1_14k,14k,gain_R_minus_NR_kappa_300ms_S1,8.12526462188467,5.547748088873795,11.060849522111234,AQ
P01,L1,L1_14k,14k,gain_R_minus_NR_gamma_300ms_S1,-0.14126045603309478,-0.22959533080828604,-0.06660185833456411,AQ
P01,L1,L1_14k,14k,gain_R_minus_NR_kappa_300ms_S10,10.537523421322875,6.865070795553216,15.219157399098762,AQ
P01,L1,L1_14k,14k,gain_R_minus_NR_gamma_300ms_S10,-0.14125439477476207,-0.24369751249211144,-0.06502095595585876,AQ
P01,L1,L1_14k,14k,gain_R_minus_NR_kappa_350ms_S1,7.8633184580456525,5.316087299549635,10.818363311050176,AQ
P01,L1,L1_14k,14k,gain_R_minus_NR_gamma_350ms_S1,-0.14840831525686393,-0.22893685490338944,-0.07973885519928575,AQ
P01,L1,L1_14k,14k,gain_R_minus_NR_kappa_350ms_S10,10.175103241532664,6.609185717336328,14.770147145374496,AQ
P01,L1,L1_14k,14k,gain_R_minus_NR_gamma_350ms_S10,-0.1482418381148601,-0.24343513184544752,-0.07698696223196952,AQ
P01,L1,L1_14k,14k,dur350_minus_50_kappa_NR_S1,1.6037298824846216,-0.054216614126429766,3.3243662225662867,AQ
P01,L1,L1_14k,14k,dur350_minus_50_gamma_NR_S1,-0.05537404001230679,-0.17765394520967054,0.08028340601715213,AQ
P01,L1,L1_14k,14k,dur350_minus_50_kappa_NR_S10,2.0720464135055416,-0.07210409436840547,4.308334469935869,AQ
P01,L1,L1_14k,14k,dur350_minus_50_gamma_NR_S10,-0.05473022836917847,-0.18340630222489834,0.07956325082885185,AQ
P01,L1,L1_14k,14k,dur350_minus_50_kappa_R_S1,1.5293012211565076,-1.5450524786059021,4.666944420917538,AQ
P01,L1,L1_14k,14k,dur350_minus_50_gamma_R_S1,-0.029063059455157178,-0.0701906213333823,0.0074917885112228645,AQ
P01,L1,L1_14k,14k,dur350_minus_50_kappa_R_S10,1.9781878143802087,-2.0269364544492605,6.274810082038314,AQ
P01,L1,L1_14k,14k,dur350_minus_50_gamma_R_S10,-0.02894880267277058,-0.07459281131049975,0.007462017764291059,AQ
P01,L1,L1_14k,14k,session_S10_minus_S1_kappa_NR_50ms,0.8421073976203202,0.08550416756432071,2.0008011051686876,AQ
P01,L1,L1_14k,14k,session_S10_minus_S1_gamma_NR_50ms,0.0021547135464373146,-0.07369535897875128,0.08522357007534218,AQ
P01,L1,L1_14k,14k,session_S10_minus_S1_kappa_NR_100ms,1.0708987794764078,0.10974789695266585,2.335959295382899,AQ
P01,L1,L1_14k,14k,session_S10_minus_S1_gamma_NR_100ms,0.0018709414679087683,-0.06603665975611189,0.0764959316607878,AQ
P01,L1,L1_14k,14k,session_S10_minus_S1_kappa_NR_150ms,1.3300261485638605,0.1306547513877882,3.0502846914928408,AQ
P01,L1,L1_14k,14k,session_S10_minus_S1_gamma_NR_150ms,0.0027693727232544207,-0.09223952133505957,0.102902515270866,AQ
P01,L1,L1_14k,14k,session_S10_minus_S1_kappa_NR_200ms,1.3343472720602718,0.1333403679406679,3.009373965634505,AQ
P01,L1,L1_14k,14k,session_S10_minus_S1_gamma_NR_200ms,0.0023363160937796973,-0.08091215859406167,0.09128717568278749,AQ
P01,L1,L1_14k,14k,session_S10_minus_S1_kappa_NR_250ms,1.481774742425777,0.1498063653686761,3.241979940134486,AQ
P01,L1,L1_14k,14k,session_S10_minus_S1_gamma_NR_250ms,0.0024461723676641733,-0.08356589831257102,0.09333149805684418,AQ
P01,L1,L1_14k,14k,session_S10_minus_S1_kappa_NR_300ms,1.1719785455552731,0.11714078014444518,2.667091716088929,AQ
P01,L1,L1_14k,14k,session_S10_minus_S1_gamma_NR_300ms,0.001799642823114525,-0.060421447359231675,0.07336860119129353,AQ
P01,L1,L1_14k,14k,session_S10_minus_S1_kappa_NR_350ms,1.330561428464055,0.13753519177602078,2.8579868006160583,AQ
P01,L1,L1_14k,14k,session_S10_minus_S1_gamma_NR_350ms,0.0017576316903543804,-0.06073420508362241,0.07141715613810883,AQ
P01,L1,L1_14k,14k,session_S10_minus_S1_kappa_R_50ms,3.2124128390012343,0.3286595921535256,6.764530745630126,AQ
P01,L1,L1_14k,14k,session_S10_minus_S1_gamma_R_50ms,6.412827276508389e-4,-0.02242859145561307,0.02838825581198825,AQ
P01,L1,L1_14k,14k,session_S10_minus_S1_kappa_R_100ms,3.307729592038065,0.33903581254587917,7.123207381552317,AQ
P01,L1,L1_14k,14k,session_S10_minus_S1_gamma_R_100ms,9.82770216049103e-4,-0.03281280318898134,0.03998380083732662,AQ
P01,L1,L1_14k,14k,session_S10_minus_S1_kappa_R_150ms,3.6994567447120614,0.37827482652020566,7.826214364277623,AQ
P01,L1,L1_14k,14k,session_S10_minus_S1_gamma_R_150ms,6.025195121255461e-4,-0.022232129461727174,0.027734086111447807,AQ
P01,L1,L1_14k,14k,session_S10_minus_S1_kappa_R_200ms,4.465632629935041,0.46192439124283224,9.448635971930518,AQ
P01,L1,L1_14k,14k,session_S10_minus_S1_gamma_R_200ms,5.31018255884478e-4,-0.02142678028748041,0.02501074419858434,AQ
P01,L1,L1_14k,14k,session_S10_minus_S1_kappa_R_250ms,5.08477824559883,0.535671606279284,10.72511235664559,AQ
P01,L1,L1_14k,14k,session_S10_minus_S1_gamma_R_250ms,2.85927852433282e-4,-0.012931762005794127,0.015511862612188726,AQ
P01,L1,L1_14k,14k,session_S10_minus_S1_kappa_R_300ms,3.6106171682051356,0.3600573767292626,7.874444480105511,AQ
P01,L1,L1_14k,14k,session_S10_minus_S1_gamma_R_300ms,3.65107408684796e-4,-0.014118422699974063,0.019584227865343324,AQ
P01,L1,L1_14k,14k,session_S10_minus_S1_kappa_R_350ms,3.6710509337156703,0.3658829981610569,7.783707426605221,AQ
P01,L1,L1_14k,14k,session_S10_minus_S1_gamma_R_350ms,2.8497304590598994e-4,-0.011704275007280846,0.015048058321917131,AQ
P01,L2,L2_2k,2k,gain_R_minus_NR_kappa_50ms_S1,9.3597645629720585,7.871847066075686,11.112342296085831,AQ
P01,L2,L2_2k,2k,gain_R_minus_NR_gamma_50ms_S1,-0.0895283343822454,-0.25881595592111123,0.02926578684098787,AQ
P01,L2,L2_2k,2k,gain_R_minus_NR_beta_50ms_S1,-0.13597274965268571,-0.25220697139725906,-0.01745704823092905,AQ
P01,L2,L2_2k,2k,gain_R_minus_NR_kappa_50ms_S10,12.334127745569164,9.736531834342262,15.68195663143732,AQ
P01,L2,L2_2k,2k,gain_R_minus_NR_gamma_50ms_S10,-0.0689825062055045,-0.2389301248525802,0.020893909862650398,AQ
P01,L2,L2_2k,2k,gain_R_minus_NR_beta_50ms_S10,-0.12866145590370048,-0.2681227237537041,-0.015231173329644179,AQ
P01,L2,L2_2k,2k,gain_R_minus_NR_kappa_100ms_S1,9.3597645629720585,7.871847066075686,11.112342296085831,AQ
P01,L2,L2_2k,2k,gain_R_minus_NR_gamma_100ms_S1,-0.0883247749333676,-0.20609442470761727,0.022800922450247167,AQ
P01,L2,L2_2k,2k,gain_R_minus_NR_beta_100ms_S1,-0.04326764031543871,-0.1391851828026411,0.03294850125070853,AQ
P01,L2,L2_2k,2k,gain_R_minus_NR_kappa_100ms_S10,12.334127745569164,9.736531834342262,15.68195663143732,AQ
P01,L2,L2_2k,2k,gain_R_minus_NR_gamma_100ms_S10,-0.06751310150988224,-0.17629126500709105,0.017092326363253172,AQ
P01,L2,L2_2k,2k,gain_R_minus_NR_beta_100ms_S10,-0.0404590746984116,-0.13772956882283507,0.03348198373416879,AQ
P01,L2,L2_2k,2k,gain_R_minus_NR_kappa_150ms_S1,9.3597645629720585,7.871847066075686,11.112342296085831,AQ
P01,L2,L2_2k,2k,gain_R_minus_NR_gamma_150ms_S1,-0.15245064768495667,-0.30274740591477445,-0.02205334214726469,AQ
P01,L2,L2_2k,2k,gain_R_minus_NR_beta_150ms_S1,-0.1189356028276051,-0.23434803778725039,-0.014279566979264345,AQ
P01,L2,L2_2k,2k,gain_R_minus_NR_kappa_150ms_S10,12.334127745569164,9.736531834342262,15.68195663143732,AQ
P01,L2,L2_2k,2k,gain_R_minus_NR_gamma_150ms_S10,-0.12155417259086146,-0.26979106282438425,-0.01656733861310299,AQ
P01,L2,L2_2k,2k,gain_R_minus_NR_beta_150ms_S10,-0.11110249097463762,-0.2340595245647547,-0.01320849380772599,AQ
P01,L2,L2_2k,2k,gain_R_minus_NR_kappa_200ms_S1,9.3597645629720585,7.871847066075686,11.112342296085831,AQ
P01,L2,L2_2k,2k,gain_R_minus_NR_gamma_200ms_S1,-0.17275176395763095,-0.2948248660850224,-0.05292561531426354,AQ
P01,L2,L2_2k,2k,gain_R_minus_NR_beta_200ms_S1,-0.05138564795456318,-0.15345433309997156,0.014813348735449254,AQ
P01,L2,L2_2k,2k,gain_R_minus_NR_kappa_200ms_S10,12.334127745569164,9.736531834342262,15.68195663143732,AQ
P01,L2,L2_2k,2k,gain_R_minus_NR_gamma_200ms_S10,-0.1344418103730879,-0.25897076324103757,-0.038398993491689515,AQ
P01,L2,L2_2k,2k,gain_R_minus_NR_beta_200ms_S10,-0.04790909575452855,-0.1532105793756499,0.014510647615579027,AQ
P01,L2,L2_2k,2k,gain_R_minus_NR_kappa_250ms_S1,9.3597645629720585,7.871847066075686,11.112342296085831,AQ
P01,L2,L2_2k,2k,gain_R_minus_NR_gamma_250ms_S1,-0.2066950346584996,-0.3223749854755795,-0.0894372376038804,AQ
P01,L2,L2_2k,2k,gain_R_minus_NR_beta_250ms_S1,-0.04710237724118839,-0.14159627115943252,0.005386234005088349,AQ
P01,L2,L2_2k,2k,gain_R_minus_NR_kappa_250ms_S10,12.334127745569164,9.736531834342262,15.68195663143732,AQ
P01,L2,L2_2k,2k,gain_R_minus_NR_gamma_250ms_S10,-0.16142071891399568,-0.29135910852867875,-0.059162250630749993,AQ
P01,L2,L2_2k,2k,gain_R_minus_NR_beta_250ms_S10,-0.044108444006232775,-0.1456496618985745,0.004536343467026094,AQ
P01,L2,L2_2k,2k,gain_R_minus_NR_kappa_300ms_S1,9.3597645629720585,7.871847066075686,11.112342296085831,AQ
P01,L2,L2_2k,2k,gain_R_minus_NR_gamma_300ms_S1,-0.010155945685872397,-0.10459820437514772,0.04529671228277888,AQ
P01,L2,L2_2k,2k,gain_R_minus_NR_beta_300ms_S1,-0.14217445850865162,-0.2247250562002223,-0.06145400794152107,AQ
P01,L2,L2_2k,2k,gain_R_minus_NR_kappa_300ms_S10,12.334127745569164,9.736531834342262,15.68195663143732,AQ
P01,L2,L2_2k,2k,gain_R_minus_NR_gamma_300ms_S10,-0.007504081434302833,-0.09080518214522319,0.036476784739670184,AQ
P01,L2,L2_2k,2k,gain_R_minus_NR_beta_300ms_S10,-0.13557501294757984,-0.24176337893681216,-0.047217220204828304,AQ
P01,L2,L2_2k,2k,gain_R_minus_NR_kappa_350ms_S1,9.3597645629720585,7.871847066075686,11.112342296085831,AQ
P01,L2,L2_2k,2k,gain_R_minus_NR_gamma_350ms_S1,-0.0752664726462948,-0.17686210139829708,-0.0015228234762463288,AQ
P01,L2,L2_2k,2k,gain_R_minus_NR_beta_350ms_S1,-0.061309868166238915,-0.141391636137928,0.006267982211015208,AQ
P01,L2,L2_2k,2k,gain_R_minus_NR_kappa_350ms_S10,12.334127745569164,9.736531834342262,15.68195663143732,AQ
P01,L2,L2_2k,2k,gain_R_minus_NR_gamma_350ms_S10,-0.056352663957166066,-0.15037394139595703,-0.001174266885541025,AQ
P01,L2,L2_2k,2k,gain_R_minus_NR_beta_350ms_S10,-0.056458208961435066,-0.1476752046480475,0.006192092993823454,AQ
P01,L2,L2_2k,2k,dur350_minus_50_kappa_NR_S1,0,0,0,AQ
P01,L2,L2_2k,2k,dur350_minus_50_gamma_NR_S1,-0.044979240387379486,-0.2332680978377121,0.10486347815621061,AQ
P01,L2,L2_2k,2k,dur350_minus_50_beta_NR_S1,-0.07595754299625612,-0.2056355738758209,0.06109657619236633,AQ
P01,L2,L2_2k,2k,dur350_minus_50_kappa_NR_S10,0,0,0,AQ
P01,L2,L2_2k,2k,dur350_minus_50_gamma_NR_S10,-0.03559672331157894,-0.20807369150272817,0.0793130643642438,AQ
P01,L2,L2_2k,2k,dur350_minus_50_beta_NR_S10,-0.07142024258565657,-0.2146050756448671,0.053741873789713936,AQ
P01,L2,L2_2k,2k,dur350_minus_50_kappa_R_S1,0,0,0,AQ
P01,L2,L2_2k,2k,dur350_minus_50_gamma_R_S1,-0.031678123376426864,-0.08689543370793898,0.012099831971086966,AQ
P01,L2,L2_2k,2k,dur350_minus_50_beta_R_S1,-0.0024660736988085605,-0.04262581929246024,0.03553003435828684,AQ
P01,L2,L2_2k,2k,dur350_minus_50_kappa_R_S10,0,0,0,AQ
P01,L2,L2_2k,2k,dur350_minus_50_gamma_R_S10,-0.023177799955375715,-0.0729628458128904,0.00881902754316307,AQ
P01,L2,L2_2k,2k,dur350_minus_50_beta_R_S10,-0.0022956870616905323,-0.041937032120801354,0.035847660000339884,AQ
P01,L2,L2_2k,2k,session_S10_minus_S1_kappa_NR_50ms,1.33683081761744,0.16237394313040276,2.7828429705471116,AQ
P01,L2,L2_2k,2k,session_S10_minus_S1_gamma_NR_50ms,-0.02783405055961404,-0.11083050398195841,0.04166158442468872,AQ
P01,L2,L2_2k,2k,session_S10_minus_S1_beta_NR_50ms,-0.006400502608049682,-0.08475222520740168,0.08275105375240879,AQ
P01,L2,L2_2k,2k,session_S10_minus_S1_kappa_NR_100ms,1.33683081761744,0.16237394313040276,2.7828429705471116,AQ
P01,L2,L2_2k,2k,session_S10_minus_S1_gamma_NR_100ms,-0.034575510134518025,-0.11776277246472312,0.03720512016108709,AQ
P01,L2,L2_2k,2k,session_S10_minus_S1_beta_NR_100ms,-0.003578245886990017,-0.058580554337051276,0.04958082528876245,AQ
P01,L2,L2_2k,2k,session_S10_minus_S1_kappa_NR_150ms,1.33683081761744,0.16237394313040276,2.7828429705471116,AQ
P01,L2,L2_2k,2k,session_S10_minus_S1_gamma_NR_150ms,-0.04094738622856621,-0.14254568084977898,0.04625660189558476,AQ
P01,L2,L2_2k,2k,session_S10_minus_S1_beta_NR_150ms,-0.005336600353846144,-0.08213297599684419,0.06707629057017311,AQ
P01,L2,L2_2k,2k,session_S10_minus_S1_kappa_NR_200ms,1.33683081761744,0.16237394313040276,2.7828429705471116,AQ
P01,L2,L2_2k,2k,session_S10_minus_S1_gamma_NR_200ms,-0.04345285729864237,-0.13983816396685386,0.0463570682416066,AQ
P01,L2,L2_2k,2k,session_S10_minus_S1_beta_NR_200ms,-0.002926106918535303,-0.05411885673408852,0.04572477555585107,AQ
P01,L2,L2_2k,2k,session_S10_minus_S1_kappa_NR_250ms,1.33683081761744,0.16237394313040276,2.7828429705471116,AQ
P01,L2,L2_2k,2k,session_S10_minus_S1_gamma_NR_250ms,-0.04723495087198276,-0.1453546161111228,0.04828262181195784,AQ
P01,L2,L2_2k,2k,session_S10_minus_S1_beta_NR_250ms,-0.002319028043042074,-0.04271097546138303,0.041810734478353415,AQ
P01,L2,L2_2k,2k,session_S10_minus_S1_kappa_NR_300ms,1.33683081761744,0.16237394313040276,2.7828429705471116,AQ
P01,L2,L2_2k,2k,session_S10_minus_S1_gamma_NR_300ms,-0.010527286582295625,-0.05089960990493309,0.018664382776790337,AQ
P01,L2,L2_2k,2k,session_S10_minus_S1_beta_NR_300ms,-0.006861326833766598,-0.08131840233340862,0.0776262000606403,AQ
P01,L2,L2_2k,2k,session_S10_minus_S1_kappa_NR_350ms,1.33683081761744,0.16237394313040276,2.7828429705471116,AQ
P01,L2,L2_2k,2k,session_S10_minus_S1_gamma_NR_350ms,-0.021196344825807373,-0.08279025626947147,0.025192033469325043,AQ
P01,L2,L2_2k,2k,session_S10_minus_S1_beta_NR_350ms,-0.003782190610309301,-0.056488616103830845,0.05088870624226386,AQ
P01,L2,L2_2k,2k,session_S10_minus_S1_kappa_R_50ms,4.32907616750536,0.5287791935005044,8.924201902727301,AQ
P01,L2,L2_2k,2k,session_S10_minus_S1_gamma_R_50ms,-0.01255072676338537,-0.045613431620214466,0.014557875465067831,AQ
P01,L2,L2_2k,2k,session_S10_minus_S1_beta_R_50ms,-0.0013088908742937173,-0.02204933941008143,0.0204036118695568,AQ
P01,L2,L2_2k,2k,session_S10_minus_S1_kappa_R_100ms,4.32907616750536,0.5287791935005044,8.924201902727301,AQ
P01,L2,L2_2k,2k,session_S10_minus_S1_gamma_R_100ms,-0.01665474319381545,-0.05893827268518927,0.019064166489741723,AQ
P01,L2,L2_2k,2k,session_S10_minus_S1_beta_R_100ms,-0.0019022528510329179,-0.028878336336525878,0.0290451054954091,AQ
P01,L2,L2_2k,2k,session_S10_minus_S1_kappa_R_150ms,4.32907616750536,0.5287791935005044,8.924201902727301,AQ
P01,L2,L2_2k,2k,session_S10_minus_S1_gamma_R_150ms,-0.013029240648832433,-0.04700869115646076,0.01392416523043087,AQ
P01,L2,L2_2k,2k,session_S10_minus_S1_beta_R_150ms,-8.916843092700889e-4,-0.015494174638960623,0.01386736953405823,AQ
P01,L2,L2_2k,2k,session_S10_minus_S1_kappa_R_200ms,4.32907616750536,0.5287791935005044,8.924201902727301,AQ
P01,L2,L2_2k,2k,session_S10_minus_S1_gamma_R_200ms,-0.009227539264547915,-0.03530569449915802,0.010766770463614786,AQ
P01,L2,L2_2k,2k,session_S10_minus_S1_beta_R_200ms,-0.0010922209112996222,-0.017643269003522193,0.01716841800758109,AQ
P01,L2,L2_2k,2k,session_S10_minus_S1_kappa_R_250ms,4.32907616750536,0.5287791935005044,8.924201902727301,AQ
P01,L2,L2_2k,2k,session_S10_minus_S1_gamma_R_250ms,-0.006342940896869599,-0.02450493874600534,0.007273457624226057,AQ
P01,L2,L2_2k,2k,session_S10_minus_S1_beta_R_250ms,-5.844927263076436e-4,-0.010926895738302553,0.01026279640845265,AQ
P01,L2,L2_2k,2k,session_S10_minus_S1_kappa_R_300ms,4.32907616750536,0.5287791935005044,8.924201902727301,AQ
P01,L2,L2_2k,2k,session_S10_minus_S1_gamma_R_300ms,-0.009205743371749057,-0.032306105006253104,0.011632113274619804,AQ
P01,L2,L2_2k,2k,session_S10_minus_S1_beta_R_300ms,-7.833589970250819e-4,-0.013121703343950372,0.014206491607401306,AQ
P01,L2,L2_2k,2k,session_S10_minus_S1_kappa_R_350ms,4.32907616750536,0.5287791935005044,8.924201902727301,AQ
P01,L2,L2_2k,2k,session_S10_minus_S1_gamma_R_350ms,-0.0047560029309971445,-0.022105843759349958,0.006206296816597415,AQ
P01,L2,L2_2k,2k,session_S10_minus_S1_beta_R_350ms,-0.001247127579753076,-0.02004128549591885,0.018177559620787404,AQ
P01,L2,L2_14k,14k,gain_R_minus_NR_kappa_50ms_S1,7.798374310074856,5.674168859470671,10.346739442040715,AQ
P01,L2,L2_14k,14k,gain_R_minus_NR_gamma_50ms_S1,-0.05196569651222476,-0.21469969259879948,0.03990457597316762,AQ
P01,L2,L2_14k,14k,gain_R_minus_NR_beta_50ms_S1,-0.13425366426666294,-0.242694311198529,-0.02362614522291592,AQ
P01,L2,L2_14k,14k,gain_R_minus_NR_kappa_50ms_S10,10.09876903637864,7.135222371385693,14.135867517256605,AQ
P01,L2,L2_14k,14k,gain_R_minus_NR_gamma_50ms_S10,-0.03696529619369503,-0.17506756889201766,0.02702205904854479,AQ
P01,L2,L2_14k,14k,gain_R_minus_NR_beta_50ms_S10,-0.12611454990882892,-0.25698683656288673,-0.019618852224759033,AQ
P01,L2,L2_14k,14k,gain_R_minus_NR_kappa_100ms_S1,7.371406280808838,4.829991988462372,10.522459488281493,AQ
P01,L2,L2_14k,14k,gain_R_minus_NR_gamma_100ms_S1,-0.0927174218175729,-0.2155196137391422,0.017950163109247304,AQ
P01,L2,L2_14k,14k,gain_R_minus_NR_beta_100ms_S1,-0.043752044081135096,-0.13670245351947277,0.03576574765492138,AQ
P01,L2,L2_14k,14k,gain_R_minus_NR_kappa_100ms_S10,9.568969734969961,6.106622475643643,14.278472114471024,AQ
P01,L2,L2_14k,14k,gain_R_minus_NR_gamma_100ms_S10,-0.0662416251891665,-0.17058019352275053,0.01258581613791335,AQ
P01,L2,L2_14k,14k,gain_R_minus_NR_beta_100ms_S10,-0.04045724485041941,-0.13644755708839734,0.033810601527056505,AQ
P01,L2,L2_14k,14k,gain_R_minus_NR_kappa_150ms_S1,7.7189197238401945,4.736561960360237,10.868648459651595,AQ
P01,L2,L2_14k,14k,gain_R_minus_NR_gamma_150ms_S1,-0.17946548420673686,-0.3394794222745409,-0.03317114337870344,AQ
P01,L2,L2_14k,14k,gain_R_minus_NR_beta_150ms_S1,-0.11691899858575742,-0.23097746239494985,-0.017020447374868967,AQ
P01,L2,L2_14k,14k,gain_R_minus_NR_kappa_150ms_S10,9.97898957551281,6.064496859315622,14.583211231907674,AQ
P01,L2,L2_14k,14k,gain_R_minus_NR_gamma_150ms_S10,-0.13371531167134715,-0.28990533625922504,-0.02323659243861921,AQ
P01,L2,L2_14k,14k,gain_R_minus_NR_beta_150ms_S10,-0.10886753967654747,-0.2337517705035703,-0.014824712460947093,AQ
P01,L2,L2_14k,14k,gain_R_minus_NR_kappa_200ms_S1,11.012975401199611,7.363342236599223,15.119336621554618,AQ
P01,L2,L2_14k,14k,gain_R_minus_NR_gamma_200ms_S1,-0.19303065913447,-0.3239159227299785,-0.05579073130187354,AQ
P01,L2,L2_14k,14k,gain_R_minus_NR_beta_200ms_S1,-0.046499265911132306,-0.14535118936028774,0.016610070866537537,AQ
P01,L2,L2_14k,14k,gain_R_minus_NR_kappa_200ms_S10,14.277036075485148,9.40363496692181,20.270309092857335,AQ
P01,L2,L2_14k,14k,gain_R_minus_NR_gamma_200ms_S10,-0.141999816032917,-0.2789765174330945,-0.03900407291976144,AQ
P01,L2,L2_14k,14k,gain_R_minus_NR_beta_200ms_S10,-0.04220595122974973,-0.14457906181855262,0.016670386896306868,AQ
P01,L2,L2_14k,14k,gain_R_minus_NR_kappa_250ms_S1,12.468230695368415,8.902128653177222,16.68910727551203,AQ
P01,L2,L2_14k,14k,gain_R_minus_NR_gamma_250ms_S1,-0.23577197433329908,-0.3530175569007076,-0.11304135037391311,AQ
P01,L2,L2_14k,14k,gain_R_minus_NR_beta_250ms_S1,-0.04183111406296364,-0.12982939534360716,0.007067503653216913,AQ
P01,L2,L2_14k,14k,gain_R_minus_NR_kappa_250ms_S10,16.173265303805493,11.267681500622992,22.55191882294609,AQ
P01,L2,L2_14k,14k,gain_R_minus_NR_gamma_250ms_S10,-0.17733979223776952,-0.3061902413480637,-0.07330594255397906,AQ
P01,L2,L2_14k,14k,gain_R_minus_NR_beta_250ms_S10,-0.038414243246351884,-0.13084146311040826,0.007082512105398942,AQ
P01,L2,L2_14k,14k,gain_R_minus_NR_kappa_300ms_S1,7.599295600324368,5.002730228182814,10.607151145993043,AQ
P01,L2,L2_14k,14k,gain_R_minus_NR_gamma_300ms_S1,-0.016972558595785347,-0.10954376649438714,0.04105418757700869,AQ
P01,L2,L2_14k,14k,gain_R_minus_NR_beta_300ms_S1,-0.15836881757535295,-0.24706741860554754,-0.07516601048340571,AQ
P01,L2,L2_14k,14k,gain_R_minus_NR_kappa_300ms_S10,9.886737781729536,6.252826481913673,14.443940666269246,AQ
P01,L2,L2_14k,14k,gain_R_minus_NR_gamma_300ms_S10,-0.011441769698697302,-0.08862307156358966,0.03088090997501467,AQ
P01,L2,L2_14k,14k,gain_R_minus_NR_beta_300ms_S10,-0.14922436761251373,-0.26071730513371744,-0.06023111953550894,AQ
P01,L2,L2_14k,14k,gain_R_minus_NR_kappa_350ms_S1,8.989607495847928,6.249666625596217,12.273920646264054,AQ
P01,L2,L2_14k,14k,gain_R_minus_NR_gamma_350ms_S1,-0.08507294641439866,-0.19817032081922653,-0.00365255207338264,AQ
P01,L2,L2_14k,14k,gain_R_minus_NR_beta_350ms_S1,-0.06132157031849801,-0.14408716152222825,0.0054870662164448756,AQ
P01,L2,L2_14k,14k,gain_R_minus_NR_kappa_350ms_S10,11.669391303587762,7.877917939157288,16.639034971448414,AQ
P01,L2,L2_14k,14k,gain_R_minus_NR_gamma_350ms_S10,-0.05883852926990274,-0.15806346568108579,-0.0025528176831616594,AQ
P01,L2,L2_14k,14k,gain_R_minus_NR_beta_350ms_S10,-0.056711723560050435,-0.14473378618435073,0.005266397211048167,AQ
P01,L2,L2_14k,14k,dur350_minus_50_kappa_NR_S1,1.3098192911138482,-0.10014025223440214,2.88462347592568,AQ
P01,L2,L2_14k,14k,dur350_minus_50_gamma_NR_S1,0.00941225444640293,-0.16525709988196832,0.15192249418839918,AQ
P01,L2,L2_14k,14k,dur350_minus_50_beta_NR_S1,-0.07434949736011687,-0.2006468961514072,0.05688790902986233,AQ
P01,L2,L2_14k,14k,dur350_minus_50_kappa_NR_S10,1.6960380452528916,-0.13162084432096294,3.8019343108805836,AQ
P01,L2,L2_14k,14k,dur350_minus_50_gamma_NR_S10,0.006066525001765417,-0.13573512190753306,0.11455636153945065,AQ
P01,L2,L2_14k,14k,dur350_minus_50_beta_NR_S10,-0.06943954812999462,-0.20772990096575153,0.051619431315964935,AQ
P01,L2,L2_14k,14k,dur350_minus_50_kappa_R_S1,2.5142405478380514,-0.7347871732618327,5.962426162025994,AQ
P01,L2,L2_14k,14k,dur350_minus_50_gamma_R_S1,-0.02069836968444283,-0.0713760877123774,0.020009515222407213,AQ
P01,L2,L2_14k,14k,dur350_minus_50_beta_R_S1,-0.0027917261530453416,-0.04416957354647315,0.03542437192757357,AQ
P01,L2,L2_14k,14k,dur350_minus_50_kappa_R_S10,3.230540010810266,-0.9672439337210257,7.954796603809256,AQ
P01,L2,L2_14k,14k,dur350_minus_50_gamma_R_S10,-0.01403800196803658,-0.05528151512492983,0.014083670635859503,AQ
P01,L2,L2_14k,14k,dur350_minus_50_beta_R_S10,-0.002579435605794123,-0.042494255347298795,0.035382077461692696,AQ
P01,L2,L2_14k,14k,session_S10_minus_S1_kappa_NR_50ms,0.948351801711766,0.12567875489047126,2.0413251299681576,AQ
P01,L2,L2_14k,14k,session_S10_minus_S1_gamma_NR_50ms,-0.023163497525501783,-0.095159660949216393,0.020955596006685423,AQ
P01,L2,L2_14k,14k,session_S10_minus_S1_beta_NR_50ms,-0.008401173317401256,-0.08203820844806488,0.07709947178831303,AQ
P01,L2,L2_14k,14k,session_S10_minus_S1_kappa_NR_100ms,1.161875767704241,0.15823920497657645,2.4817700216453353,AQ
P01,L2,L2_14k,14k,session_S10_minus_S1_gamma_NR_100ms,-0.039423699918577984,-0.12084855214380591,0.024555143232690067,AQ
P01,L2,L2_14k,14k,session_S10_minus_S1_beta_NR_100ms,-0.004445236167289458,-0.05689818121257987,0.046942824146389756,AQ
P01,L2,L2_14k,14k,session_S10_minus_S1_kappa_NR_150ms,1.3994018457046495,0.18293998001268716,3.118819710851962,AQ
P01,L2,L2_14k,14k,session_S10_minus_S1_gamma_NR_150ms,-0.05461890570119315,-0.15926333340512647,0.03662622266743935,AQ
P01,L2,L2_14k,14k,session_S10_minus_S1_beta_NR_150ms,-0.006715450006190218,-0.07859373626349289,0.06418494763768687,AQ
P01,L2,L2_14k,14k,session_S10_minus_S1_kappa_NR_200ms,1.3969101011571858,0.17827904860565727,3.117421465561686,AQ
P01,L2,L2_14k,14k,session_S10_minus_S1_gamma_NR_200ms,-0.05813394739858026,-0.1582868737441917,0.035404762590767684,AQ
P01,L2,L2_14k,14k,session_S10_minus_S1_beta_NR_200ms,-0.003474770985625146,-0.05109486853053115,0.041685839843176614,AQ
P01,L2,L2_14k,14k,session_S10_minus_S1_kappa_NR_250ms,1.5388197550913216,0.1974099054176479,3.302426671976087,AQ
P01,L2,L2_14k,14k,session_S10_minus_S1_gamma_NR_250ms,-0.06533265489428479,-0.1686552412969992,0.03802303063484633,AQ
P01,L2,L2_14k,14k,session_S10_minus_S1_beta_NR_250ms,-0.0026481260926574657,-0.03882232643633566,0.0363655840237832,AQ
P01,L2,L2_14k,14k,session_S10_minus_S1_kappa_NR_300ms,1.435922992561331,0.18416769470318367,3.126344822440869,AQ
P01,L2,L2_14k,14k,session_S10_minus_S1_gamma_NR_300ms,-0.013763820509460126,-0.057075630375545736,0.012648703556254581,AQ
P01,L2,L2_14k,14k,session_S10_minus_S1_beta_NR_300ms,-0.00916304089259766,-0.0848239234030318,0.07916897694643416,AQ
P01,L2,L2_14k,14k,session_S10_minus_S1_kappa_NR_350ms,1.3329870176031804,0.18366419577154733,2.8509941168439665,AQ
P01,L2,L2_14k,14k,session_S10_minus_S1_gamma_NR_350ms,-0.028265580663361246,-0.09657068367228559,0.017868123153108963,AQ
P01,L2,L2_14k,14k,session_S10_minus_S1_beta_NR_350ms,-0.004776799305644321,-0.055134132719476425,0.04777331527918781,AQ
P01,L2,L2_14k,14k,session_S10_minus_S1_kappa_R_50ms,3.2621048744221763,0.44291567413464317,6.838844013193279,AQ
P01,L2,L2_14k,14k,session_S10_minus_S1_gamma_R_50ms,-0.012057636517859033,-0.04154669806498009,0.007930352077435145,AQ
P01,L2,L2_14k,14k,session_S10_minus_S1_beta_R_50ms,-0.0017263538307251101,-0.022137816553579142,0.019545565125954643,AQ
P01,L2,L2_14k,14k,session_S10_minus_S1_kappa_R_100ms,3.3475047944683105,0.4315057933934485,7.117903968686427,AQ
P01,L2,L2_14k,14k,session_S10_minus_S1_gamma_R_100ms,-0.01611290825431008,-0.05387646628355795,0.010974560915221636,AQ
P01,L2,L2_14k,14k,session_S10_minus_S1_beta_R_100ms,-0.002471401671842694,-0.028806357658522127,0.027842849981931095,AQ
P01,L2,L2_14k,14k,session_S10_minus_S1_kappa_R_150ms,3.697614953477631,0.47203002572981856,7.698120594464324,AQ
P01,L2,L2_14k,14k,session_S10_minus_S1_gamma_R_150ms,-0.014646025923835779,-0.047040147070385535,0.008981388203160924,AQ
P01,L2,L2_14k,14k,session_S10_minus_S1_beta_R_150ms,-0.0010875099041413282,-0.014974460860889095,0.013282575469664422,AQ
P01,L2,L2_14k,14k,session_S10_minus_S1_kappa_R_200ms,4.702560530272153,0.6184968456775034,9.728244168250706,AQ
P01,L2,L2_14k,14k,session_S10_minus_S1_gamma_R_200ms,-0.012855257581859913,-0.04309543403033596,0.008404391234785502,AQ
P01,L2,L2_14k,14k,session_S10_minus_S1_beta_R_200ms,-0.00139611426526726,-0.018103640059926023,0.017386548555435363,AQ
P01,L2,L2_14k,14k,session_S10_minus_S1_kappa_R_250ms,5.242522328961613,0.7194341570389473,10.94835195508815,AQ
P01,L2,L2_14k,14k,session_S10_minus_S1_gamma_R_250ms,-0.009858792209484253,-0.03220726467665891,0.006195262599939412,AQ
P01,L2,L2_14k,14k,session_S10_minus_S1_beta_R_250ms,-7.167300442479214e-4,-0.010618250868193539,0.010049691629471417,AQ
P01,L2,L2_14k,14k,session_S10_minus_S1_kappa_R_300ms,3.704368217065519,0.4814978636904653,7.9111341159027315,AQ
P01,L2,L2_14k,14k,session_S10_minus_S1_gamma_R_300ms,-0.0102568677873607,-0.03277849153553839,0.007219250909461047,AQ
P01,L2,L2_14k,14k,session_S10_minus_S1_beta_R_300ms,-9.356380762927967e-4,-0.012993809391877194,0.013127316949557967,AQ
P01,L2,L2_14k,14k,session_S10_minus_S1_kappa_R_350ms,4.023289320784689,0.5318145557110544,8.438956672642433,AQ
P01,L2,L2_14k,14k,session_S10_minus_S1_gamma_R_350ms,-0.006028330595510431,-0.023533527950192194,0.00400951436789901,AQ
P01,L2,L2_14k,14k,session_S10_minus_S1_beta_R_350ms,-0.0015919401270509796,-0.019744297718902706,0.01820506908255906,AQ
P02,L1,L1_2k,2k,gain_R_minus_NR_kappa_50ms_S1,5.956343745125599,4.824719937100208,7.291274647183044,HC
P02,L1,L1_2k,2k,gain_R_minus_NR_gamma_50ms_S1,-0.1490259010582586,-0.2393099438334901,-0.07110510392087323,HC
P02,L1,L1_2k,2k,gain_R_minus_NR_kappa_50ms_S10,5.068576595990665,4.022825122704613,6.292857561352955,HC
P02,L1,L1_2k,2k,gain_R_minus_NR_gamma_50ms_S10,-0.11772844007540913,-0.21007121938976636,-0.04943794391689476,HC
P02,L1,L1_2k,2k,gain_R_minus_NR_kappa_100ms_S1,5.956343745125599,4.824719937100208,7.291274647183044,HC
P02,L1,L1_2k,2k,gain_R_minus_NR_gamma_100ms_S1,-0.09901508692832811,-0.17778573212422139,-0.026765863835122243,HC
P02,L1,L1_2k,2k,gain_R_minus_NR_kappa_100ms_S10,5.068576595990665,4.022825122704613,6.292857561352955,HC
P02,L1,L1_2k,2k,gain_R_minus_NR_gamma_100ms_S10,-0.07736436467585418,-0.15550707732643218,-0.01913608495085106,HC
P02,L1,L1_2k,2k,gain_R_minus_NR_kappa_150ms_S1,5.956343745125599,4.824719937100208,7.291274647183044,HC
P02,L1,L1_2k,2k,gain_R_minus_NR_gamma_150ms_S1,-0.17381362506006437,-0.25970567467373884,-0.09838862282087893,HC
P02,L1,L1_2k,2k,gain_R_minus_NR_kappa_150ms_S10,5.068576595990665,4.022825122704613,6.292857561352955,HC
P02,L1,L1_2k,2k,gain_R_minus_NR_gamma_150ms_S10,-0.13588756251343126,-0.22856867832143915,-0.06758470486324883,HC
P02,L1,L1_2k,2k,gain_R_minus_NR_kappa_200ms_S1,5.956343745125599,4.824719937100208,7.291274647183044,HC
P02,L1,L1_2k,2k,gain_R_minus_NR_gamma_200ms_S1,-0.12172369057459237,-0.19901554916590786,-0.05627932448027874,HC
P02,L1,L1_2k,2k,gain_R_minus_NR_kappa_200ms_S10,5.068576595990665,4.022825122704613,6.292857561352955,HC
P02,L1,L1_2k,2k,gain_R_minus_NR_gamma_200ms_S10,-0.09366494199851388,-0.17355092368091685,-0.03806835626720885,HC
P02,L1,L1_2k,2k,gain_R_minus_NR_kappa_250ms_S1,5.956343745125599,4.824719937100208,7.291274647183044,HC
P02,L1,L1_2k,2k,gain_R_minus_NR_gamma_250ms_S1,-0.1279930800958482,-0.20181432908059585,-0.06934852622800479,HC
P02,L1,L1_2k,2k,gain_R_minus_NR_kappa_250ms_S10,5.068576595990665,4.022825122704613,6.292857561352955,HC
P02,L1,L1_2k,2k,gain_R_minus_NR_gamma_250ms_S10,-0.09685946581587365,-0.17230927667352394,-0.044969634519965905,HC
P02,L1,L1_2k,2k,gain_R_minus_NR_kappa_300ms_S1,5.956343745125599,4.824719937100208,7.291274647183044,HC
P02,L1,L1_2k,2k,gain_R_minus_NR_gamma_300ms_S1,-0.02866614180942805,-0.08637681512989265,0.027473716484071837,HC
P02,L1,L1_2k,2k,gain_R_minus_NR_kappa_300ms_S10,5.068576595990665,4.022825122704613,6.292857561352955,HC
P02,L1,L1_2k,2k,gain_R_minus_NR_gamma_300ms_S10,-0.021127886958939072,-0.07091427555391551,0.02048641650855834,HC
P02,L1,L1_2k,2k,gain_R_minus_NR_kappa_350ms_S1,5.956343745125599,4.824719937100208,7.291274647183044,HC
P02,L1,L1_2k,2k,gain_R_minus_NR_gamma_350ms_S1,-0.15140465190239694,-0.2286019038258792,-0.0857049120527528,HC
P02,L1,L1_2k,2k,gain_R_minus_NR_kappa_350ms_S10,5.068576595990665,4.022825122704613,6.292857561352955,HC
P02,L1,L1_2k,2k,gain_R_minus_NR_gamma_350ms_S10,-0.11672885081384837,-0.2054812698532264,-0.05767611090598527,HC
P02,L1,L1_2k,2k,dur350_minus_50_kappa_NR_S1,0,0,0,HC
P02,L1,L1_2k,2k,dur350_minus_50_gamma_NR_S1,-0.04232917531048051,-0.13961011055690686,0.04748698517137599,HC
P02,L1,L1_2k,2k,dur350_minus_50_kappa_NR_S10,0,0,0,HC
P02,L1,L1_2k,2k,dur350_minus_50_gamma_NR_S10,-0.03447888229939836,-0.11866140915944641,0.0405640002508873,HC
P02,L1,L1_2k,2k,dur350_minus_50_kappa_R_S1,0,0,0,HC
P02,L1,L1_2k,2k,dur350_minus_50_gamma_R_S1,-0.045556371623910866,-0.09534451185497711,-0.0015341103781785544,HC
P02,L1,L1_2k,2k,dur350_minus_50_kappa_R_S10,0,0,0,HC
P02,L1,L1_2k,2k,dur350_minus_50_gamma_R_S10,-0.03358871148921255,-0.07858999596575152,-0.0010047737398715575,HC
P02,L1,L1_2k,2k,session_S10_minus_S1_kappa_NR_50ms,-0.7258497916308815,-1.7381719460855192,0.26702980733807347,HC
P02,L1,L1_2k,2k,session_S10_minus_S1_gamma_NR_50ms,-0.05033490741379927,-0.13120928402492615,0.03220347370900895,HC
P02,L1,L1_2k,2k,session_S10_minus_S1_kappa_NR_100ms,-0.7258497916308815,-1.7381719460855192,0.26702980733807347,HC
P02,L1,L1_2k,2k,session_S10_minus_S1_gamma_NR_100ms,-0.0422107186470343,-0.11008321602971716,0.02787592644383423,HC
P02,L1,L1_2k,2k,session_S10_minus_S1_kappa_NR_150ms,-0.7258497916308815,-1.7381719460855192,0.26702980733807347,HC
P02,L1,L1_2k,2k,session_S10_minus_S1_gamma_NR_150ms,-0.04797599471550966,-0.12801905948598433,0.0306792369205886,HC
P02,L1,L1_2k,2k,session_S10_minus_S1_kappa_NR_200ms,-0.7258497916308815,-1.7381719460855192,0.26702980733807347,HC
P02,L1,L1_2k,2k,session_S10_minus_S1_gamma_NR_200ms,-0.03778959665742452,-0.10103360573136186,0.02538490474232824,HC
P02,L1,L1_2k,2k,session_S10_minus_S1_kappa_NR_250ms,-0.7258497916308815,-1.7381719460855192,0.26702980733807347,HC
P02,L1,L1_2k,2k,session_S10_minus_S1_gamma_NR_250ms,-0.03263413978880299,-0.08867676463140468,0.022293458109218386,HC
P02,L1,L1_2k,2k,session_S10_minus_S1_kappa_NR_300ms,-0.7258497916308815,-1.7381719460855192,0.26702980733807347,HC
P02,L1,L1_2k,2k,session_S10_minus_S1_gamma_NR_300ms,-0.020409623733695578,-0.05840315182104224,0.013912836884838218,HC
P02,L1,L1_2k,2k,session_S10_minus_S1_kappa_NR_350ms,-0.7258497916308815,-1.7381719460855192,0.26702980733807347,HC
P02,L1,L1_2k,2k,session_S10_minus_S1_gamma_NR_350ms,-0.042612795410790924,-0.11126780187185648,0.027524190576986334,HC
P02,L1,L1_2k,2k,session_S10_minus_S1_kappa_R_50ms,-1.6109247069350472,-3.824490429293067,0.5858357128047181,HC
P02,L1,L1_2k,2k,session_S10_minus_S1_gamma_R_50ms,-0.02043863316817928,-0.05657285645929564,0.013403283478504406,HC
P02,L1,L1_2k,2k,session_S10_minus_S1_kappa_R_100ms,-1.6109247069350472,-3.824490429293067,0.5858357128047181,HC
P02,L1,L1_2k,2k,session_S10_minus_S1_gamma_R_100ms,-0.021241801304032727,-0.06125008542254227,0.01469981301522918,HC
P02,L1,L1_2k,2k,session_S10_minus_S1_kappa_R_150ms,-1.6109247069350472,-3.824490429293067,0.5858357128047181,HC
P02,L1,L1_2k,2k,session_S10_minus_S1_gamma_R_150ms,-0.010838619433710603,-0.0337493022371274,0.007533241836588221,HC
P02,L1,L1_2k,2k,session_S10_minus_S1_kappa_R_200ms,-1.6109247069350472,-3.824490429293067,0.5858357128047181,HC
P02,L1,L1_2k,2k,session_S10_minus_S1_gamma_R_200ms,-0.01058901054663901,-0.03410382621356528,0.0073490762232309645,HC
P02,L1,L1_2k,2k,session_S10_minus_S1_kappa_R_250ms,-1.6109247069350472,-3.824490429293067,0.5858357128047181,HC
P02,L1,L1_2k,2k,session_S10_minus_S1_gamma_R_250ms,-0.0029672333906289134,-0.0125551791195585,0.0024832947662881267,HC
P02,L1,L1_2k,2k,session_S10_minus_S1_kappa_R_300ms,-1.6109247069350472,-3.824490429293067,0.5858357128047181,HC
P02,L1,L1_2k,2k,session_S10_minus_S1_gamma_R_300ms,-0.013763764052560551,-0.04194550297514542,0.009857941273883432,HC
P02,L1,L1_2k,2k,session_S10_minus_S1_kappa_R_350ms,-1.6109247069350472,-3.824490429293067,0.5858357128047181,HC
P02,L1,L1_2k,2k,session_S10_minus_S1_gamma_R_350ms,-0.009184366417970807,-0.029260415934045186,0.006435604989382244,HC
P02,L1,L1_14k,14k,gain_R_minus_NR_kappa_50ms_S1,5.309694721951239,3.2686037634708223,7.386458209783889,HC
P02,L1,L1_14k,14k,gain_R_minus_NR_gamma_50ms_S1,-0.11361904829671071,-0.2126156514140956,-0.021832963316753287,HC
P02,L1,L1_14k,14k,gain_R_minus_NR_kappa_50ms_S10,4.406265682616738,2.6826011336094995,6.263169509150804,HC
P02,L1,L1_14k,14k,gain_R_minus_NR_gamma_50ms_S10,-0.08878930229252341,-0.18648141620329708,-0.016006420461018227,HC
P02,L1,L1_14k,14k,gain_R_minus_NR_kappa_100ms_S1,6.5452497293302,3.6445436769504407,10.084082457375997,HC
P02,L1,L1_14k,14k,gain_R_minus_NR_gamma_100ms_S1,-0.10106929283513144,-0.19103371576235653,-0.023002922640210283,HC
P02,L1,L1_14k,14k,gain_R_minus_NR_kappa_100ms_S10,5.459760983546767,3.0275597509950174,8.526122958638313,HC
P02,L1,L1_14k,14k,gain_R_minus_NR_gamma_100ms_S10,-0.07936947738909658,-0.16730845565415756,-0.01663134941904682,HC
P02,L1,L1_14k,14k,gain_R_minus_NR_kappa_150ms_S1,6.603945617117239,4.154723357528598,9.413831445153322,HC
P02,L1,L1_14k,14k,gain_R_minus_NR_gamma_150ms_S1,-0.1400729682347498,-0.24046579297545181,-0.05306323129903427,HC
P02,L1,L1_14k,14k,gain_R_minus_NR_kappa_150ms_S10,5.5096055050723685,3.427784878402087,8.007993241589693,HC
P02,L1,L1_14k,14k,gain_R_minus_NR_gamma_150ms_S10,-0.10811842950623055,-0.2074837598835616,-0.03782806669711749,HC
P02,L1,L1_14k,14k,gain_R_minus_NR_kappa_200ms_S1,6.5968260621262065,4.249181853272779,9.170999348034366,HC
P02,L1,L1_14k,14k,gain_R_minus_NR_gamma_200ms_S1,-0.10044535507171326,-0.18622666779116395,-0.025027781854436135,HC
P02,L1,L1_14k,14k,gain_R_minus_NR_kappa_200ms_S10,5.470622933505524,3.530392062668732,7.7807642046324235,HC
P02,L1,L1_14k,14k,gain_R_minus_NR_gamma_200ms_S10,-0.07668909519883281,-0.16125828790707583,-0.017517385222237003,HC
P02,L1,L1_14k,14k,gain_R_minus_NR_kappa_250ms_S1,9.138847952595798,6.6741468509834,11.954407220246802,HC
P02,L1,L1_14k,14k,gain_R_minus_NR_gamma_250ms_S1,-0.07160428482121624,-0.15509361560420148,-0.003558537127369788,HC
P02,L1,L1_14k,14k,gain_R_minus_NR_kappa_250ms_S10,7.609527007234721,5.578678036300319,10.133765391627371,HC
P02,L1,L1_14k,14k,gain_R_minus_NR_gamma_250ms_S10,-0.05236674598928555,-0.13418994517620048,-0.0020504433900838414,HC
P02,L1,L1_14k,14k,gain_R_minus_NR_kappa_300ms_S1,3.2071419313680676,0.913628847846707,5.7575309109416475,HC
P02,L1,L1_14k,14k,gain_R_minus_NR_gamma_300ms_S1,-0.05524959122058064,-0.1185067052411356,0.0029000791079436396,HC
P02,L1,L1_14k,14k,gain_R_minus_NR_kappa_300ms_S10,2.6732875667908473,0.7216621471091207,4.915813020299124,HC
P02,L1,L1_14k,14k,gain_R_minus_NR_gamma_300ms_S10,-0.04167883432678039,-0.098816111410688,0.002023718012906125,HC
P02,L1,L1_14k,14k,gain_R_minus_NR_kappa_350ms_S1,3.87733987729234,0.9681330238338514,6.697669020968172,HC
P02,L1,L1_14k,14k,gain_R_minus_NR_gamma_350ms_S1,-0.19261696985408444,-0.2800987954241006,-0.11469902546196026,HC
P02,L1,L1_14k,14k,gain_R_minus_NR_kappa_350ms_S10,3.234444006121984,0.8442207147072697,5.59304536752638,HC
P02,L1,L1_14k,14k,gain_R_minus_NR_gamma_350ms_S10,-0.15111075261725382,-0.25497273585303837,-0.07406924841819289,HC
P02,L1,L1_14k,14k,dur350_minus_50_kappa_NR_S1,2.8013772982105136,0.5818124228740339,5.3338328151832055,HC
P02,L1,L1_14k,14k,dur350_minus_50_gamma_NR_S1,0.036784842902251855,-0.07699596330228445,0.15294241316376958,HC
P02,L1,L1_14k,14k,dur350_minus_50_kappa_NR_S10,2.343841071622386,0.4980525345247757,4.633040844682789,HC
P02,L1,L1_14k,14k,dur350_minus_50_gamma_NR_S10,0.029795795034827488,-0.06214057452863384,0.13054769205440164,HC
P02,L1,L1_14k,14k,dur350_minus_50_kappa_R_S1,1.425164256880528,-0.9652952306558964,3.816769759273006,HC
P02,L1,L1_14k,14k,dur350_minus_50_gamma_R_S1,-0.04094405943943411,-0.09222354481837167,0.0027012433717324563,HC
P02,L1,L1_14k,14k,dur350_minus_50_kappa_R_S10,1.1893408924024857,-0.8058102574334667,3.2205060374606043,HC
P02,L1,L1_14k,14k,dur350_minus_50_gamma_R_S10,-0.030553356696705145,-0.07701205372088665,0.0020847306259149287,HC
P02,L1,L1_14k,14k,session_S10_minus_S1_kappa_NR_50ms,-0.6529648193288471,-1.4981852018059547,0.11499788725814929,HC
P02,L1,L1_14k,14k,session_S10_minus_S1_gamma_NR_50ms,-0.041236999993067125,-0.11770425644405684,0.030950422167891647,HC
P02,L1,L1_14k,14k,session_S10_minus_S1_kappa_NR_100ms,-0.8912512206377152,-1.940567972784811,0.15281894266158533,HC
P02,L1,L1_14k,14k,session_S10_minus_S1_gamma_NR_100ms,-0.042885307428352684,-0.11511003875936364,0.03344233193845421,HC
P02,L1,L1_14k,14k,session_S10_minus_S1_kappa_NR_150ms,-0.6639348847551865,-1.4811698038797048,0.1092511070210779,HC
P02,L1,L1_14k,14k,session_S10_minus_S1_gamma_NR_150ms,-0.039974945120594324,-0.1167881267039898,0.030356164653336022,HC
P02,L1,L1_14k,14k,session_S10_minus_S1_kappa_NR_200ms,-0.71856025131614,-1.5558895475289227,0.12333974138876075,HC
P02,L1,L1_14k,14k,session_S10_minus_S1_gamma_NR_200ms,-0.03197501115664949,-0.09521903264631822,0.025274339953115833,HC
P02,L1,L1_14k,14k,session_S10_minus_S1_kappa_NR_250ms,-0.6109002703914046,-1.3435130606935415,0.10449281197849289,HC
P02,L1,L1_14k,14k,session_S10_minus_S1_gamma_NR_250ms,-0.018465839131649724,-0.06531069502346949,0.017445653487113976,HC
P02,L1,L1_14k,14k,session_S10_minus_S1_kappa_NR_300ms,-1.1451442425857699,-2.468629742952225,0.18763847882958884,HC
P02,L1,L1_14k,14k,session_S10_minus_S1_gamma_NR_300ms,-0.024872113236999407,-0.07485894132072425,0.02005839268714944,HC
P02,L1,L1_14k,14k,session_S10_minus_S1_kappa_NR_350ms,-1.1260222020045303,-2.4726027206052947,0.1860766646321542,HC
P02,L1,L1_14k,14k,session_S10_minus_S1_gamma_NR_350ms,-0.048878970366695876,-0.13077039677983784,0.03674961316352454,HC
P02,L1,L1_14k,14k,session_S10_minus_S1_kappa_R_50ms,-1.5502817423052702,-3.2989333127883036,0.24986182717437558,HC
P02,L1,L1_14k,14k,session_S10_minus_S1_gamma_R_50ms,-0.019003227308402405,-0.05579201135372654,0.014652967566263362,HC
P02,L1,L1_14k,14k,session_S10_minus_S1_kappa_R_100ms,-1.9826743533223592,-4.3254662875841055,0.33777274629701515,HC
P02,L1,L1_14k,14k,session_S10_minus_S1_gamma_R_100ms,-0.0222729094252139,-0.06547026317503832,0.0168569739377228,HC
P02,L1,L1_14k,14k,session_S10_minus_S1_kappa_R_150ms,-1.7678014792500578,-3.8763976546498737,0.28313802295822565,HC
P02,L1,L1_14k,14k,session_S10_minus_S1_gamma_R_150ms,-0.010137361084933263,-0.03536457700054714,0.008402488170876101,HC
P02,L1,L1_14k,14k,session_S10_minus_S1_kappa_R_200ms,-1.811292935596673,-3.908946780768501,0.2943590229311841,HC
P02,L1,L1_14k,14k,session_S10_minus_S1_gamma_R_200ms,-0.01046531114311764,-0.03362609252533723,0.008307130542875872,HC
P02,L1,L1_14k,14k,session_S10_minus_S1_kappa_R_250ms,-2.1446742819353375,-4.573918133468092,0.3541252171214911,HC
P02,L1,L1_14k,14k,session_S10_minus_S1_gamma_R_250ms,-0.0034224802247766364,-0.014756099113132966,0.003165383565573257,HC
P02,L1,L1_14k,14k,session_S10_minus_S1_kappa_R_300ms,-1.6736868179818196,-3.6175823024247546,0.2690837492296522,HC
P02,L1,L1_14k,14k,session_S10_minus_S1_gamma_R_300ms,-0.012408724310085734,-0.040293648038520154,0.010468325775424102,HC
P02,L1,L1_14k,14k,session_S10_minus_S1_kappa_R_350ms,-1.7838437862543657,-3.8592795480764135,0.289900647733829,HC
P02,L1,L1_14k,14k,session_S10_minus_S1_gamma_R_350ms,-0.008905421075344014,-0.029918185414488242,0.007510767088006317,HC
P02,L2,L2_2k,2k,gain_R_minus_NR_kappa_50ms_S1,6.027769470347634,4.889984667412495,7.364145551725249,HC
P02,L2,L2_2k,2k,gain_R_minus_NR_gamma_50ms_S1,-0.07576783119164865,-0.2178957569864563,0.03351119501948807,HC
P02,L2,L2_2k,2k,gain_R_minus_NR_beta_50ms_S1,-0.08134163732734538,-0.1854448491616253,0.017710684368711854,HC
P02,L2,L2_2k,2k,gain_R_minus_NR_kappa_50ms_S10,4.953856174814746,3.9724909428483612,6.118380445670001,HC
P02,L2,L2_2k,2k,gain_R_minus_NR_gamma_50ms_S10,-0.055888739823048976,-0.17927031382760877,0.019828483372587285,HC
P02,L2,L2_2k,2k,gain_R_minus_NR_beta_50ms_S10,-0.04370836351050192,-0.1268813464786898,0.009210697109057977,HC
P02,L2,L2_2k,2k,gain_R_minus_NR_kappa_100ms_S1,6.027769470347634,4.889984667412495,7.364145551725249,HC
P02,L2,L2_2k,2k,gain_R_minus_NR_gamma_100ms_S1,-0.06603802631951167,-0.1871037839695227,0.043541916905337937,HC
P02,L2,L2_2k,2k,gain_R_minus_NR_beta_100ms_S1,-0.040425616673042224,-0.1310299876355603,0.030297516307031497,HC
P02,L2,L2_2k,2k,gain_R_minus_NR_kappa_100ms_S10,4.953856174814746,3.9724909428483612,6.118380445670001,HC
P02,L2,L2_2k,2k,gain_R_minus_NR_gamma_100ms_S10,-0.04817643683520757,-0.15257391392529693,0.02684752589518469,HC
P02,L2,L2_2k,2k,gain_R_minus_NR_beta_100ms_S10,-0.020680791799420076,-0.08756654499304274,0.0159915681998109,HC
P02,L2,L2_2k,2k,gain_R_minus_NR_kappa_150ms_S1,6.027769470347634,4.889984667412495,7.364145551725249,HC
P02,L2,L2_2k,2k,gain_R_minus_NR_gamma_150ms_S1,-0.16050668106292865,-0.2745914731053082,-0.04279039283970323,HC
P02,L2,L2_2k,2k,gain_R_minus_NR_beta_150ms_S1,-0.03239527572886369,-0.11457027703184057,0.015955128805990013,HC
P02,L2,L2_2k,2k,gain_R_minus_NR_kappa_150ms_S10,4.953856174814746,3.9724909428483612,6.118380445670001,HC
P02,L2,L2_2k,2k,gain_R_minus_NR_gamma_150ms_S10,-0.11564158484376878,-0.22335635171884782,-0.032285271626959565,HC
P02,L2,L2_2k,2k,gain_R_minus_NR_beta_150ms_S10,-0.016534552811305225,-0.07003841298953474,0.008878681830440271,HC
P02,L2,L2_2k,2k,gain_R_minus_NR_kappa_200ms_S1,6.027769470347634,4.889984667412495,7.364145551725249,HC
P02,L2,L2_2k,2k,gain_R_minus_NR_gamma_200ms_S1,-0.022650554210011466,-0.13287654102920596,0.0444262965886851,HC
P02,L2,L2_2k,2k,gain_R_minus_NR_beta_200ms_S1,-0.11123618539524618,-0.1956686067812222,-0.024975476525487688,HC
P02,L2,L2_2k,2k,gain_R_minus_NR_kappa_200ms_S10,4.953856174814746,3.9724909428483612,6.118380445670001,HC
P02,L2,L2_2k,2k,gain_R_minus_NR_gamma_200ms_S10,-0.017031085451354552,-0.10468971701205894,0.02806795500231842,HC
P02,L2,L2_2k,2k,gain_R_minus_NR_beta_200ms_S10,-0.060725555433821375,-0.1383981544641887,-0.011301492230058118,HC
P02,L2,L2_2k,2k,gain_R_minus_NR_kappa_250ms_S1,6.027769470347634,4.889984667412495,7.364145551725249,HC
P02,L2,L2_2k,2k,gain_R_minus_NR_gamma_250ms_S1,-0.1342871258820591,-0.22407574469387392,-0.056570649205249124,HC
P02,L2,L2_2k,2k,gain_R_minus_NR_beta_250ms_S1,-0.017834760869973258,-0.06831966230859492,0.012563505750866328,HC
P02,L2,L2_2k,2k,gain_R_minus_NR_kappa_250ms_S10,4.953856174814746,3.9724909428483612,6.118380445670001,HC
P02,L2,L2_2k,2k,gain_R_minus_NR_gamma_250ms_S10,-0.09276016009973943,-0.18473856541997263,-0.03228636689224837,HC
P02,L2,L2_2k,2k,gain_R_minus_NR_beta_250ms_S10,-0.009068294108883278,-0.044903338842957434,0.0066347240208568916,HC
P02,L2,L2_2k,2k,gain_R_minus_NR_kappa_300ms_S1,6.027769470347634,4.889984667412495,7.364145551725249,HC
P02,L2,L2_2k,2k,gain_R_minus_NR_gamma_300ms_S1,0.0031149626435026147,-0.07014726622642548,0.0686048088069606,HC
P02,L2,L2_2k,2k,gain_R_minus_NR_beta_300ms_S1,-0.03686230760888281,-0.10155661538246719,0.019127003499832144,HC
P02,L2,L2_2k,2k,gain_R_minus_NR_kappa_300ms_S10,4.953856174814746,3.9724909428483612,6.118380445670001,HC
P02,L2,L2_2k,2k,gain_R_minus_NR_gamma_300ms_S10,0.0014757646980868705,-0.049994205806944594,0.04908373477487166,HC
P02,L2,L2_2k,2k,gain_R_minus_NR_beta_300ms_S10,-0.018971051476144453,-0.06426762170256298,0.010276426569889762,HC
P02,L2,L2_2k,2k,gain_R_minus_NR_kappa_350ms_S1,6.027769470347634,4.889984667412495,7.364145551725249,HC
P02,L2,L2_2k,2k,gain_R_minus_NR_gamma_350ms_S1,-0.04777525954012937,-0.15227699392796917,0.022779353542076015,HC
P02,L2,L2_2k,2k,gain_R_minus_NR_beta_350ms_S1,-0.10230630476062325,-0.1860308806073853,-0.02537435878161685,HC
P02,L2,L2_2k,2k,gain_R_minus_NR_kappa_350ms_S10,4.953856174814746,3.9724909428483612,6.118380445670001,HC
P02,L2,L2_2k,2k,gain_R_minus_NR_gamma_350ms_S10,-0.03413246121426764,-0.1291504973768362,0.013462095939027167,HC
P02,L2,L2_2k,2k,gain_R_minus_NR_beta_350ms_S10,-0.055834564673069964,-0.12908823012816262,-0.01123424249188453,HC
P02,L2,L2_2k,2k,dur350_minus_50_kappa_NR_S1,0,0,0,HC
P02,L2,L2_2k,2k,dur350_minus_50_gamma_NR_S1,-0.04799884094441115,-0.19555185167792177,0.09054540294484309,HC
P02,L2,L2_2k,2k,dur350_minus_50_beta_NR_S1,-0.0018298261277853722,-0.12311703176640344,0.1147741176104687,HC
P02,L2,L2_2k,2k,dur350_minus_50_kappa_NR_S10,0,0,0,HC
P02,L2,L2_2k,2k,dur350_minus_50_gamma_NR_S10,-0.03458474537123061,-0.1538952443132214,0.06775123573792065,HC
P02,L2,L2_2k,2k,dur350_minus_50_beta_NR_S10,-9.064298367545739e-4,-0.07818955051463934,0.07342750293233853,HC
P02,L2,L2_2k,2k,dur350_minus_50_kappa_R_S1,0,0,0,HC
P02,L2,L2_2k,2k,dur350_minus_50_gamma_R_S1,-0.019908890343812838,-0.08149008890733596,0.0314255941813302,HC
P02,L2,L2_2k,2k,dur350_minus_50_beta_R_S1,-0.02310463295972523,-0.07244878474305871,0.02078804471798038,HC
P02,L2,L2_2k,2k,dur350_minus_50_kappa_R_S10,0,0,0,HC
P02,L2,L2_2k,2k,dur350_minus_50_gamma_R_S10,-0.013467678623263566,-0.060114755909181895,0.021128842976161404,HC
P02,L2,L2_2k,2k,dur350_minus_50_beta_R_S10,-0.011719630623239538,-0.04471674043076881,0.011870510171287188,HC
P02,L2,L2_2k,2k,session_S10_minus_S1_kappa_NR_50ms,-0.9241029500269506,-1.944417559675695,0.08667053813891056,HC
P02,L2,L2_2k,2k,session_S10_minus_S1_gamma_NR_50ms,-0.03240069635284709,-0.11039026403164034,0.02382606917219013,HC
P02,L2,L2_2k,2k,session_S10_minus_S1_beta_NR_50ms,-0.054247736102828625,-0.12864836155814593,-0.0018596974068250751,HC
P02,L2,L2_2k,2k,session_S10_minus_S1_kappa_NR_100ms,-0.9241029500269506,-1.944417559675695,0.08667053813891056,HC
P02,L2,L2_2k,2k,session_S10_minus_S1_gamma_NR_100ms,-0.039443435528798185,-0.11434354594008463,0.02185474381497149,HC
P02,L2,L2_2k,2k,session_S10_minus_S1_beta_NR_100ms,-0.031483957580273766,-0.08770210063666643,-0.0010218899851549142,HC
P02,L2,L2_2k,2k,session_S10_minus_S1_kappa_NR_150ms,-0.9241029500269506,-1.944417559675695,0.08667053813891056,HC
P02,L2,L2_2k,2k,session_S10_minus_S1_gamma_NR_150ms,-0.056322579499269373,-0.1509531634034475,0.025334404212976495,HC
P02,L2,L2_2k,2k,session_S10_minus_S1_beta_NR_150ms,-0.022090837758493475,-0.07497570716936183,-6.720182883632165e-4,HC
P02,L2,L2_2k,2k,session_S10_minus_S1_kappa_NR_200ms,-0.9241029500269506,-1.944417559675695,0.08667053813891056,HC
P02,L2,L2_2k,2k,session_S10_minus_S1_gamma_NR_200ms,-0.015717152015542715,-0.06839632401125802,0.01362151422472515,HC
P02,L2,L2_2k,2k,session_S10_minus_S1_beta_NR_200ms,-0.05694180369814267,-0.12516483088308855,-0.0017563694158840085,HC
P02,L2,L2_2k,2k,session_S10_minus_S1_kappa_NR_250ms,-0.9241029500269506,-1.944417559675695,0.08667053813891056,HC
P02,L2,L2_2k,2k,session_S10_minus_S1_gamma_NR_250ms,-0.04538273949307897,-0.11355445073109205,0.018820667477919793,HC
P02,L2,L2_2k,2k,session_S10_minus_S1_beta_NR_250ms,-0.013114293835406056,-0.042971757593347225,-5.286151559140023e-4,HC
P02,L2,L2_2k,2k,session_S10_minus_S1_kappa_NR_300ms,-0.9241029500269506,-1.944417559675695,0.08667053813891056,HC
P02,L2,L2_2k,2k,session_S10_minus_S1_gamma_NR_300ms,-0.01364881600484437,-0.052980409735547435,0.007432698320649444,HC
P02,L2,L2_2k,2k,session_S10_minus_S1_beta_NR_300ms,-0.029054007295248322,-0.0727526269230772,-8.845921494582665e-4,HC
P02,L2,L2_2k,2k,session_S10_minus_S1_kappa_NR_350ms,-0.9241029500269506,-1.944417559675695,0.08667053813891056,HC
P02,L2,L2_2k,2k,session_S10_minus_S1_gamma_NR_350ms,-0.021220084789551556,-0.07542989972019012,0.01704343321078569,HC
P02,L2,L2_2k,2k,session_S10_minus_S1_beta_NR_350ms,-0.05519222177888432,-0.1182272939271914,-0.001990252285147267,HC
P02,L2,L2_2k,2k,session_S10_minus_S1_kappa_R_50ms,-2.0013348582402797,-4.170414727282102,0.1824100593148605,HC
P02,L2,L2_2k,2k,session_S10_minus_S1_gamma_R_50ms,-0.01651053207121394,-0.05539780730451687,0.007988764963753218,HC
P02,L2,L2_2k,2k,session_S10_minus_S1_beta_R_50ms,-0.022097509956492553,-0.05649152387551585,-7.621769384635623e-4,HC
P02,L2,L2_2k,2k,session_S10_minus_S1_kappa_R_100ms,-2.0013348582402797,-4.170414727282102,0.1824100593148605,HC
P02,L2,L2_2k,2k,session_S10_minus_S1_gamma_R_100ms,-0.024419548358072477,-0.07314769301720192,0.009399164244796192,HC
P02,L2,L2_2k,2k,session_S10_minus_S1_beta_R_100ms,-0.014602071336266119,-0.045431049162704136,-4.7492700783453726e-4,HC
P02,L2,L2_2k,2k,session_S10_minus_S1_kappa_R_150ms,-2.0013348582402797,-4.170414727282102,0.1824100593148605,HC
P02,L2,L2_2k,2k,session_S10_minus_S1_gamma_R_150ms,-0.015544310908486042,-0.04726226466656443,0.006291218262462227,HC
P02,L2,L2_2k,2k,session_S10_minus_S1_beta_R_150ms,-0.00827991877647863,-0.026289207324444102,-2.790140888678825e-4,HC
P02,L2,L2_2k,2k,session_S10_minus_S1_kappa_R_200ms,-2.0013348582402797,-4.170414727282102,0.1824100593148605,HC
P02,L2,L2_2k,2k,session_S10_minus_S1_gamma_R_200ms,-0.011968783997955614,-0.04101802779288271,0.005026970022625014,HC
P02,L2,L2_2k,2k,session_S10_minus_S1_beta_R_200ms,-0.010291206743263602,-0.03261640805149053,-3.539751440837515e-4,HC
P02,L2,L2_2k,2k,session_S10_minus_S1_kappa_R_250ms,-2.0013348582402797,-4.170414727282102,0.1824100593148605,HC
P02,L2,L2_2k,2k,session_S10_minus_S1_gamma_R_250ms,-0.006204631165454021,-0.02225296307408942,0.002673447866057343,HC
P02,L2,L2_2k,2k,session_S10_minus_S1_beta_R_250ms,-0.0054936265529315804,-0.017954548914150128,-1.6975959498465165e-4,HC
P02,L2,L2_2k,2k,session_S10_minus_S1_kappa_R_300ms,-2.0013348582402797,-4.170414727282102,0.1824100593148605,HC
P02,L2,L2_2k,2k,session_S10_minus_S1_gamma_R_300ms,-0.015665843704658775,-0.05047399962446897,0.006654047243114883,HC
P02,L2,L2_2k,2k,session_S10_minus_S1_beta_R_300ms,-0.01234582947853828,-0.03728046981553207,-3.571036134280576e-4,HC
P02,L2,L2_2k,2k,session_S10_minus_S1_kappa_R_350ms,-2.0013348582402797,-4.170414727282102,0.1824100593148605,HC
P02,L2,L2_2k,2k,session_S10_minus_S1_gamma_R_350ms,-0.010747933708278378,-0.036064386490041296,0.004692035316034135,HC
P02,L2,L2_2k,2k,session_S10_minus_S1_beta_R_350ms,-0.011323257217008177,-0.034036428177258424,-3.529056001367105e-4,HC
P02,L2,L2_14k,14k,gain_R_minus_NR_kappa_50ms_S1,5.2408249574626975,3.242686057197903,7.4810815822829415,HC
P02,L2,L2_14k,14k,gain_R_minus_NR_gamma_50ms_S1,-0.045368019683758476,-0.18924722155323612,0.0472069435445375,HC
P02,L2,L2_14k,14k,gain_R_minus_NR_beta_50ms_S1,-0.07544170650541818,-0.1748606382089214,0.018697913810308553,HC
P02,L2,L2_14k,14k,gain_R_minus_NR_kappa_50ms_S10,4.29060629497501,2.5760610574155915,6.211258568749859,HC
P02,L2,L2_14k,14k,gain_R_minus_NR_gamma_50ms_S10,-0.03324274138867523,-0.1524417278502218,0.030665349620780328,HC
P02,L2,L2_14k,14k,gain_R_minus_NR_beta_50ms_S10,-0.041807874963117865,-0.12172343536528189,0.010521103716911588,HC
P02,L2,L2_14k,14k,gain_R_minus_NR_kappa_100ms_S1,6.237747746399798,3.3872827289235192,9.767638943272043,HC
P02,L2,L2_14k,14k,gain_R_minus_NR_gamma_100ms_S1,-0.0656094435991781,-0.19819043216941612,0.05328309403815207,HC
P02,L2,L2_14k,14k,gain_R_minus_NR_beta_100ms_S1,-0.04128482702931157,-0.1301051869504685,0.029506666505565174,HC
P02,L2,L2_14k,14k,gain_R_minus_NR_kappa_100ms_S10,5.073833811023228,2.735406115969397,8.063256061251737,HC
P02,L2,L2_14k,14k,gain_R_minus_NR_gamma_100ms_S10,-0.047780399395917245,-0.16527315310632312,0.03329827547602478,HC
P02,L2,L2_14k,14k,gain_R_minus_NR_beta_100ms_S10,-0.02246095360264074,-0.08852223727780528,0.016197875740083634,HC
P02,L2,L2_14k,14k,gain_R_minus_NR_kappa_150ms_S1,6.866642516916801,4.391376446607259,9.804181965308471,HC
P02,L2,L2_14k,14k,gain_R_minus_NR_gamma_150ms_S1,-0.10796153547284641,-0.2403902328744506,0.012326753992355876,HC
P02,L2,L2_14k,14k,gain_R_minus_NR_beta_150ms_S1,-0.038478208847647605,-0.1223409191780793,0.013600519707421776,HC
P02,L2,L2_14k,14k,gain_R_minus_NR_kappa_150ms_S10,5.598015712270978,3.565851088241497,8.09631031563331,HC
P02,L2,L2_14k,14k,gain_R_minus_NR_gamma_150ms_S10,-0.07584429346663928,-0.18968464509671845,0.006474197468494596,HC
P02,L2,L2_14k,14k,gain_R_minus_NR_beta_150ms_S10,-0.020460836376719544,-0.0788905895937585,0.0078006826663409076,HC
P02,L2,L2_14k,14k,gain_R_minus_NR_kappa_200ms_S1,6.180534489699392,3.8978856768452377,8.710472835314706,HC
P02,L2,L2_14k,14k,gain_R_minus_NR_gamma_200ms_S1,-0.020608439616723442,-0.12799523248053832,0.04422075688831695,HC
P02,L2,L2_14k,14k,gain_R_minus_NR_beta_200ms_S1,-0.10203664291220187,-0.19263596272062744,-0.020876527994237934,HC
P02,L2,L2_14k,14k,gain_R_minus_NR_kappa_200ms_S10,5.02867990105103,3.1604271293519277,7.227143774172766,HC
P02,L2,L2_14k,14k,gain_R_minus_NR_gamma_200ms_S10,-0.015355254677909592,-0.10301587735024911,0.029050366281887296,HC
P02,L2,L2_14k,14k,gain_R_minus_NR_beta_200ms_S10,-0.057323880867978155,-0.13831056099235467,-0.010090194533667598,HC
P02,L2,L2_14k,14k,gain_R_minus_NR_kappa_250ms_S1,9.469922928125014,6.900665989762869,12.417038759695389,HC
P02,L2,L2_14k,14k,gain_R_minus_NR_gamma_250ms_S1,-0.07226084888427248,-0.1746612846938889,0.0027861076118225517,HC
P02,L2,L2_14k,14k,gain_R_minus_NR_beta_250ms_S1,-0.017080077287230582,-0.06822199423563831,0.013730298853703199,HC
P02,L2,L2_14k,14k,gain_R_minus_NR_kappa_250ms_S10,7.728163729211003,5.57592665867007,10.282433933941698,HC
P02,L2,L2_14k,14k,gain_R_minus_NR_gamma_250ms_S10,-0.048171114287563085,-0.1421179176493567,0.0012668235126512537,HC
P02,L2,L2_14k,14k,gain_R_minus_NR_beta_250ms_S10,-0.008774016133455964,-0.045984640720377425,0.0072604577169915275,HC
P02,L2,L2_14k,14k,gain_R_minus_NR_kappa_300ms_S1,3.170248563624741,0.8382718006232202,5.812006540218911,HC
P02,L2,L2_14k,14k,gain_R_minus_NR_gamma_300ms_S1,-0.009727483373754495,-0.08948999281261069,0.056227827187545563,HC
P02,L2,L2_14k,14k,gain_R_minus_NR_beta_300ms_S1,-0.049198523776018355,-0.11586298682215353,0.008707440683533468,HC
P02,L2,L2_14k,14k,gain_R_minus_NR_kappa_300ms_S10,2.5723173533480437,0.6920932322967915,4.795619455775926,HC
P02,L2,L2_14k,14k,gain_R_minus_NR_gamma_300ms_S10,-0.007299340320038017,-0.06747849374147086,0.039868210161551856,HC
P02,L2,L2_14k,14k,gain_R_minus_NR_beta_300ms_S10,-0.026542472726490844,-0.07930623507219636,0.0044354626487303475,HC
P02,L2,L2_14k,14k,gain_R_minus_NR_kappa_350ms_S1,4.323007536579022,1.456441916418354,7.206280783082162,HC
P02,L2,L2_14k,14k,gain_R_minus_NR_gamma_350ms_S1,-0.08029285032364664,-0.2020985623661533,0.006367279022561111,HC
P02,L2,L2_14k,14k,gain_R_minus_NR_beta_350ms_S1,-0.10619561913042133,-0.1880095020049,-0.027643692283858944,HC
P02,L2,L2_14k,14k,gain_R_minus_NR_kappa_350ms_S10,3.520506376159703,1.1953789025945756,5.90607650833099,HC
P02,L2,L2_14k,14k,gain_R_minus_NR_gamma_350ms_S10,-0.05749365194950541,-0.1737124200538147,0.0019230618310867992,HC
P02,L2,L2_14k,14k,gain_R_minus_NR_beta_350ms_S10,-0.060030365856075144,-0.1376615396547112,-0.012428270570431825,HC
P02,L2,L2_14k,14k,dur350_minus_50_kappa_NR_S1,2.6404057074395624,0.5223646319369354,5.135900289766513,HC
P02,L2,L2_14k,14k,dur350_minus_50_gamma_NR_S1,0.017693770086733028,-0.13705934416610374,0.1601301258053851,HC
P02,L2,L2_14k,14k,dur350_minus_50_beta_NR_S1,0.00841374273365423,-0.11176771368790783,0.11985886368340146,HC
P02,L2,L2_14k,14k,dur350_minus_50_kappa_NR_S10,2.1452102319167663,0.412631958408396,4.2363698655330095,HC
P02,L2,L2_14k,14k,dur350_minus_50_gamma_NR_S10,0.012962773804943673,-0.10311399077475622,0.13062984777763986,HC
P02,L2,L2_14k,14k,dur350_minus_50_beta_NR_S10,0.0047061019777672256,-0.06948558346750996,0.08342348370309109,HC
P02,L2,L2_14k,14k,dur350_minus_50_kappa_R_S1,1.6964273315530676,-0.8396750065397451,4.336760579456432,HC
P02,L2,L2_14k,14k,dur350_minus_50_gamma_R_S1,-0.015438160498671444,-0.07813019689022756,0.03802587131838895,HC
P02,L2,L2_14k,14k,dur350_minus_50_beta_R_S1,-0.022878049362124734,-0.07142703939271845,0.01928392627761037,HC
P02,L2,L2_14k,14k,dur350_minus_50_kappa_R_S10,1.3784660817697714,-0.6775129288110843,3.518562182549807,HC
P02,L2,L2_14k,14k,dur350_minus_50_gamma_R_S10,-0.010193947162839717,-0.05695521138896924,0.026894472986212937,HC
P02,L2,L2_14k,14k,dur350_minus_50_beta_R_S10,-0.012122311596791061,-0.04501063291824232,0.010890255622279124,HC
P02,L2,L2_14k,14k,session_S10_minus_S1_kappa_NR_50ms,-0.7754698333899335,-1.6748257481083457,0.01611563237774125,HC
P02,L2,L2_14k,14k,session_S10_minus_S1_gamma_NR_50ms,-0.02383807420500389,-0.09794446129748015,0.02010397607213573,HC
P02,L2,L2_14k,14k,session_S10_minus_S1_beta_NR_50ms,-0.050127031320681484,-0.12142881265987246,0.001457437573319988,HC
P02,L2,L2_14k,14k,session_S10_minus_S1_kappa_NR_100ms,-0.9902775600335909,-2.1051794970766062,0.022750436069733804,HC
P02,L2,L2_14k,14k,session_S10_minus_S1_gamma_NR_100ms,-0.04131041634808095,-0.11791641903971566,0.025326418952844158,HC
P02,L2,L2_14k,14k,session_S10_minus_S1_beta_NR_100ms,-0.030171959007755943,-0.08529244743084725,7.163327464799686e-4,HC
P02,L2,L2_14k,14k,session_S10_minus_S1_kappa_NR_150ms,-0.7439379439469791,-1.6101889450173057,0.016985096827351307,HC
P02,L2,L2_14k,14k,session_S10_minus_S1_gamma_NR_150ms,-0.04195323658693502,-0.13075257057770556,0.022581380119194156,HC
P02,L2,L2_14k,14k,session_S10_minus_S1_beta_NR_150ms,-0.02335024280010794,-0.0764210239639156,5.524357843105756e-4,HC
P02,L2,L2_14k,14k,session_S10_minus_S1_kappa_NR_200ms,-0.8893568284397257,-1.8763408885400892,0.02062366664968533,HC
P02,L2,L2_14k,14k,session_S10_minus_S1_gamma_NR_200ms,-0.015375186957495457,-0.06850812601418542,0.01340775447601739,HC
P02,L2,L2_14k,14k,session_S10_minus_S1_beta_NR_200ms,-0.050731563579533304,-0.1166157290797494,0.0010911455832942143,HC
P02,L2,L2_14k,14k,session_S10_minus_S1_kappa_NR_250ms,-0.7241394670854098,-1.5334232552525413,0.016729344091206955,HC
P02,L2,L2_14k,14k,session_S10_minus_S1_gamma_NR_250ms,-0.027171081588981513,-0.08713512372087859,0.015658446668843914,HC
P02,L2,L2_14k,14k,session_S10_minus_S1_beta_NR_250ms,-0.01252569669764407,-0.04219485947868595,3.662335521661297e-4,HC
P02,L2,L2_14k,14k,session_S10_minus_S1_kappa_NR_300ms,-1.327054843428689,-2.7641744487690993,0.02797782833126228,HC
P02,L2,L2_14k,14k,session_S10_minus_S1_gamma_NR_300ms,-0.016338085308723396,-0.06057461237102471,0.010269982383578244,HC
P02,L2,L2_14k,14k,session_S10_minus_S1_beta_NR_300ms,-0.03237777544179465,-0.07972079920216402,0.0010349228399509193,HC
P02,L2,L2_14k,14k,session_S10_minus_S1_kappa_NR_350ms,-1.2502379945185274,-2.70634352959922,0.026243433870796355,HC
P02,L2,L2_14k,14k,session_S10_minus_S1_gamma_NR_350ms,-0.02911858656739654,-0.09639842114477636,0.026598304442124018,HC
P02,L2,L2_14k,14k,session_S10_minus_S1_beta_NR_350ms,-0.05333283091290338,-0.11654821400788246,0.001488416821647284,HC
P02,L2,L2_14k,14k,session_S10_minus_S1_kappa_R_50ms,-1.7407810834685997,-3.5930632013762684,0.0392302837100046,HC
P02,L2,L2_14k,14k,session_S10_minus_S1_gamma_R_50ms,-0.015380074038141907,-0.053467330943994945,0.00831531298858245,HC
P02,L2,L2_14k,14k,session_S10_minus_S1_beta_R_50ms,-0.020689289412912017,-0.054194476493707,5.130384633235473e-4,HC
P02,L2,L2_14k,14k,session_S10_minus_S1_kappa_R_100ms,-2.144697753272774,-4.545824055384209,0.04774572415320362,HC
P02,L2,L2_14k,14k,session_S10_minus_S1_gamma_R_100ms,-0.025878901702159868,-0.0824296712166386,0.012353582166500683,HC
P02,L2,L2_14k,14k,session_S10_minus_S1_beta_R_100ms,-0.013113644472746228,-0.04404244567373172,2.3760188809664304e-4,HC
P02,L2,L2_14k,14k,session_S10_minus_S1_kappa_R_150ms,-2.012891918322887,-4.264393989061664,0.04312185256537883,HC
P02,L2,L2_14k,14k,session_S10_minus_S1_gamma_R_150ms,-0.015087233430643329,-0.048905820579701956,0.006826581857018831,HC
P02,L2,L2_14k,14k,session_S10_minus_S1_beta_R_150ms,-0.0076390770909455005,-0.025872294500854577,2.0380091490720145e-4,HC
P02,L2,L2_14k,14k,session_S10_minus_S1_kappa_R_200ms,-2.0276676118910393,-4.156964182987209,0.04720418524088921,HC
P02,L2,L2_14k,14k,session_S10_minus_S1_gamma_R_200ms,-0.012081015367577202,-0.0414235018246167,0.0059791490663644335,HC
P02,L2,L2_14k,14k,session_S10_minus_S1_beta_R_200ms,-0.009616204718947419,-0.030800970980632163,1.493859351900991e-4,HC
P02,L2,L2_14k,14k,session_S10_minus_S1_kappa_R_250ms,-2.4583215616342873,-5.0977927386922754,0.057688512546607444,HC
P02,L2,L2_14k,14k,session_S10_minus_S1_gamma_R_250ms,-0.006907251686089478,-0.02480570466881846,0.003595535922667044,HC
P02,L2,L2_14k,14k,session_S10_minus_S1_beta_R_250ms,-0.00560816887708243,-0.018933976019736176,1.4246622838915684e-4,HC
P02,L2,L2_14k,14k,session_S10_minus_S1_kappa_R_300ms,-1.9165593497103641,-3.993650498409466,0.04217599173138146,HC
P02,L2,L2_14k,14k,session_S10_minus_S1_gamma_R_300ms,-0.014299500530405074,-0.04998338982090017,0.007347527071409854,HC
P02,L2,L2_14k,14k,session_S10_minus_S1_beta_R_300ms,-0.011800248558152258,-0.03538458959540096,2.2698274109601504e-4,HC
P02,L2,L2_14k,14k,session_S10_minus_S1_kappa_R_350ms,-2.069449427558883,-4.287244031238494,0.04704991844490881,HC
P02,L2,L2_14k,14k,session_S10_minus_S1_gamma_R_350ms,-0.011122128764923436,-0.037331873007303465,0.005568977336942945,HC
P02,L2,L2_14k,14k,session_S10_minus_S1_beta_R_350ms,-0.010671590116677548,-0.03218514557745692,2.5326477297354146e-4,HC
P03,L1,L1_2k,2k,gain_R_minus_NR_kappa_50ms_S1,19.719888038424735,16.388094829342062,23.415066291202088,YILIU
P03,L1,L1_2k,2k,gain_R_minus_NR_gamma_50ms_S1,-0.24923956988929405,-0.33752827713413364,-0.1665422880867354,YILIU
P03,L1,L1_2k,2k,gain_R_minus_NR_kappa_50ms_S10,24.898143219485743,19.84475387908986,31.409405179370964,YILIU
P03,L1,L1_2k,2k,gain_R_minus_NR_gamma_50ms_S10,-0.2081414316353407,-0.3054159214924171,-0.1278765949484778,YILIU
P03,L1,L1_2k,2k,gain_R_minus_NR_kappa_100ms_S1,19.719888038424735,16.388094829342062,23.415066291202088,YILIU
P03,L1,L1_2k,2k,gain_R_minus_NR_gamma_100ms_S1,-0.30025265287896874,-0.3898912603816866,-0.21664184432632647,YILIU
P03,L1,L1_2k,2k,gain_R_minus_NR_kappa_100ms_S10,24.898143219485743,19.84475387908986,31.409405179370964,YILIU
P03,L1,L1_2k,2k,gain_R_minus_NR_gamma_100ms_S10,-0.2536180752746128,-0.3504605411959246,-0.16869504118402612,YILIU
P03,L1,L1_2k,2k,gain_R_minus_NR_kappa_150ms_S1,19.719888038424735,16.388094829342062,23.415066291202088,YILIU
P03,L1,L1_2k,2k,gain_R_minus_NR_gamma_150ms_S1,-0.32324158379250567,-0.410632508188604,-0.239092931064129,YILIU
P03,L1,L1_2k,2k,gain_R_minus_NR_kappa_150ms_S10,24.898143219485743,19.84475387908986,31.409405179370964,YILIU
P03,L1,L1_2k,2k,gain_R_minus_NR_gamma_150ms_S10,-0.2696360339918903,-0.37076705059221204,-0.1807378750776944,YILIU
P03,L1,L1_2k,2k,gain_R_minus_NR_kappa_200ms_S1,19.719888038424735,16.388094829342062,23.415066291202088,YILIU
P03,L1,L1_2k,2k,gain_R_minus_NR_gamma_200ms_S1,-0.28233975292702274,-0.3683165108198103,-0.20289718299136242,YILIU
P03,L1,L1_2k,2k,gain_R_minus_NR_kappa_200ms_S10,24.898143219485743,19.84475387908986,31.409405179370964,YILIU
P03,L1,L1_2k,2k,gain_R_minus_NR_gamma_200ms_S10,-0.23425439971608225,-0.32706799701104466,-0.1543749056355599,YILIU
P03,L1,L1_2k,2k,gain_R_minus_NR_kappa_250ms_S1,19.719888038424735,16.388094829342062,23.415066291202088,YILIU
P03,L1,L1_2k,2k,gain_R_minus_NR_gamma_250ms_S1,-0.2862078014288898,-0.3698626222760716,-0.20950269589050516,YILIU
P03,L1,L1_2k,2k,gain_R_minus_NR_kappa_250ms_S10,24.898143219485743,19.84475387908986,31.409405179370964,YILIU
P03,L1,L1_2k,2k,gain_R_minus_NR_gamma_250ms_S10,-0.23645982200670793,-0.32941140361112703,-0.1582574447263854,YILIU
P03,L1,L1_2k,2k,gain_R_minus_NR_kappa_300ms_S1,19.719888038424735,16.388094829342062,23.415066291202088,YILIU
P03,L1,L1_2k,2k,gain_R_minus_NR_gamma_300ms_S1,-0.2707140755219944,-0.3517500852732293,-0.198901520857751,YILIU
P03,L1,L1_2k,2k,gain_R_minus_NR_kappa_300ms_S10,24.898143219485743,19.84475387908986,31.409405179370964,YILIU
P03,L1,L1_2k,2k,gain_R_minus_NR_gamma_300ms_S10,-0.2187729857564008,-0.30883766966835313,-0.14530840660494543,YILIU
P03,L1,L1_2k,2k,gain_R_minus_NR_kappa_350ms_S1,19.719888038424735,16.388094829342062,23.415066291202088,YILIU
P03,L1,L1_2k,2k,gain_R_minus_NR_gamma_350ms_S1,-0.27748358095899894,-0.3632995603045874,-0.20129298099211518,YILIU
P03,L1,L1_2k,2k,gain_R_minus_NR_kappa_350ms_S10,24.898143219485743,19.84475387908986,31.409405179370964,YILIU
P03,L1,L1_2k,2k,gain_R_minus_NR_gamma_350ms_S10,-0.2269012684484907,-0.3212403452919605,-0.1495355824880381,YILIU
P03,L1,L1_2k,2k,dur350_minus_50_kappa_NR_S1,0,0,0,YILIU
P03,L1,L1_2k,2k,dur350_minus_50_gamma_NR_S1,-0.028322482045274905,-0.1247671689407863,0.06553716457268459,YILIU
P03,L1,L1_2k,2k,dur350_minus_50_kappa_NR_S10,0,0,0,YILIU
P03,L1,L1_2k,2k,dur350_minus_50_gamma_NR_S10,-0.024862358090655456,-0.11237442036607494,0.05876502085241124,YILIU
P03,L1,L1_2k,2k,dur350_minus_50_kappa_R_S1,0,0,0,YILIU
P03,L1,L1_2k,2k,dur350_minus_50_gamma_R_S1,-0.05603223936300339,-0.10655607415165054,-0.012915931670397484,YILIU
P03,L1,L1_2k,2k,dur350_minus_50_kappa_R_S10,0,0,0,YILIU
P03,L1,L1_2k,2k,dur350_minus_50_gamma_R_S10,-0.04312563748897477,-0.08687636082926638,-0.009420144702586156,YILIU
P03,L1,L1_2k,2k,session_S10_minus_S1_kappa_NR_50ms,1.6779310851416436,-0.1474238085454258,3.8116864838113416,YILIU
P03,L1,L1_2k,2k,session_S10_minus_S1_gamma_NR_50ms,-0.06115622703039525,-0.14549372014445633,0.02726397709048174,YILIU
P03,L1,L1_2k,2k,session_S10_minus_S1_kappa_NR_100ms,1.6779310851416436,-0.1474238085454258,3.8116864838113416,YILIU
P03,L1,L1_2k,2k,session_S10_minus_S1_gamma_NR_100ms,-0.06556764451939329,-0.15688441798717007,0.028220723711863984,YILIU
P03,L1,L1_2k,2k,session_S10_minus_S1_kappa_NR_150ms,1.6779310851416436,-0.1474238085454258,3.8116864838113416,YILIU
P03,L1,L1_2k,2k,session_S10_minus_S1_gamma_NR_150ms,-0.06383662441956478,-0.15122859605352587,0.028221435291197087,YILIU
P03,L1,L1_2k,2k,session_S10_minus_S1_kappa_NR_200ms,1.6779310851416436,-0.1474238085454258,3.8116864838113416,YILIU
P03,L1,L1_2k,2k,session_S10_minus_S1_gamma_NR_200ms,-0.06057901126220122,-0.14533336509389105,0.026993631908633655,YILIU
P03,L1,L1_2k,2k,session_S10_minus_S1_kappa_NR_250ms,1.6779310851416436,-0.1474238085454258,3.8116864838113416,YILIU
P03,L1,L1_2k,2k,session_S10_minus_S1_gamma_NR_250ms,-0.0603163480167411,-0.14519396819385935,0.026723886521343106,YILIU
P03,L1,L1_2k,2k,session_S10_minus_S1_kappa_NR_300ms,1.6779310851416436,-0.1474238085454258,3.8116864838113416,YILIU
P03,L1,L1_2k,2k,session_S10_minus_S1_gamma_NR_300ms,-0.054722052371465296,-0.13087143075829497,0.02436316523264408,YILIU
P03,L1,L1_2k,2k,session_S10_minus_S1_kappa_NR_350ms,1.6779310851416436,-0.1474238085454258,3.8116864838113416,YILIU
P03,L1,L1_2k,2k,session_S10_minus_S1_gamma_NR_350ms,-0.05835330710754792,-0.13769294562016002,0.026017232494273367,YILIU
P03,L1,L1_2k,2k,session_S10_minus_S1_kappa_R_50ms,6.874015127568706,-0.6012197036335036,15.535737652448034,YILIU
P03,L1,L1_2k,2k,session_S10_minus_S1_gamma_R_50ms,-0.020594026442278993,-0.05389694324854782,0.010008433064272996,YILIU
P03,L1,L1_2k,2k,session_S10_minus_S1_kappa_R_100ms,6.874015127568706,-0.6012197036335036,15.535737652448034,YILIU
P03,L1,L1_2k,2k,session_S10_minus_S1_gamma_R_100ms,-0.018763248265140947,-0.04952825280942376,0.00930637406651979,YILIU
P03,L1,L1_2k,2k,session_S10_minus_S1_kappa_R_150ms,6.874015127568706,-0.6012197036335036,15.535737652448034,YILIU
P03,L1,L1_2k,2k,session_S10_minus_S1_gamma_R_150ms,-0.010079221851246455,-0.029334544082460293,0.004878476099875582,YILIU
P03,L1,L1_2k,2k,session_S10_minus_S1_kappa_R_200ms,6.874015127568706,-0.6012197036335036,15.535737652448034,YILIU
P03,L1,L1_2k,2k,session_S10_minus_S1_gamma_R_200ms,-0.011940956523382118,-0.033020022073730386,0.005960438915338092,YILIU
P03,L1,L1_2k,2k,session_S10_minus_S1_kappa_R_250ms,6.874015127568706,-0.6012197036335036,15.535737652448034,YILIU
P03,L1,L1_2k,2k,session_S10_minus_S1_gamma_R_250ms,-0.01045195816054203,-0.03001451678682642,0.005029147788604949,YILIU
P03,L1,L1_2k,2k,session_S10_minus_S1_kappa_R_300ms,6.874015127568706,-0.6012197036335036,15.535737652448034,YILIU
P03,L1,L1_2k,2k,session_S10_minus_S1_gamma_R_300ms,-0.00259404280475901,-0.010758910942385427,0.0014793846542201048,YILIU
P03,L1,L1_2k,2k,session_S10_minus_S1_kappa_R_350ms,6.874015127568706,-0.6012197036335036,15.535737652448034,YILIU
P03,L1,L1_2k,2k,session_S10_minus_S1_gamma_R_350ms,-0.007754746880404277,-0.023831389971017296,0.0039130525526205225,YILIU
P03,L1,L1_14k,14k,gain_R_minus_NR_kappa_50ms_S1,12.158154443882957,8.587540901721448,16.574137095265495,YILIU
P03,L1,L1_14k,14k,gain_R_minus_NR_gamma_50ms_S1,-0.22677448207811288,-0.3229555306026672,-0.1357652273255206,YILIU
P03,L1,L1_14k,14k,gain_R_minus_NR_kappa_50ms_S10,16.75426991886584,11.41960413151469,23.673823382305113,YILIU
P03,L1,L1_14k,14k,gain_R_minus_NR_gamma_50ms_S10,-0.17675921326526617,-0.2780477989083094,-0.09704723311312487,YILIU
P03,L1,L1_14k,14k,gain_R_minus_NR_kappa_100ms_S1,15.726563881310593,11.499038606723456,20.998450844579732,YILIU
P03,L1,L1_14k,14k,gain_R_minus_NR_gamma_100ms_S1,-0.24414509872207024,-0.33928632181137547,-0.15504057116548803,YILIU
P03,L1,L1_14k,14k,gain_R_minus_NR_kappa_100ms_S10,21.676050187905574,15.475258291181916,30.097793143836764,YILIU
P03,L1,L1_14k,14k,gain_R_minus_NR_gamma_100ms_S10,-0.19211945999113858,-0.29313026969552747,-0.11273423600924468,YILIU
P03,L1,L1_14k,14k,gain_R_minus_NR_kappa_150ms_S1,12.836101023351898,8.374962932635478,17.725634226018958,YILIU
P03,L1,L1_14k,14k,gain_R_minus_NR_gamma_150ms_S1,-0.33391020602970795,-0.43063243384492933,-0.24419456158043717,YILIU
P03,L1,L1_14k,14k,gain_R_minus_NR_kappa_150ms_S10,17.68561971414094,11.579222761316178,24.940506833919983,YILIU
P03,L1,L1_14k,14k,gain_R_minus_NR_gamma_150ms_S10,-0.26664852838909814,-0.3719384117714374,-0.1727512747097305,YILIU
P03,L1,L1_14k,14k,gain_R_minus_NR_kappa_200ms_S1,21.41237644447616,16.272916459023197,27.856931892021034,YILIU
P03,L1,L1_14k,14k,gain_R_minus_NR_gamma_200ms_S1,-0.28165173183471576,-0.37672426185752034,-0.1952886120772673,YILIU
P03,L1,L1_14k,14k,gain_R_minus_NR_kappa_200ms_S10,29.59934638515128,21.657615899730974,39.6132072759605,YILIU
P03,L1,L1_14k,14k,gain_R_minus_NR_gamma_200ms_S10,-0.2223874385802631,-0.3205756509637592,-0.13982601608442513,YILIU
P03,L1,L1_14k,14k,gain_R_minus_NR_kappa_250ms_S1,14.400481091469498,7.548491429393664,21.506728640859357,YILIU
P03,L1,L1_14k,14k,gain_R_minus_NR_gamma_250ms_S1,-0.33680025939581737,-0.4245178713768374,-0.2525912074975607,YILIU
P03,L1,L1_14k,14k,gain_R_minus_NR_kappa_250ms_S10,19.8457664958327,10.243167987571207,30.322885381046767,YILIU
P03,L1,L1_14k,14k,gain_R_minus_NR_gamma_250ms_S10,-0.2698903939375473,-0.36724831924835266,-0.185325027877095,YILIU
P03,L1,L1_14k,14k,gain_R_minus_NR_kappa_300ms_S1,16.097515843128427,11.548731740552016,21.4241661339032,YILIU
P03,L1,L1_14k,14k,gain_R_minus_NR_gamma_300ms_S1,-0.28649507649976197,-0.3705555997398637,-0.21070288037146775,YILIU
P03,L1,L1_14k,14k,gain_R_minus_NR_kappa_300ms_S10,22.189542236106117,15.484675754262373,31.198070772789784,YILIU
P03,L1,L1_14k,14k,gain_R_minus_NR_gamma_300ms_S10,-0.22144757051054814,-0.3131391019947871,-0.14363878937857968,YILIU
P03,L1,L1_14k,14k,gain_R_minus_NR_kappa_350ms_S1,21.878448272166807,16.17259330843735,28.54286650009834,YILIU
P03,L1,L1_14k,14k,gain_R_minus_NR_gamma_350ms_S1,-0.26825682088407,-0.35968307239006025,-0.18171691145496885,YILIU
P03,L1,L1_14k,14k,gain_R_minus_NR_kappa_350ms_S10,30.190441411072065,21.690126713517763,40.77469009740919,YILIU
P03,L1,L1_14k,14k,gain_R_minus_NR_gamma_350ms_S10,-0.20910279698653195,-0.3020500489838173,-0.13044875302673203,YILIU
P03,L1,L1_14k,14k,dur350_minus_50_kappa_NR_S1,1.35740951748621,-0.8522575874409614,3.7290176430067303,YILIU
P03,L1,L1_14k,14k,dur350_minus_50_gamma_NR_S1,0.01293347127030578,-0.10270398734159719,0.12698927047933156,YILIU
P03,L1,L1_14k,14k,dur350_minus_50_kappa_NR_S10,1.8630455240009116,-1.167798957901273,5.255645135376772,YILIU
P03,L1,L1_14k,14k,dur350_minus_50_gamma_NR_S10,0.011067700612027304,-0.08901190425632101,0.10742449931853076,YILIU
P03,L1,L1_14k,14k,dur350_minus_50_kappa_R_S1,11.052395943168287,4.918629929863915,17.73072107108093,YILIU
P03,L1,L1_14k,14k,dur350_minus_50_gamma_R_S1,-0.028477380760266048,-0.07483713065841624,0.011926985352988181,YILIU
P03,L1,L1_14k,14k,dur350_minus_50_kappa_R_S10,15.252341129532704,6.725794266675124,24.735828520906068,YILIU
P03,L1,L1_14k,14k,dur350_minus_50_gamma_R_S10,-0.020309522700269842,-0.05631855560506617,0.008742025671884134,YILIU
P03,L1,L1_14k,14k,session_S10_minus_S1_kappa_NR_50ms,1.5520089099389351,0.392730389746181,3.2142725129703456,YILIU
P03,L1,L1_14k,14k,session_S10_minus_S1_gamma_NR_50ms,-0.0675964577033399,-0.14394276091758207,0.01346477335247025,YILIU
P03,L1,L1_14k,14k,session_S10_minus_S1_kappa_NR_100ms,1.3681712199198002,0.35202380370183073,2.747324387858317,YILIU
P03,L1,L1_14k,14k,session_S10_minus_S1_gamma_NR_100ms,-0.07170221973017335,-0.1518123935892188,0.013860620028887204,YILIU
P03,L1,L1_14k,14k,session_S10_minus_S1_kappa_NR_150ms,2.305240574538071,0.5440291703588431,5.192399437741083,YILIU
P03,L1,L1_14k,14k,session_S10_minus_S1_gamma_NR_150ms,-0.07876146149596666,-0.16631219471420391,0.015535601769972726,YILIU
P03,L1,L1_14k,14k,session_S10_minus_S1_kappa_NR_200ms,2.1834389917738952,0.5365041560029103,4.605164335769353,YILIU
P03,L1,L1_14k,14k,session_S10_minus_S1_gamma_NR_200ms,-0.07387277957015508,-0.15727397404283536,0.014263719129859903,YILIU
P03,L1,L1_14k,14k,session_S10_minus_S1_kappa_NR_250ms,4.11010212474531,1.0395379438694416,8.305214259049967,YILIU
P03,L1,L1_14k,14k,session_S10_minus_S1_gamma_NR_250ms,-0.0801883462116779,-0.17198741488192545,0.015543920951722485,YILIU
P03,L1,L1_14k,14k,session_S10_minus_S1_kappa_NR_300ms,2.5740788091862434,0.6664783017823016,5.044504606848371,YILIU
P03,L1,L1_14k,14k,session_S10_minus_S1_gamma_NR_300ms,-0.06838792265490921,-0.14607875662916153,0.013489582317853457,YILIU
P03,L1,L1_14k,14k,session_S10_minus_S1_kappa_NR_350ms,2.0668902359136303,0.5039006954638168,4.22745620161961,YILIU
P03,L1,L1_14k,14k,session_S10_minus_S1_gamma_NR_350ms,-0.07028600513288126,-0.14904203225433107,0.013724001714711925,YILIU
P03,L1,L1_14k,14k,session_S10_minus_S1_kappa_R_50ms,6.135729393170359,1.555830318636057,11.949808502381167,YILIU
P03,L1,L1_14k,14k,session_S10_minus_S1_gamma_R_50ms,-0.01851471068333108,-0.04471867612761705,0.0037338008463658062,YILIU
P03,L1,L1_14k,14k,session_S10_minus_S1_kappa_R_100ms,7.292540359821027,1.9173618231379923,14.182430475163942,YILIU
P03,L1,L1_14k,14k,session_S10_minus_S1_gamma_R_100ms,-0.020210310359843706,-0.04896613059759662,0.004133667349914789,YILIU
P03,L1,L1_14k,14k,session_S10_minus_S1_kappa_R_150ms,7.221839754970082,1.860677520860748,13.797331735142922,YILIU
P03,L1,L1_14k,14k,session_S10_minus_S1_gamma_R_150ms,-0.010486368314245716,-0.027543644616979193,0.002254215830507282,YILIU
P03,L1,L1_14k,14k,session_S10_minus_S1_kappa_R_200ms,10.35610461991518,2.674350811772359,19.66199786768343,YILIU
P03,L1,L1_14k,14k,session_S10_minus_S1_gamma_R_200ms,-0.014906413142769907,-0.036785192958939436,0.0029910867230273233,YILIU
P03,L1,L1_14k,14k,session_S10_minus_S1_kappa_R_250ms,9.596231075600798,2.4391697059578017,18.253368676312874,YILIU
P03,L1,L1_14k,14k,session_S10_minus_S1_gamma_R_250ms,-0.013238824741878215,-0.0340083956435473,0.0025902259754322894,YILIU
P03,L1,L1_14k,14k,session_S10_minus_S1_kappa_R_300ms,8.69311247796586,2.208287394467902,16.93394978331676,YILIU
P03,L1,L1_14k,14k,session_S10_minus_S1_gamma_R_300ms,-0.003134798689226721,-0.01128742777084357,7.017877024824839e-4,YILIU
P03,L1,L1_14k,14k,session_S10_minus_S1_kappa_R_350ms,10.338673779654023,2.6726259161979233,19.60985966272863,YILIU
P03,L1,L1_14k,14k,session_S10_minus_S1_gamma_R_350ms,-0.010343443558209334,-0.02790386572820994,0.0021332850279708873,YILIU
P03,L2,L2_2k,2k,gain_R_minus_NR_kappa_50ms_S1,20.794254202263158,17.380001863835524,24.62217680457496,YILIU
P03,L2,L2_2k,2k,gain_R_minus_NR_gamma_50ms_S1,0.03382617162744009,-0.06995688334548195,0.10823344791878654,YILIU
P03,L2,L2_2k,2k,gain_R_minus_NR_beta_50ms_S1,-0.2707705897820426,-0.3702472398298828,-0.1730047676264604,YILIU
P03,L2,L2_2k,2k,gain_R_minus_NR_kappa_50ms_S10,24.882080177532075,20.089980991017658,30.763973969764486,YILIU
P03,L2,L2_2k,2k,gain_R_minus_NR_gamma_50ms_S10,0.016268889238346282,-0.06441449519910016,0.07163907035110308,YILIU
P03,L2,L2_2k,2k,gain_R_minus_NR_beta_50ms_S10,-0.17912788405147073,-0.28447948626909847,-0.09400599643282667,YILIU
P03,L2,L2_2k,2k,gain_R_minus_NR_kappa_100ms_S1,20.794254202263158,17.380001863835524,24.62217680457496,YILIU
P03,L2,L2_2k,2k,gain_R_minus_NR_gamma_100ms_S1,-0.23493226429768121,-0.3681355525782804,-0.11082892082679727,YILIU
P03,L2,L2_2k,2k,gain_R_minus_NR_beta_100ms_S1,-0.07863531289006537,-0.18262942047638475,0.0034750880555316685,YILIU
P03,L2,L2_2k,2k,gain_R_minus_NR_kappa_100ms_S10,24.882080177532075,20.089980991017658,30.763973969764486,YILIU
P03,L2,L2_2k,2k,gain_R_minus_NR_gamma_100ms_S10,-0.18154002091661253,-0.3115990839958881,-0.07993780409490311,YILIU
P03,L2,L2_2k,2k,gain_R_minus_NR_beta_100ms_S10,-0.04652911418990144,-0.12163237261046264,0.0022295801453204402,YILIU
P03,L2,L2_2k,2k,gain_R_minus_NR_kappa_150ms_S1,20.794254202263158,17.380001863835524,24.62217680457496,YILIU
P03,L2,L2_2k,2k,gain_R_minus_NR_gamma_150ms_S1,-0.16274889674875087,-0.3101989082456113,-0.04515857342668085,YILIU
P03,L2,L2_2k,2k,gain_R_minus_NR_beta_150ms_S1,-0.16390607211220282,-0.27756636885810915,-0.05507583009063747,YILIU
P03,L2,L2_2k,2k,gain_R_minus_NR_kappa_150ms_S10,24.882080177532075,20.089980991017658,30.763973969764486,YILIU
P03,L2,L2_2k,2k,gain_R_minus_NR_gamma_150ms_S10,-0.12539283256605918,-0.2613434836420959,-0.033949599998580805,YILIU
P03,L2,L2_2k,2k,gain_R_minus_NR_beta_150ms_S10,-0.10218004998410948,-0.20838958378269418,-0.027949143420476576,YILIU
P03,L2,L2_2k,2k,gain_R_minus_NR_kappa_200ms_S1,20.794254202263158,17.380001863835524,24.62217680457496,YILIU
P03,L2,L2_2k,2k,gain_R_minus_NR_gamma_200ms_S1,-0.07462939086135176,-0.1877041772595412,0.008755350161214965,YILIU
P03,L2,L2_2k,2k,gain_R_minus_NR_beta_200ms_S1,-0.22247301130450334,-0.3300255225855652,-0.12064110375901843,YILIU
P03,L2,L2_2k,2k,gain_R_minus_NR_kappa_200ms_S10,24.882080177532075,20.089980991017658,30.763973969764486,YILIU
P03,L2,L2_2k,2k,gain_R_minus_NR_gamma_200ms_S10,-0.05930471897506159,-0.1634328616008594,7.906532719912201e-4,YILIU
P03,L2,L2_2k,2k,gain_R_minus_NR_beta_200ms_S10,-0.14218573379766913,-0.2531002218100272,-0.06280234005960494,YILIU
P03,L2,L2_2k,2k,gain_R_minus_NR_kappa_250ms_S1,20.794254202263158,17.380001863835524,24.62217680457496,YILIU
P03,L2,L2_2k,2k,gain_R_minus_NR_gamma_250ms_S1,-0.18901207137046067,-0.31651556463824804,-0.08055307968317263,YILIU
P03,L2,L2_2k,2k,gain_R_minus_NR_beta_250ms_S1,-0.10991840668194967,-0.2125971541093689,-0.02000471906989462,YILIU
P03,L2,L2_2k,2k,gain_R_minus_NR_kappa_250ms_S10,24.882080177532075,20.089980991017658,30.763973969764486,YILIU
P03,L2,L2_2k,2k,gain_R_minus_NR_gamma_250ms_S10,-0.14015132117433537,-0.2569307185811327,-0.055953893639977485,YILIU
P03,L2,L2_2k,2k,gain_R_minus_NR_beta_250ms_S10,-0.06681046553558234,-0.14945020579747315,-0.01122774564769115,YILIU
P03,L2,L2_2k,2k,gain_R_minus_NR_kappa_300ms_S1,20.794254202263158,17.380001863835524,24.62217680457496,YILIU
P03,L2,L2_2k,2k,gain_R_minus_NR_gamma_300ms_S1,-0.13704406620675882,-0.24940802367943765,-0.04910841993992212,YILIU
P03,L2,L2_2k,2k,gain_R_minus_NR_beta_300ms_S1,-0.14749744556294975,-0.24350069756834208,-0.05772433217472723,YILIU
P03,L2,L2_2k,2k,gain_R_minus_NR_kappa_300ms_S10,24.882080177532075,20.089980991017658,30.763973969764486,YILIU
P03,L2,L2_2k,2k,gain_R_minus_NR_gamma_300ms_S10,-0.09806901478306124,-0.19916974324096656,-0.03429953884968161,YILIU
P03,L2,L2_2k,2k,gain_R_minus_NR_beta_300ms_S10,-0.08971462248341071,-0.17192673495954444,-0.03152627367006267,YILIU
P03,L2,L2_2k,2k,gain_R_minus_NR_kappa_350ms_S1,20.794254202263158,17.380001863835524,24.62217680457496,YILIU
P03,L2,L2_2k,2k,gain_R_minus_NR_gamma_350ms_S1,-0.17299616912937874,-0.3002917239363185,-0.07073571613851552,YILIU
P03,L2,L2_2k,2k,gain_R_minus_NR_beta_350ms_S1,-0.11847211351223796,-0.21626870883848856,-0.027271296129490384,YILIU
P03,L2,L2_2k,2k,gain_R_minus_NR_kappa_350ms_S10,24.882080177532075,20.089980991017658,30.763973969764486,YILIU
P03,L2,L2_2k,2k,gain_R_minus_NR_gamma_350ms_S10,-0.12662416703401033,-0.2416038039621731,-0.047973615085083125,YILIU
P03,L2,L2_2k,2k,gain_R_minus_NR_beta_350ms_S10,-0.07136570784344431,-0.15151630371351998,-0.015028713676879968,YILIU
P03,L2,L2_2k,2k,dur350_minus_50_kappa_NR_S1,0,0,0,YILIU
P03,L2,L2_2k,2k,dur350_minus_50_gamma_NR_S1,0.1412279861503034,0.014040948901131547,0.2752966923627538,YILIU
P03,L2,L2_2k,2k,dur350_minus_50_beta_NR_S1,-0.15443579179795364,-0.2838989607371117,-0.030688819000826352,YILIU
P03,L2,L2_2k,2k,dur350_minus_50_kappa_NR_S10,0,0,0,YILIU
P03,L2,L2_2k,2k,dur350_minus_50_gamma_NR_S10,0.09885216134250122,0.007447090735961356,0.21481334572937982,YILIU
P03,L2,L2_2k,2k,dur350_minus_50_beta_NR_S10,-0.10570462929173276,-0.2142629308936773,-0.02014023430169879,YILIU
P03,L2,L2_2k,2k,dur350_minus_50_kappa_R_S1,0,0,0,YILIU
P03,L2,L2_2k,2k,dur350_minus_50_gamma_R_S1,-0.06194021642337534,-0.12042036333232259,-0.013867719685397408,YILIU
P03,L2,L2_2k,2k,dur350_minus_50_beta_R_S1,-0.0019838576812631365,-0.037367526354408695,0.028571170760207983,YILIU
P03,L2,L2_2k,2k,dur350_minus_50_kappa_R_S10,0,0,0,YILIU
P03,L2,L2_2k,2k,dur350_minus_50_gamma_R_S10,-0.03953776979755832,-0.08914606919059626,-0.00856200795767488,YILIU
P03,L2,L2_2k,2k,dur350_minus_50_beta_R_S10,-0.0011337605583169215,-0.023297020619577214,0.017654866491564985,YILIU
P03,L2,L2_2k,2k,session_S10_minus_S1_kappa_NR_50ms,1.2793803313255538,-0.4445769841986132,3.3035457917921383,YILIU
P03,L2,L2_2k,2k,session_S10_minus_S1_gamma_NR_50ms,-0.013238822575617362,-0.059613125038596476,0.015706839669909756,YILIU
P03,L2,L2_2k,2k,session_S10_minus_S1_beta_NR_50ms,-0.09992850097395647,-0.19806533938056098,-0.004185162427396009,YILIU
P03,L2,L2_2k,2k,session_S10_minus_S1_kappa_NR_100ms,1.2793803313255538,-0.4445769841986132,3.3035457917921383,YILIU
P03,L2,L2_2k,2k,session_S10_minus_S1_gamma_NR_100ms,-0.07864512888125064,-0.18503153878297612,0.028136288803489562,YILIU
P03,L2,L2_2k,2k,session_S10_minus_S1_beta_NR_100ms,-0.0387278909042166,-0.10453891959053485,-0.0014486017775990775,YILIU
P03,L2,L2_2k,2k,session_S10_minus_S1_kappa_NR_150ms,1.2793803313255538,-0.4445769841986132,3.3035457917921383,YILIU
P03,L2,L2_2k,2k,session_S10_minus_S1_gamma_NR_150ms,-0.05232486067671717,-0.1413791632423419,0.02793471748514625,YILIU
P03,L2,L2_2k,2k,session_S10_minus_S1_beta_NR_150ms,-0.06473670243756413,-0.1440754178071487,-0.0032115561344738513,YILIU
P03,L2,L2_2k,2k,session_S10_minus_S1_kappa_NR_200ms,1.2793803313255538,-0.4445769841986132,3.3035457917921383,YILIU
P03,L2,L2_2k,2k,session_S10_minus_S1_gamma_NR_200ms,-0.030914576673840777,-0.09464206279950421,0.024401895145679833,YILIU
P03,L2,L2_2k,2k,session_S10_minus_S1_beta_NR_200ms,-0.08485080846185626,-0.17080706651517363,-0.0042521175643788645,YILIU
P03,L2,L2_2k,2k,session_S10_minus_S1_kappa_NR_250ms,1.2793803313255538,-0.4445769841986132,3.3035457917921383,YILIU
P03,L2,L2_2k,2k,session_S10_minus_S1_gamma_NR_250ms,-0.061024380085550875,-0.15437977801558067,0.024713408059857594,YILIU
P03,L2,L2_2k,2k,session_S10_minus_S1_beta_NR_250ms,-0.04982029174142112,-0.11862900282557756,-0.002220956981919948,YILIU
P03,L2,L2_2k,2k,session_S10_minus_S1_kappa_NR_300ms,1.2793803313255538,-0.4445769841986132,3.3035457917921383,YILIU
P03,L2,L2_2k,2k,session_S10_minus_S1_gamma_NR_300ms,-0.04282218032464829,-0.11884969164435208,0.019776805018941246,YILIU
P03,L2,L2_2k,2k,session_S10_minus_S1_beta_NR_300ms,-0.05835609140029285,-0.13433719425846938,-0.0023965951780955544,YILIU
P03,L2,L2_2k,2k,session_S10_minus_S1_kappa_NR_350ms,1.2793803313255538,-0.4445769841986132,3.3035457917921383,YILIU
P03,L2,L2_2k,2k,session_S10_minus_S1_gamma_NR_350ms,-0.05446720068304428,-0.14165115781126253,0.022268129282984477,YILIU
P03,L2,L2_2k,2k,session_S10_minus_S1_beta_NR_350ms,-0.05125308442022044,-0.12083873599499646,-0.0023293050030403456,YILIU
P03,L2,L2_2k,2k,session_S10_minus_S1_kappa_R_50ms,5.350110262678275,-1.8978201307653548,13.433938805529543,YILIU
P03,L2,L2_2k,2k,session_S10_minus_S1_gamma_R_50ms,-0.03235214911094378,-0.07550829853268698,0.005308572423036444,YILIU
P03,L2,L2_2k,2k,session_S10_minus_S1_beta_R_50ms,-0.009189454043732968,-0.028834372928665444,-3.8055498159781135e-4,YILIU
P03,L2,L2_2k,2k,session_S10_minus_S1_kappa_R_100ms,5.350110262678275,-1.8978201307653548,13.433938805529543,YILIU
P03,L2,L2_2k,2k,session_S10_minus_S1_gamma_R_100ms,-0.027304406334682736,-0.06611670790511986,0.004538414215158735,YILIU
P03,L2,L2_2k,2k,session_S10_minus_S1_beta_R_100ms,-0.009871373348542836,-0.02994437752269205,-4.1513045653622543e-4,YILIU
P03,L2,L2_2k,2k,session_S10_minus_S1_kappa_R_150ms,5.350110262678275,-1.8978201307653548,13.433938805529543,YILIU
P03,L2,L2_2k,2k,session_S10_minus_S1_gamma_R_150ms,-0.01633548790092401,-0.04275107494904987,0.00222816355500595,YILIU
P03,L2,L2_2k,2k,session_S10_minus_S1_beta_R_150ms,-0.006517469025511035,-0.021422444485830666,-3.113125267994541e-4,YILIU
P03,L2,L2_2k,2k,session_S10_minus_S1_kappa_R_200ms,5.350110262678275,-1.8978201307653548,13.433938805529543,YILIU
P03,L2,L2_2k,2k,session_S10_minus_S1_gamma_R_200ms,-0.01777525812457901,-0.04649249507259257,0.0025981634753757055,YILIU
P03,L2,L2_2k,2k,session_S10_minus_S1_beta_R_200ms,-0.007585061756868685,-0.02318667135852598,-3.3755252943285164e-4,YILIU
P03,L2,L2_2k,2k,session_S10_minus_S1_kappa_R_250ms,5.350110262678275,-1.8978201307653548,13.433938805529543,YILIU
P03,L2,L2_2k,2k,session_S10_minus_S1_gamma_R_250ms,-0.01353970157566461,-0.03801515989359695,0.002034524915728732,YILIU
P03,L2,L2_2k,2k,session_S10_minus_S1_beta_R_250ms,-0.009824836279416266,-0.028553263256811935,-4.0611633410480365e-4,YILIU
P03,L2,L2_2k,2k,session_S10_minus_S1_kappa_R_300ms,5.350110262678275,-1.8978201307653548,13.433938805529543,YILIU
P03,L2,L2_2k,2k,session_S10_minus_S1_gamma_R_300ms,-0.006350906624570607,-0.020468885599621348,9.736500307244053e-4,YILIU
P03,L2,L2_2k,2k,session_S10_minus_S1_beta_R_300ms,-0.003999110763390112,-0.013370339386294146,-1.7432253586942625e-4,YILIU
P03,L2,L2_2k,2k,session_S10_minus_S1_kappa_R_350ms,5.350110262678275,-1.8978201307653548,13.433938805529543,YILIU
P03,L2,L2_2k,2k,session_S10_minus_S1_gamma_R_350ms,-0.01056490043945816,-0.030756743339154666,0.0015805161097335253,YILIU
P03,L2,L2_2k,2k,session_S10_minus_S1_beta_R_350ms,-0.008529225702254374,-0.024913890177072028,-3.7726451573820305e-4,YILIU
P03,L2,L2_14k,14k,gain_R_minus_NR_kappa_50ms_S1,12.369892406316543,8.636780030694082,17.094340041889957,YILIU
P03,L2,L2_14k,14k,gain_R_minus_NR_gamma_50ms_S1,0.024755403115740867,-0.065596412667305,0.08945767443021277,YILIU
P03,L2,L2_14k,14k,gain_R_minus_NR_beta_50ms_S1,-0.2647074957181713,-0.36174468928008535,-0.1708648847109683,YILIU
P03,L2,L2_14k,14k,gain_R_minus_NR_kappa_50ms_S10,15.981930525762479,10.8810730695744,22.74100576982401,YILIU
P03,L2,L2_14k,14k,gain_R_minus_NR_gamma_50ms_S10,0.010677413323870785,-0.05345228021886672,0.053248199432527545,YILIU
P03,L2,L2_14k,14k,gain_R_minus_NR_beta_50ms_S10,-0.1738032637480975,-0.27722141958936874,-0.09080404209164056,YILIU
P03,L2,L2_14k,14k,gain_R_minus_NR_kappa_100ms_S1,15.777506485641819,11.513186532794833,21.042826328085418,YILIU
P03,L2,L2_14k,14k,gain_R_minus_NR_gamma_100ms_S1,-0.17803410391388141,-0.318749320093708,-0.04318426799648959,YILIU
P03,L2,L2_14k,14k,gain_R_minus_NR_beta_100ms_S1,-0.08268959618676278,-0.19731883667285816,0.00921697780031566,YILIU
P03,L2,L2_14k,14k,gain_R_minus_NR_kappa_100ms_S10,20.409678217149576,14.534558431582141,28.27471353870576,YILIU
P03,L2,L2_14k,14k,gain_R_minus_NR_gamma_100ms_S10,-0.12081664969066315,-0.2447118318605148,-0.031700363133773356,YILIU
P03,L2,L2_14k,14k,gain_R_minus_NR_beta_100ms_S10,-0.049228323710946,-0.13236186408311695,0.005690420770497723,YILIU
P03,L2,L2_14k,14k,gain_R_minus_NR_kappa_150ms_S1,14.482191710929527,10.305810430468197,19.165973109303888,YILIU
P03,L2,L2_14k,14k,gain_R_minus_NR_gamma_150ms_S1,-0.13383567682762565,-0.3023463348296432,-0.016519869321271585,YILIU
P03,L2,L2_14k,14k,gain_R_minus_NR_beta_150ms_S1,-0.18245344701427185,-0.2981698394294014,-0.06458286339550803,YILIU
P03,L2,L2_14k,14k,gain_R_minus_NR_kappa_150ms_S10,18.676387454605553,13.12047656446003,25.54907251346875,YILIU
P03,L2,L2_14k,14k,gain_R_minus_NR_gamma_150ms_S10,-0.09204569393546211,-0.2395590361285127,-0.011971044757367579,YILIU
P03,L2,L2_14k,14k,gain_R_minus_NR_beta_150ms_S10,-0.11434811907334214,-0.22171881997046608,-0.03392288760415079,YILIU
P03,L2,L2_14k,14k,gain_R_minus_NR_kappa_200ms_S1,21.562447620378542,16.102884586684073,28.239754736821546,YILIU
P03,L2,L2_14k,14k,gain_R_minus_NR_gamma_200ms_S1,-0.0808855831068851,-0.20312847716257545,0.00908369797092621,YILIU
P03,L2,L2_14k,14k,gain_R_minus_NR_beta_200ms_S1,-0.22268325485504115,-0.32876239255290896,-0.12178165845392402,YILIU
P03,L2,L2_14k,14k,gain_R_minus_NR_kappa_200ms_S10,27.95773897587236,20.118018637568593,37.59011680707521,YILIU
P03,L2,L2_14k,14k,gain_R_minus_NR_gamma_200ms_S10,-0.059034597746725113,-0.162886670753868,4.0755145151145965e-4,YILIU
P03,L2,L2_14k,14k,gain_R_minus_NR_beta_200ms_S10,-0.14218444758902438,-0.24671759212778457,-0.06254196755772808,YILIU
P03,L2,L2_14k,14k,gain_R_minus_NR_kappa_250ms_S1,15.005510474928412,8.515317886317744,21.937947966519584,YILIU
P03,L2,L2_14k,14k,gain_R_minus_NR_gamma_250ms_S1,-0.2689369131839182,-0.3855967105167507,-0.15492094713149748,YILIU
P03,L2,L2_14k,14k,gain_R_minus_NR_beta_250ms_S1,-0.08945087336179533,-0.17780700456623916,-0.01166644897359266,YILIU
P03,L2,L2_14k,14k,gain_R_minus_NR_kappa_250ms_S10,19.40135908162344,10.8710068600574,29.30194302874712,YILIU
P03,L2,L2_14k,14k,gain_R_minus_NR_gamma_250ms_S10,-0.18887188638459912,-0.31113495889152365,-0.09624697659130324,YILIU
P03,L2,L2_14k,14k,gain_R_minus_NR_beta_250ms_S10,-0.05309929014420041,-0.1269520638700289,-0.0065259214598827895,YILIU
P03,L2,L2_14k,14k,gain_R_minus_NR_kappa_300ms_S1,16.681822205667288,11.789856256218156,22.382762160733808,YILIU
P03,L2,L2_14k,14k,gain_R_minus_NR_gamma_300ms_S1,-0.16366419606601332,-0.2758736216845107,-0.07401810422632155,YILIU
P03,L2,L2_14k,14k,gain_R_minus_NR_beta_300ms_S1,-0.1452612680910053,-0.2373560955449563,-0.05964772358131765,YILIU
P03,L2,L2_14k,14k,gain_R_minus_NR_kappa_300ms_S10,21.538029780707298,14.913441606570228,30.141833684877597,YILIU
P03,L2,L2_14k,14k,gain_R_minus_NR_gamma_300ms_S10,-0.10812885187856033,-0.208847297014339,-0.04353512204405508,YILIU
P03,L2,L2_14k,14k,gain_R_minus_NR_beta_300ms_S10,-0.08858895197831454,-0.16843196016342402,-0.031981325102195174,YILIU
P03,L2,L2_14k,14k,gain_R_minus_NR_kappa_350ms_S1,23.14887869563041,17.305495769854772,29.996476229787348,YILIU
P03,L2,L2_14k,14k,gain_R_minus_NR_gamma_350ms_S1,-0.1552374300096644,-0.28690920541232035,-0.04848645975565266,YILIU
P03,L2,L2_14k,14k,gain_R_minus_NR_beta_350ms_S1,-0.1212950039349151,-0.21906435297220722,-0.03179699193056321,YILIU
P03,L2,L2_14k,14k,gain_R_minus_NR_kappa_350ms_S10,29.90475883704969,21.88851797987838,39.71294450905273,YILIU
P03,L2,L2_14k,14k,gain_R_minus_NR_gamma_350ms_S10,-0.1037672471337695,-0.2174435481590377,-0.031364859194875964,YILIU
P03,L2,L2_14k,14k,gain_R_minus_NR_beta_350ms_S10,-0.074104081689615,-0.15496378517288908,-0.017224138667567924,YILIU
P03,L2,L2_14k,14k,dur350_minus_50_kappa_NR_S1,0.7513192196429044,-1.2599294561097818,3.072621285710405,YILIU
P03,L2,L2_14k,14k,dur350_minus_50_gamma_NR_S1,0.14199979019331066,0.014735329375603795,0.281991583011351,YILIU
P03,L2,L2_14k,14k,dur350_minus_50_beta_NR_S1,-0.14044640261772345,-0.2667930190822674,-0.018970245280097713,YILIU
P03,L2,L2_14k,14k,dur350_minus_50_kappa_NR_S10,0.9678445762346648,-1.6153363682260786,4.047570697788553,YILIU
P03,L2,L2_14k,14k,dur350_minus_50_gamma_NR_S10,0.09115187452490936,0.007497221624544138,0.2054905071454051,YILIU
P03,L2,L2_14k,14k,dur350_minus_50_beta_NR_S10,-0.09654379104961901,-0.20040633912381312,-0.012599680082540648,YILIU
P03,L2,L2_14k,14k,dur350_minus_50_kappa_R_S1,11.494960741195102,4.983419092687536,18.527160890601376,YILIU
P03,L2,L2_14k,14k,dur350_minus_50_gamma_R_S1,-0.035400584998902945,-0.09022697241359962,0.011255554021983867,YILIU
P03,L2,L2_14k,14k,dur350_minus_50_beta_R_S1,0.0012023431028439537,-0.033122202470036555,0.032009865823382944,YILIU
P03,L2,L2_14k,14k,dur350_minus_50_kappa_R_S10,14.873846023881926,6.356566257032092,24.31054166738083,YILIU
P03,L2,L2_14k,14k,dur350_minus_50_gamma_R_S10,-0.020219564408044885,-0.05802352678081751,0.006517328909228288,YILIU
P03,L2,L2_14k,14k,dur350_minus_50_beta_R_S10,6.838587508100282e-4,-0.02004024370717936,0.018985530915214637,YILIU
P03,L2,L2_14k,14k,session_S10_minus_S1_kappa_NR_50ms,1.3975725171373279,0.1879678663306244,2.976037907110607,YILIU
P03,L2,L2_14k,14k,session_S10_minus_S1_gamma_NR_50ms,-0.013318395336248056,-0.05537004696942577,0.00557750318409541,YILIU
P03,L2,L2_14k,14k,session_S10_minus_S1_beta_NR_50ms,-0.0979277630086614,-0.1936624765369199,-0.0032450370350242293,YILIU
P03,L2,L2_14k,14k,session_S10_minus_S1_kappa_NR_100ms,1.0938546142883203,0.14176829358969298,2.3638420508819125,YILIU
P03,L2,L2_14k,14k,session_S10_minus_S1_gamma_NR_100ms,-0.0789341766635024,-0.1814545942601472,0.0059126016406868195,YILIU
P03,L2,L2_14k,14k,session_S10_minus_S1_beta_NR_100ms,-0.039822560824412184,-0.11099279963646891,-0.0011465705941467114,YILIU
P03,L2,L2_14k,14k,session_S10_minus_S1_kappa_NR_150ms,1.4986300741129415,0.1915936341098006,3.402244553743006,YILIU
P03,L2,L2_14k,14k,session_S10_minus_S1_gamma_NR_150ms,-0.05212731518870073,-0.14200811380495035,0.010425853514720964,YILIU
P03,L2,L2_14k,14k,session_S10_minus_S1_beta_NR_150ms,-0.06983714056301024,-0.15530914858552755,-0.0023534978788675967,YILIU
P03,L2,L2_14k,14k,session_S10_minus_S1_kappa_NR_200ms,1.8758563795157563,0.2330524077031493,4.085044847693678,YILIU
P03,L2,L2_14k,14k,session_S10_minus_S1_gamma_NR_200ms,-0.04139032322713635,-0.11035484899492339,0.012495191985123931,YILIU
P03,L2,L2_14k,14k,session_S10_minus_S1_beta_NR_200ms,-0.08412078677163434,-0.1713763244236322,-0.0026256025210226828,YILIU
P03,L2,L2_14k,14k,session_S10_minus_S1_kappa_NR_250ms,3.2850116884506626,0.4280815718880101,7.176695106194319,YILIU
P03,L2,L2_14k,14k,session_S10_minus_S1_gamma_NR_250ms,-0.09495325052876091,-0.20055026144183458,0.009382619128916832,YILIU
P03,L2,L2_14k,14k,session_S10_minus_S1_beta_NR_250ms,-0.04263514128458184,-0.10157391604278158,-0.0013343077291599315,YILIU
P03,L2,L2_14k,14k,session_S10_minus_S1_kappa_NR_300ms,2.1506802851286793,0.28584665253301306,4.602449770046731,YILIU
P03,L2,L2_14k,14k,session_S10_minus_S1_gamma_NR_300ms,-0.06046420487127496,-0.14115937764516384,0.007758379306570817,YILIU
P03,L2,L2_14k,14k,session_S10_minus_S1_beta_NR_300ms,-0.057259056755519226,-0.12548253113019628,-0.001720371862812262,YILIU
P03,L2,L2_14k,14k,session_S10_minus_S1_kappa_NR_350ms,1.5969423508004739,0.21293664750987815,3.534181830420208,YILIU
P03,L2,L2_14k,14k,session_S10_minus_S1_gamma_NR_350ms,-0.06269641856051705,-0.15015253338121873,0.006508042294606612,YILIU
P03,L2,L2_14k,14k,session_S10_minus_S1_beta_NR_350ms,-0.05297343761550419,-0.12098175653694739,-0.0016049780558991494,YILIU
P03,L2,L2_14k,14k,session_S10_minus_S1_kappa_R_50ms,5.019029699871955,0.6396054834770757,10.460898814046681,YILIU
P03,L2,L2_14k,14k,session_S10_minus_S1_gamma_R_50ms,-0.028294713314674307,-0.06657455762507791,-0.0018080860174194793,YILIU
P03,L2,L2_14k,14k,session_S10_minus_S1_beta_R_50ms,-0.00823002789935213,-0.02682588618131053,-2.505015383363076e-4,YILIU
P03,L2,L2_14k,14k,session_S10_minus_S1_kappa_R_100ms,5.69911752086754,0.6979401487763408,12.013415805444705,YILIU
P03,L2,L2_14k,14k,session_S10_minus_S1_gamma_R_100ms,-0.02672414120630546,-0.06466444324865865,-0.0013930272989271545,YILIU
P03,L2,L2_14k,14k,session_S10_minus_S1_beta_R_100ms,-0.010154627900761867,-0.03102886580311627,-2.980488630259534e-4,YILIU
P03,L2,L2_14k,14k,session_S10_minus_S1_kappa_R_150ms,5.72059666019047,0.73208532747645,11.98013816562846,YILIU
P03,L2,L2_14k,14k,session_S10_minus_S1_gamma_R_150ms,-0.01580852338463304,-0.04034672794879908,-0.0011246372445661895,YILIU
P03,L2,L2_14k,14k,session_S10_minus_S1_beta_R_150ms,-0.006622371264358449,-0.020668257001424356,-2.3342877712607778e-4,YILIU
P03,L2,L2_14k,14k,session_S10_minus_S1_kappa_R_200ms,8.189373496511658,1.058621596711831,17.032617603439032,YILIU
P03,L2,L2_14k,14k,session_S10_minus_S1_gamma_R_200ms,-0.02189585337999572,-0.051307112981448195,-0.0014035337168495688,YILIU
P03,L2,L2_14k,14k,session_S10_minus_S1_beta_R_200ms,-0.007442736448138589,-0.022636177536536854,-2.5262767197557583e-4,YILIU
P03,L2,L2_14k,14k,session_S10_minus_S1_kappa_R_250ms,7.714300950017169,0.9793950681081729,16.05626051031985,YILIU
P03,L2,L2_14k,14k,session_S10_minus_S1_gamma_R_250ms,-0.01690431853933999,-0.044585585002206184,-9.096065163210683e-4,YILIU
P03,L2,L2_14k,14k,session_S10_minus_S1_beta_R_250ms,-0.009535826244599182,-0.028395994926595763,-2.932398868949298e-4,YILIU
P03,L2,L2_14k,14k,session_S10_minus_S1_kappa_R_300ms,7.031092921916189,0.9099671246747317,14.684463954304382,YILIU
P03,L2,L2_14k,14k,session_S10_minus_S1_gamma_R_300ms,-0.007454189404778872,-0.021951423510544753,-5.796136436512501e-4,YILIU
P03,L2,L2_14k,14k,session_S10_minus_S1_beta_R_300ms,-0.003981429741354802,-0.01374371967608399,-1.2377121782528518e-4,YILIU
P03,L2,L2_14k,14k,session_S10_minus_S1_kappa_R_350ms,8.351671485459077,1.0837014015081676,17.26416975694227,YILIU
P03,L2,L2_14k,14k,session_S10_minus_S1_gamma_R_350ms,-0.01375860570110385,-0.035927476473174666,-8.90704700229194e-4,YILIU
P03,L2,L2_14k,14k,session_S10_minus_S1_beta_R_350ms,-0.0087053862166668345,-0.025590276748127104,-2.9056207764151373e-4,YILIU
P04,L1,L1_2k,2k,gain_R_minus_NR_kappa_50ms_S1,6.78712646440427,5.427979894998751,8.432055686372964,YDL
P04,L1,L1_2k,2k,gain_R_minus_NR_gamma_50ms_S1,-0.31403569141975635,-0.46791195713560013,-0.14398553629197733,YDL
P04,L1,L1_2k,2k,gain_R_minus_NR_kappa_50ms_S10,9.610520136601561,7.551700353778657,12.110715196103541,YDL
P04,L1,L1_2k,2k,gain_R_minus_NR_gamma_50ms_S10,-0.33562479915336374,-0.4906877753914767,-0.1540937807682918,YDL
P04,L1,L1_2k,2k,gain_R_minus_NR_kappa_100ms_S1,6.78712646440427,5.427979894998751,8.432055686372964,YDL
P04,L1,L1_2k,2k,gain_R_minus_NR_gamma_100ms_S1,-0.259232925597193,-0.40719180957613477,-0.0984629787299538,YDL
P04,L1,L1_2k,2k,gain_R_minus_NR_kappa_100ms_S10,9.610520136601561,7.551700353778657,12.110715196103541,YDL
P04,L1,L1_2k,2k,gain_R_minus_NR_gamma_100ms_S10,-0.2852702930203239,-0.4411289858249417,-0.10444350170958334,YDL
P04,L1,L1_2k,2k,gain_R_minus_NR_kappa_150ms_S1,6.78712646440427,5.427979894998751,8.432055686372964,YDL
P04,L1,L1_2k,2k,gain_R_minus_NR_gamma_150ms_S1,-0.4023788141353277,-0.5480453870051948,-0.2313573798430699,YDL
P04,L1,L1_2k,2k,gain_R_minus_NR_kappa_150ms_S10,9.610520136601561,7.551700353778657,12.110715196103541,YDL
P04,L1,L1_2k,2k,gain_R_minus_NR_gamma_150ms_S10,-0.44227083837403597,-0.5914594918752832,-0.24757273048486736,YDL
P04,L1,L1_2k,2k,gain_R_minus_NR_kappa_200ms_S1,6.78712646440427,5.427979894998751,8.432055686372964,YDL
P04,L1,L1_2k,2k,gain_R_minus_NR_gamma_200ms_S1,-0.27862109978775684,-0.4266074870974353,-0.11635766177924313,YDL
P04,L1,L1_2k,2k,gain_R_minus_NR_kappa_200ms_S10,9.610520136601561,7.551700353778657,12.110715196103541,YDL
P04,L1,L1_2k,2k,gain_R_minus_NR_gamma_200ms_S10,-0.31035113459397035,-0.4657639924420875,-0.12485339713838867,YDL
P04,L1,L1_2k,2k,gain_R_minus_NR_kappa_250ms_S1,6.78712646440427,5.427979894998751,8.432055686372964,YDL
P04,L1,L1_2k,2k,gain_R_minus_NR_gamma_250ms_S1,-0.28865852097998224,-0.4452087820996477,-0.11414829942993368,YDL
P04,L1,L1_2k,2k,gain_R_minus_NR_kappa_250ms_S10,9.610520136601561,7.551700353778657,12.110715196103541,YDL
P04,L1,L1_2k,2k,gain_R_minus_NR_gamma_250ms_S10,-0.31922559862011507,-0.48285836488161193,-0.1211609003584413,YDL
P04,L1,L1_2k,2k,gain_R_minus_NR_kappa_300ms_S1,6.78712646440427,5.427979894998751,8.432055686372964,YDL
P04,L1,L1_2k,2k,gain_R_minus_NR_gamma_300ms_S1,-0.023309768596447338,-0.17604869693448985,0.11927422124122398,YDL
P04,L1,L1_2k,2k,gain_R_minus_NR_kappa_300ms_S10,9.610520136601561,7.551700353778657,12.110715196103541,YDL
P04,L1,L1_2k,2k,gain_R_minus_NR_gamma_300ms_S10,-0.02704068305245845,-0.19563866763918306,0.1351363933855381,YDL
P04,L1,L1_2k,2k,gain_R_minus_NR_kappa_350ms_S1,6.78712646440427,5.427979894998751,8.432055686372964,YDL
P04,L1,L1_2k,2k,gain_R_minus_NR_gamma_350ms_S1,-0.06212937658192946,-0.20068216029862374,0.08287491953841042,YDL
P04,L1,L1_2k,2k,gain_R_minus_NR_kappa_350ms_S10,9.610520136601561,7.551700353778657,12.110715196103541,YDL
P04,L1,L1_2k,2k,gain_R_minus_NR_gamma_350ms_S10,-0.0712244973422001,-0.2273949280788231,0.09458484094950205,YDL
P04,L1,L1_2k,2k,dur350_minus_50_kappa_NR_S1,0,0,0,YDL
P04,L1,L1_2k,2k,dur350_minus_50_gamma_NR_S1,-0.2852815830500526,-0.4354633553965842,-0.14229547290240216,YDL
P04,L1,L1_2k,2k,dur350_minus_50_kappa_NR_S10,0,0,0,YDL
P04,L1,L1_2k,2k,dur350_minus_50_gamma_NR_S10,-0.30341156921516277,-0.4652942753923586,-0.1483307343480553,YDL
P04,L1,L1_2k,2k,dur350_minus_50_kappa_R_S1,0,0,0,YDL
P04,L1,L1_2k,2k,dur350_minus_50_gamma_R_S1,-0.03540218792279347,-0.09788950512069547,0.023725332711753092,YDL
P04,L1,L1_2k,2k,dur350_minus_50_kappa_R_S10,0,0,0,YDL
P04,L1,L1_2k,2k,dur350_minus_50_gamma_R_S10,-0.04050993698222995,-0.11675816329202246,0.027262838145718487,YDL
P04,L1,L1_2k,2k,session_S10_minus_S1_kappa_NR_50ms,0.5753061274098867,0.1148870866867412,1.2348233967997997,YDL
P04,L1,L1_2k,2k,session_S10_minus_S1_gamma_NR_50ms,0.04636182744197845,-0.06502749802283296,0.1535840054882749,YDL
P04,L1,L1_2k,2k,session_S10_minus_S1_kappa_NR_100ms,0.5753061274098867,0.1148870866867412,1.2348233967997997,YDL
P04,L1,L1_2k,2k,session_S10_minus_S1_gamma_NR_100ms,0.043749860337228885,-0.05935541713806452,0.14935680265104012,YDL
P04,L1,L1_2k,2k,session_S10_minus_S1_kappa_NR_150ms,0.5753061274098867,0.1148870866867412,1.2348233967997997,YDL
P04,L1,L1_2k,2k,session_S10_minus_S1_gamma_NR_150ms,0.04617922331780533,-0.06461406758766461,0.15418407893153427,YDL
P04,L1,L1_2k,2k,session_S10_minus_S1_kappa_NR_200ms,0.5753061274098867,0.1148870866867412,1.2348233967997997,YDL
P04,L1,L1_2k,2k,session_S10_minus_S1_gamma_NR_200ms,0.04272770733015052,-0.057416693303948274,0.1471352171819478,YDL
P04,L1,L1_2k,2k,session_S10_minus_S1_kappa_NR_250ms,0.5753061274098867,0.1148870866867412,1.2348233967997997,YDL
P04,L1,L1_2k,2k,session_S10_minus_S1_gamma_NR_250ms,0.043833510282827864,-0.057533425489556395,0.1497512962000944,YDL
P04,L1,L1_2k,2k,session_S10_minus_S1_kappa_NR_300ms,0.5753061274098867,0.1148870866867412,1.2348233967997997,YDL
P04,L1,L1_2k,2k,session_S10_minus_S1_gamma_NR_300ms,0.02154191094762896,-0.030835336311375104,0.10545832606806507,YDL
P04,L1,L1_2k,2k,session_S10_minus_S1_kappa_NR_350ms,0.5753061274098867,0.1148870866867412,1.2348233967997997,YDL
P04,L1,L1_2k,2k,session_S10_minus_S1_gamma_NR_350ms,0.0253727634028994,-0.03497395180941141,0.10565115795935066,YDL
P04,L1,L1_2k,2k,session_S10_minus_S1_kappa_R_50ms,3.428162511676807,0.7150564869266639,6.427643947631149,YDL
P04,L1,L1_2k,2k,session_S10_minus_S1_gamma_R_50ms,0.024330561247173074,-0.03376473105571501,0.09231248671791559,YDL
P04,L1,L1_2k,2k,session_S10_minus_S1_kappa_R_100ms,3.428162511676807,0.7150564869266639,6.427643947631149,YDL
P04,L1,L1_2k,2k,session_S10_minus_S1_gamma_R_100ms,0.01904411179993354,-0.02593437533303825,0.07327987542908988,YDL
P04,L1,L1_2k,2k,session_S10_minus_S1_kappa_R_150ms,3.428162511676807,0.7150564869266639,6.427643947631149,YDL
P04,L1,L1_2k,2k,session_S10_minus_S1_gamma_R_150ms,0.008353970284931412,-0.012022374408095981,0.03732165866839378,YDL
P04,L1,L1_2k,2k,session_S10_minus_S1_kappa_R_200ms,3.428162511676807,0.7150564869266639,6.427643947631149,YDL
P04,L1,L1_2k,2k,session_S10_minus_S1_gamma_R_200ms,0.012454881996462865,-0.017576526896870594,0.05241810378017979,YDL
P04,L1,L1_2k,2k,session_S10_minus_S1_kappa_R_250ms,3.428162511676807,0.7150564869266639,6.427643947631149,YDL
P04,L1,L1_2k,2k,session_S10_minus_S1_gamma_R_250ms,0.014688800543983853,-0.01970474187662974,0.058133622891103465,YDL
P04,L1,L1_2k,2k,session_S10_minus_S1_kappa_R_300ms,3.428162511676807,0.7150564869266639,6.427643947631149,YDL
P04,L1,L1_2k,2k,session_S10_minus_S1_gamma_R_300ms,0.02197459160252463,-0.03003428244229692,0.08263590471483406,YDL
P04,L1,L1_2k,2k,session_S10_minus_S1_kappa_R_350ms,3.428162511676807,0.7150564869266639,6.427643947631149,YDL
P04,L1,L1_2k,2k,session_S10_minus_S1_gamma_R_350ms,0.01917985622706298,-0.026678722611562254,0.07343352966499891,YDL
P04,L1,L1_14k,14k,gain_R_minus_NR_kappa_50ms_S1,5.52269562469685,1.5781491589479861,9.054011381196286,YDL
P04,L1,L1_14k,14k,gain_R_minus_NR_gamma_50ms_S1,-0.4614333570791859,-0.5999161479123691,-0.23362249914754168,YDL
P04,L1,L1_14k,14k,gain_R_minus_NR_kappa_50ms_S10,7.050181413987793,2.043949576610306,11.633477822923997,YDL
P04,L1,L1_14k,14k,gain_R_minus_NR_gamma_50ms_S10,-0.47124507136987853,-0.6104262908990142,-0.24046214410786412,YDL
P04,L1,L1_14k,14k,gain_R_minus_NR_kappa_100ms_S1,8.017250410359393,5.65343588371649,11.143884410179904,YDL
P04,L1,L1_14k,14k,gain_R_minus_NR_gamma_100ms_S1,-0.3235927815241011,-0.4724295716619794,-0.14322189715070371,YDL
P04,L1,L1_14k,14k,gain_R_minus_NR_kappa_100ms_S10,10.264687140576374,7.169719110676859,14.389200523743698,YDL
P04,L1,L1_14k,14k,gain_R_minus_NR_gamma_100ms_S10,-0.3374937789633768,-0.4887889300777427,-0.15138736583436022,YDL
P04,L1,L1_14k,14k,gain_R_minus_NR_kappa_150ms_S1,4.272984445064945,0.8195799917963958,7.2312110956376365,YDL
P04,L1,L1_14k,14k,gain_R_minus_NR_gamma_150ms_S1,-0.5805524980542325,-0.6928317010580926,-0.4464802973516029,YDL
P04,L1,L1_14k,14k,gain_R_minus_NR_kappa_150ms_S10,5.467090849023485,1.0293595269632723,9.475934257217018,YDL
P04,L1,L1_14k,14k,gain_R_minus_NR_gamma_150ms_S10,-0.598771938131663,-0.7149447726949282,-0.4563793402828722,YDL
P04,L1,L1_14k,14k,gain_R_minus_NR_kappa_200ms_S1,5.54028507938191,3.074985272222862,8.358323414197645,YDL
P04,L1,L1_14k,14k,gain_R_minus_NR_gamma_200ms_S1,-0.4321300645059462,-0.5636579387265133,-0.2728906288051736,YDL
P04,L1,L1_14k,14k,gain_R_minus_NR_kappa_200ms_S10,7.072948252437691,3.8873221850501025,10.896668223587108,YDL
P04,L1,L1_14k,14k,gain_R_minus_NR_gamma_200ms_S10,-0.4509614909523903,-0.5833437885125918,-0.2841236550388417,YDL
P04,L1,L1_14k,14k,gain_R_minus_NR_kappa_250ms_S1,8.49226856995409,5.1344159009007395,12.06695150992136,YDL
P04,L1,L1_14k,14k,gain_R_minus_NR_gamma_250ms_S1,-0.3943590777880319,-0.5606327333324316,-0.023290868307385425,YDL
P04,L1,L1_14k,14k,gain_R_minus_NR_kappa_250ms_S10,10.859441563166657,6.663653062724952,15.589580435228198,YDL
P04,L1,L1_14k,14k,gain_R_minus_NR_gamma_250ms_S10,-0.4113677050386988,-0.580049067484793,-0.023545095118049014,YDL
P04,L1,L1_14k,14k,gain_R_minus_NR_kappa_300ms_S1,8.148995251784452,5.470240178310588,11.411423775404357,YDL
P04,L1,L1_14k,14k,gain_R_minus_NR_gamma_300ms_S1,-0.14323492280914116,-0.2876613010614649,0.0502125418839484,YDL
P04,L1,L1_14k,14k,gain_R_minus_NR_kappa_300ms_S10,10.451896149253134,6.7898749494782935,14.95311598794678,YDL
P04,L1,L1_14k,14k,gain_R_minus_NR_gamma_300ms_S10,-0.1524931949710863,-0.3018983924102794,0.05331020820223069,YDL
P04,L1,L1_14k,14k,gain_R_minus_NR_kappa_350ms_S1,4.48809436162012,2.5936177445430078,6.638751154339262,YDL
P04,L1,L1_14k,14k,gain_R_minus_NR_gamma_350ms_S1,-0.23156745101512005,-0.3601455524035241,-0.08745750016054982,YDL
P04,L1,L1_14k,14k,gain_R_minus_NR_kappa_350ms_S10,5.7612348395501884,3.184679917658865,8.728088064225979,YDL
P04,L1,L1_14k,14k,gain_R_minus_NR_gamma_350ms_S10,-0.2437236539349048,-0.3808541435207586,-0.09473019444058028,YDL
P04,L1,L1_14k,14k,dur350_minus_50_kappa_NR_S1,-0.3445767283156833,-4.078266495531456,1.8797409542208594,YDL
P04,L1,L1_14k,14k,dur350_minus_50_gamma_NR_S1,-0.27998212135616307,-0.4706289809358681,-0.03648565981546578,YDL
P04,L1,L1_14k,14k,dur350_minus_50_kappa_NR_S10,-0.44316660984098233,-5.287175804129821,2.3937021668652942,YDL
P04,L1,L1_14k,14k,dur350_minus_50_gamma_NR_S10,-0.27979943862918943,-0.4745895555706444,-0.035670450528940766,YDL
P04,L1,L1_14k,14k,dur350_minus_50_kappa_R_S1,-1.4320678481067488,-4.351447546243004,1.16529351152156,YDL
P04,L1,L1_14k,14k,dur350_minus_50_gamma_R_S1,-0.049803864799737155,-0.11869859220038785,0.013452374040694885,YDL
P04,L1,L1_14k,14k,dur350_minus_50_kappa_R_S10,-1.8279748163794194,-5.560121870729489,1.471475927089109,YDL
P04,L1,L1_14k,14k,dur350_minus_50_gamma_R_S10,-0.053657889671442395,-0.1318793293545565,0.014428608116791612,YDL
P04,L1,L1_14k,14k,session_S10_minus_S1_kappa_NR_50ms,0.7886915305118896,-0.02447501338732528,2.6668491904449283,YDL
P04,L1,L1_14k,14k,session_S10_minus_S1_gamma_NR_50ms,0.023978770472619593,-0.07353732598052568,0.11957667563959214,YDL
P04,L1,L1_14k,14k,session_S10_minus_S1_kappa_NR_100ms,0.5357686340013184,-0.014608612708436542,1.3639642111362642,YDL
P04,L1,L1_14k,14k,session_S10_minus_S1_gamma_NR_100ms,0.025098857798650703,-0.073798908582144,0.12664148028192151,YDL
P04,L1,L1_14k,14k,session_S10_minus_S1_kappa_NR_150ms,1.1061192290179698,-0.0351446498022667,3.0728809173736824,YDL
P04,L1,L1_14k,14k,session_S10_minus_S1_gamma_NR_150ms,0.023733256307657935,-0.07439505950161751,0.11797017392665977,YDL
P04,L1,L1_14k,14k,session_S10_minus_S1_kappa_NR_200ms,0.7961477115909277,-0.023743164417822257,2.1196734005941416,YDL
P04,L1,L1_14k,14k,session_S10_minus_S1_gamma_NR_200ms,0.025787581011822658,-0.0771967820242825,0.12632106717200198,YDL
P04,L1,L1_14k,14k,session_S10_minus_S1_kappa_NR_250ms,0.6110240827261751,-0.016331233151435462,2.0339869215667834,YDL
P04,L1,L1_14k,14k,session_S10_minus_S1_gamma_NR_250ms,0.02409561597336557,-0.07182691619082636,0.12523972901279565,YDL
P04,L1,L1_14k,14k,session_S10_minus_S1_kappa_NR_300ms,0.619868591306927,-0.019000234556140604,1.6608278831919232,YDL
P04,L1,L1_14k,14k,session_S10_minus_S1_gamma_NR_300ms,0.020238074126336353,-0.061197910501219664,0.10959448438567695,YDL
P04,L1,L1_14k,14k,session_S10_minus_S1_kappa_NR_350ms,0.7231128662472573,-0.020975097084877495,1.756780203072816,YDL
P04,L1,L1_14k,14k,session_S10_minus_S1_gamma_NR_350ms,0.02275690474521999,-0.0688060381655999,0.11578393679006554,YDL
P04,L1,L1_14k,14k,session_S10_minus_S1_kappa_R_50ms,2.3974953137452397,-0.07236511752820748,5.368915703756374,YDL
P04,L1,L1_14k,14k,session_S10_minus_S1_gamma_R_50ms,0.013510717362101785,-0.0386320354899338,0.07372007810922696,YDL
P04,L1,L1_14k,14k,session_S10_minus_S1_kappa_R_100ms,2.8002419768896116,-0.08256607892971746,6.211129097788364,YDL
P04,L1,L1_14k,14k,session_S10_minus_S1_gamma_R_100ms,0.011322575809656607,-0.03219707029822607,0.060968559196989534,YDL
P04,L1,L1_14k,14k,session_S10_minus_S1_kappa_R_150ms,2.337079243370614,-0.07417189722025046,5.313250118378497,YDL
P04,L1,L1_14k,14k,session_S10_minus_S1_gamma_R_150ms,0.004534966127844745,-0.014501172515016232,0.02920882930319221,YDL
P04,L1,L1_14k,14k,session_S10_minus_S1_kappa_R_200ms,2.3636986722539435,-0.06572045440790529,5.3470374505609755,YDL
P04,L1,L1_14k,14k,session_S10_minus_S1_gamma_R_200ms,0.006553400694603615,-0.01966421606915736,0.03944635376993774,YDL
P04,L1,L1_14k,14k,session_S10_minus_S1_kappa_R_250ms,3.006241697917698,-0.09942685330307718,6.757556458133072,YDL
P04,L1,L1_14k,14k,session_S10_minus_S1_gamma_R_250ms,0.008942939140224919,-0.026210906882178992,0.052093926621600006,YDL
P04,L1,L1_14k,14k,session_S10_minus_S1_kappa_R_300ms,2.9030448183414217,-0.08748453513071752,6.640717149701842,YDL
P04,L1,L1_14k,14k,session_S10_minus_S1_gamma_R_300ms,0.01308095284790968,-0.03775585608814173,0.06986217433883683,YDL
P04,L1,L1_14k,14k,session_S10_minus_S1_kappa_R_350ms,2.0087206727715827,-0.06269659590355156,4.429076752420211,YDL
P04,L1,L1_14k,14k,session_S10_minus_S1_gamma_R_350ms,0.009171665548478293,-0.027596698020395355,0.05252310670307779,YDL
P04,L2,L2_2k,2k,gain_R_minus_NR_kappa_50ms_S1,7.159125644793553,5.798157241352334,8.810031959861965,YDL
P04,L2,L2_2k,2k,gain_R_minus_NR_gamma_50ms_S1,-0.27493389924925166,-0.46229827229377357,-0.01629188852498382,YDL
P04,L2,L2_2k,2k,gain_R_minus_NR_beta_50ms_S1,-0.09071290915900442,-0.319423934718864,0.013368279088239213,YDL
P04,L2,L2_2k,2k,gain_R_minus_NR_kappa_50ms_S10,9.50839331695827,7.5485566610601795,11.864439585413153,YDL
P04,L2,L2_2k,2k,gain_R_minus_NR_gamma_50ms_S10,-0.27098657191096515,-0.45454272041202254,-0.029029556538550688,YDL
P04,L2,L2_2k,2k,gain_R_minus_NR_beta_50ms_S10,-0.06973467158835965,-0.2680819194115711,0.010776526291822394,YDL
P04,L2,L2_2k,2k,gain_R_minus_NR_kappa_100ms_S1,7.159125644793553,5.798157241352334,8.810031959861965,YDL
P04,L2,L2_2k,2k,gain_R_minus_NR_gamma_100ms_S1,-0.26842680831569243,-0.4364728958942104,-0.050261560888330656,YDL
P04,L2,L2_2k,2k,gain_R_minus_NR_beta_100ms_S1,-0.054269805823266785,-0.2267697409008318,0.03425601249679502,YDL
P04,L2,L2_2k,2k,gain_R_minus_NR_kappa_100ms_S10,9.50839331695827,7.5485566610601795,11.864439585413153,YDL
P04,L2,L2_2k,2k,gain_R_minus_NR_gamma_100ms_S10,-0.25816787077648357,-0.4297846631452754,-0.05115163962794367,YDL
P04,L2,L2_2k,2k,gain_R_minus_NR_beta_100ms_S10,-0.04062988398552438,-0.2012089078356615,0.026990447800688513,YDL
P04,L2,L2_2k,2k,gain_R_minus_NR_kappa_150ms_S1,7.159125644793553,5.798157241352334,8.810031959861965,YDL
P04,L2,L2_2k,2k,gain_R_minus_NR_gamma_150ms_S1,-0.3783156748751618,-0.5665136769018745,-0.12036928649872158,YDL
P04,L2,L2_2k,2k,gain_R_minus_NR_beta_150ms_S1,-0.08207933698416131,-0.30625509088842356,0.02075523111526476,YDL
P04,L2,L2_2k,2k,gain_R_minus_NR_kappa_150ms_S10,9.50839331695827,7.5485566610601795,11.864439585413153,YDL
P04,L2,L2_2k,2k,gain_R_minus_NR_gamma_150ms_S10,-0.3644779438861604,-0.5602551508838276,-0.10947382020020262,YDL
P04,L2,L2_2k,2k,gain_R_minus_NR_beta_150ms_S10,-0.06202801672084426,-0.28709003988859916,0.015740801216275982,YDL
P04,L2,L2_2k,2k,gain_R_minus_NR_kappa_200ms_S1,7.159125644793553,5.798157241352334,8.810031959861965,YDL
P04,L2,L2_2k,2k,gain_R_minus_NR_gamma_200ms_S1,-0.30561669271061964,-0.46182574870334553,-0.12171244968502251,YDL
P04,L2,L2_2k,2k,gain_R_minus_NR_beta_200ms_S1,-0.043457414937683125,-0.1925218388931916,0.0264616104543707,YDL
P04,L2,L2_2k,2k,gain_R_minus_NR_kappa_200ms_S10,9.50839331695827,7.5485566610601795,11.864439585413153,YDL
P04,L2,L2_2k,2k,gain_R_minus_NR_gamma_200ms_S10,-0.29121065308247573,-0.4597122167314287,-0.1074560873596582,YDL
P04,L2,L2_2k,2k,gain_R_minus_NR_beta_200ms_S10,-0.032160801485962634,-0.17943456055169185,0.020220663753686776,YDL
P04,L2,L2_2k,2k,gain_R_minus_NR_kappa_250ms_S1,7.159125644793553,5.798157241352334,8.810031959861965,YDL
P04,L2,L2_2k,2k,gain_R_minus_NR_gamma_250ms_S1,-0.3450285394641288,-0.5023577935885101,-0.1641525278619451,YDL
P04,L2,L2_2k,2k,gain_R_minus_NR_beta_250ms_S1,-0.01805767772014529,-0.12554644770110165,0.03995653759395334,YDL
P04,L2,L2_2k,2k,gain_R_minus_NR_kappa_250ms_S10,9.50839331695827,7.5485566610601795,11.864439585413153,YDL
P04,L2,L2_2k,2k,gain_R_minus_NR_gamma_250ms_S10,-0.3284474671565302,-0.4918545530603226,-0.14925001312228653,YDL
P04,L2,L2_2k,2k,gain_R_minus_NR_beta_250ms_S10,-0.013087040428588938,-0.11305666827151416,0.03368683980993113,YDL
P04,L2,L2_2k,2k,gain_R_minus_NR_kappa_300ms_S1,7.159125644793553,5.798157241352334,8.810031959861965,YDL
P04,L2,L2_2k,2k,gain_R_minus_NR_gamma_300ms_S1,-0.07931020368452815,-0.23249387546364872,0.07645618310533274,YDL
P04,L2,L2_2k,2k,gain_R_minus_NR_beta_300ms_S1,-0.0030080377617416314,-0.1031736687167316,0.06711268596320394,YDL
P04,L2,L2_2k,2k,gain_R_minus_NR_kappa_300ms_S10,9.50839331695827,7.5485566610601795,11.864439585413153,YDL
P04,L2,L2_2k,2k,gain_R_minus_NR_gamma_300ms_S10,-0.07329916861786728,-0.21923218428397484,0.06490941081283344,YDL
P04,L2,L2_2k,2k,gain_R_minus_NR_beta_300ms_S10,-0.0021597052483760294,-0.08550007212348065,0.053526807931403804,YDL
P04,L2,L2_2k,2k,gain_R_minus_NR_kappa_350ms_S1,7.159125644793553,5.798157241352334,8.810031959861965,YDL
P04,L2,L2_2k,2k,gain_R_minus_NR_gamma_350ms_S1,-0.10577331328416417,-0.2547227558189272,0.05066364116988105,YDL
P04,L2,L2_2k,2k,gain_R_minus_NR_beta_350ms_S1,-0.018598188312018364,-0.1203603406326257,0.03670727013253208,YDL
P04,L2,L2_2k,2k,gain_R_minus_NR_kappa_350ms_S10,9.50839331695827,7.5485566610601795,11.864439585413153,YDL
P04,L2,L2_2k,2k,gain_R_minus_NR_gamma_350ms_S10,-0.09785780054456947,-0.24172897520935951,0.04426471411903788,YDL
P04,L2,L2_2k,2k,gain_R_minus_NR_beta_350ms_S10,-0.01358780161237081,-0.10111038266641659,0.0322978396394962,YDL
P04,L2,L2_2k,2k,dur350_minus_50_kappa_NR_S1,0,0,0,YDL
P04,L2,L2_2k,2k,dur350_minus_50_gamma_NR_S1,-0.20801148238441805,-0.40813924200826457,0.045449257849127775,YDL
P04,L2,L2_2k,2k,dur350_minus_50_beta_NR_S1,-0.06756043057826858,-0.2957689890473106,0.0680523021714032,YDL
P04,L2,L2_2k,2k,dur350_minus_50_kappa_NR_S10,0,0,0,YDL
P04,L2,L2_2k,2k,dur350_minus_50_gamma_NR_S10,-0.20795435262820217,-0.4005307984836516,0.024358782589699285,YDL
P04,L2,L2_2k,2k,dur350_minus_50_beta_NR_S10,-0.05195872733936229,-0.24601808714742773,0.05540799370536066,YDL
P04,L2,L2_2k,2k,dur350_minus_50_kappa_R_S1,0,0,0,YDL
P04,L2,L2_2k,2k,dur350_minus_50_gamma_R_S1,-0.039089725934571315,-0.11580846872398096,0.03491663319095619,YDL
P04,L2,L2_2k,2k,dur350_minus_50_beta_R_S1,2.619721114696383e-4,-0.041708620620843496,0.047381472286198906,YDL
P04,L2,L2_2k,2k,dur350_minus_50_kappa_R_S10,0,0,0,YDL
P04,L2,L2_2k,2k,dur350_minus_50_gamma_R_S10,-0.03553666956667499,-0.10878175125928786,0.031139182040663953,YDL
P04,L2,L2_2k,2k,dur350_minus_50_beta_R_S10,1.9411796028986558e-4,-0.033872281745317145,0.04263962944547896,YDL
P04,L2,L2_2k,2k,session_S10_minus_S1_kappa_NR_50ms,0.5471068809655937,0.057856035503406254,1.1829245403242994,YDL
P04,L2,L2_2k,2k,session_S10_minus_S1_gamma_NR_50ms,-0.013309500783886902,-0.13515816512286213,0.1017630018408537,YDL
P04,L2,L2_2k,2k,session_S10_minus_S1_beta_NR_50ms,-0.01968814304062453,-0.13300984730096663,0.05009849155874554,YDL
P04,L2,L2_2k,2k,session_S10_minus_S1_kappa_NR_100ms,0.5471068809655937,0.057856035503406254,1.1829245403242994,YDL
P04,L2,L2_2k,2k,session_S10_minus_S1_gamma_NR_100ms,-0.01768528073435012,-0.13051737688725543,0.09137378739568768,YDL
P04,L2,L2_2k,2k,session_S10_minus_S1_beta_NR_100ms,-0.014568083291496552,-0.0965454463205783,0.047150767257792964,YDL
P04,L2,L2_2k,2k,session_S10_minus_S1_kappa_NR_150ms,0.5471068809655937,0.057856035503406254,1.1829245403242994,YDL
P04,L2,L2_2k,2k,session_S10_minus_S1_gamma_NR_150ms,-0.014518063430487171,-0.1302271158527954,0.09607897322372569,YDL
P04,L2,L2_2k,2k,session_S10_minus_S1_beta_NR_150ms,-0.019007335927571964,-0.11994489386533885,0.058545990217274954,YDL
P04,L2,L2_2k,2k,session_S10_minus_S1_kappa_NR_200ms,0.5471068809655937,0.057856035503406254,1.1829245403242994,YDL
P04,L2,L2_2k,2k,session_S10_minus_S1_gamma_NR_200ms,-0.020162595568060077,-0.1281002059038372,0.08998626448718489,YDL
P04,L2,L2_2k,2k,session_S10_minus_S1_beta_NR_200ms,-0.012277612048252003,-0.0790130004594741,0.04291199296962038,YDL
P04,L2,L2_2k,2k,session_S10_minus_S1_kappa_NR_250ms,0.5471068809655937,0.057856035503406254,1.1829245403242994,YDL
P04,L2,L2_2k,2k,session_S10_minus_S1_gamma_NR_250ms,-0.02363469033392329,-0.1386908179791534,0.09096468932187185,YDL
P04,L2,L2_2k,2k,session_S10_minus_S1_beta_NR_250ms,-0.008510703012073304,-0.058600490199967055,0.030465958643275337,YDL
P04,L2,L2_2k,2k,session_S10_minus_S1_kappa_NR_300ms,0.5471068809655937,0.057856035503406254,1.1829245403242994,YDL
P04,L2,L2_2k,2k,session_S10_minus_S1_gamma_NR_300ms,-0.014246067688539601,-0.09159320732826338,0.061832675904323925,YDL
P04,L2,L2_2k,2k,session_S10_minus_S1_beta_NR_300ms,-0.007987594895619614,-0.058481793239928685,0.027142137123728934,YDL
P04,L2,L2_2k,2k,session_S10_minus_S1_kappa_NR_350ms,0.5471068809655937,0.057856035503406254,1.1829245403242994,YDL
P04,L2,L2_2k,2k,session_S10_minus_S1_gamma_NR_350ms,-0.016085798720918282,-0.10169659631142662,0.06442320850970318,YDL
P04,L2,L2_2k,2k,session_S10_minus_S1_beta_NR_350ms,-0.0081292541753024,-0.058495133643063475,0.025673848553052242,YDL
P04,L2,L2_2k,2k,session_S10_minus_S1_kappa_R_50ms,2.8795896870873756,0.3154310578973742,5.754517521046446,YDL
P04,L2,L2_2k,2k,session_S10_minus_S1_gamma_R_50ms,-0.01458316586935067,-0.07707708601680481,0.05142347008850185,YDL
P04,L2,L2_2k,2k,session_S10_minus_S1_beta_R_50ms,-0.0048779331773677135,-0.027575145813581968,0.013521605094036557,YDL
P04,L2,L2_2k,2k,session_S10_minus_S1_kappa_R_100ms,2.8795896870873756,0.3154310578973742,5.754517521046446,YDL
P04,L2,L2_2k,2k,session_S10_minus_S1_gamma_R_100ms,-0.010308556185635757,-0.055939141306664955,0.038592396346062284,YDL
P04,L2,L2_2k,2k,session_S10_minus_S1_beta_R_100ms,-0.005912979375392034,-0.03364560776417761,0.016691063437173463,YDL
P04,L2,L2_2k,2k,session_S10_minus_S1_kappa_R_150ms,2.8795896870873756,0.3154310578973742,5.754517521046446,YDL
P04,L2,L2_2k,2k,session_S10_minus_S1_gamma_R_150ms,-0.003577965100574657,-0.024066509949996245,0.016146877457988474,YDL
P04,L2,L2_2k,2k,session_S10_minus_S1_beta_R_150ms,-0.006216343460699731,-0.03210957031263638,0.01781923719572056,YDL
P04,L2,L2_2k,2k,session_S10_minus_S1_kappa_R_200ms,2.8795896870873756,0.3154310578973742,5.754517521046446,YDL
P04,L2,L2_2k,2k,session_S10_minus_S1_gamma_R_200ms,-0.00671080355534634,-0.03899236590052122,0.025236680682001772,YDL
P04,L2,L2_2k,2k,session_S10_minus_S1_beta_R_200ms,-0.005190015161031514,-0.027584780309785565,0.014611919281241188,YDL
P04,L2,L2_2k,2k,session_S10_minus_S1_kappa_R_250ms,2.8795896870873756,0.3154310578973742,5.754517521046446,YDL
P04,L2,L2_2k,2k,session_S10_minus_S1_gamma_R_250ms,-0.007731003800737261,-0.0429719331680555,0.030209300357122493,YDL
P04,L2,L2_2k,2k,session_S10_minus_S1_beta_R_250ms,-0.005503548892226941,-0.0293742277740368,0.01767185797306004,YDL
P04,L2,L2_2k,2k,session_S10_minus_S1_kappa_R_300ms,2.8795896870873756,0.3154310578973742,5.754517521046446,YDL
P04,L2,L2_2k,2k,session_S10_minus_S1_gamma_R_300ms,-0.01099797851516339,-0.060172228999817466,0.04204432520293226,YDL
P04,L2,L2_2k,2k,session_S10_minus_S1_beta_R_300ms,-0.008313322178931982,-0.04370938952856842,0.021194314640016403,YDL
P04,L2,L2_2k,2k,session_S10_minus_S1_kappa_R_350ms,2.8795896870873756,0.3154310578973742,5.754517521046446,YDL
P04,L2,L2_2k,2k,session_S10_minus_S1_gamma_R_350ms,-0.011190029899179513,-0.05976260623262547,0.04054761738613129,YDL
P04,L2,L2_2k,2k,session_S10_minus_S1_beta_R_350ms,-0.0048009632027727275,-0.027872185089714216,0.01651184269108806,YDL
P04,L2,L2_14k,14k,gain_R_minus_NR_kappa_50ms_S1,5.752322558947761,1.7338176054883538,9.212399014037107,YDL
P04,L2,L2_14k,14k,gain_R_minus_NR_gamma_50ms_S1,-0.4050465646570219,-0.574506511861133,-0.15023453061999345,YDL
P04,L2,L2_14k,14k,gain_R_minus_NR_beta_50ms_S1,-0.06627752102737886,-0.24732449675372462,0.019381111657652196,YDL
P04,L2,L2_14k,14k,gain_R_minus_NR_kappa_50ms_S10,6.953705276119388,2.1098103368889207,11.269396683051738,YDL
P04,L2,L2_14k,14k,gain_R_minus_NR_gamma_50ms_S10,-0.4001117437981966,-0.573790329003773,-0.15164406474011133,YDL
P04,L2,L2_14k,14k,gain_R_minus_NR_beta_50ms_S10,-0.05010900074136161,-0.20768288620445952,0.014338351219383419,YDL
P04,L2,L2_14k,14k,gain_R_minus_NR_kappa_100ms_S1,8.331271859077225,5.85635043893095,11.416353734586139,YDL
P04,L2,L2_14k,14k,gain_R_minus_NR_gamma_100ms_S1,-0.3126249339806053,-0.48619205981389746,-0.08454748413421549,YDL
P04,L2,L2_14k,14k,gain_R_minus_NR_beta_100ms_S1,-0.04061271550479138,-0.1977583481173502,0.04209400927050978,YDL
P04,L2,L2_14k,14k,gain_R_minus_NR_kappa_100ms_S10,10.096379362783805,6.983641374587158,14.129449812471321,YDL
P04,L2,L2_14k,14k,gain_R_minus_NR_gamma_100ms_S10,-0.2964435537955314,-0.47816355915528563,-0.08095158543728012,YDL
P04,L2,L2_14k,14k,gain_R_minus_NR_beta_100ms_S10,-0.02980341850088897,-0.17883684402645478,0.03251623308887315,YDL
P04,L2,L2_14k,14k,gain_R_minus_NR_kappa_150ms_S1,4.9400174069865,1.4589453056889137,8.01021262080506,YDL
P04,L2,L2_14k,14k,gain_R_minus_NR_gamma_150ms_S1,-0.5432783112483264,-0.6835208266312706,-0.3356448214882251,YDL
P04,L2,L2_14k,14k,gain_R_minus_NR_beta_150ms_S1,-0.04417727104636758,-0.19661503787202164,0.028641239708350173,YDL
P04,L2,L2_14k,14k,gain_R_minus_NR_kappa_150ms_S10,5.9746615786887665,1.6882923653539053,9.867413806009758,YDL
P04,L2,L2_14k,14k,gain_R_minus_NR_gamma_150ms_S10,-0.5233571572028521,-0.6730782705899152,-0.31102814546023105,YDL
P04,L2,L2_14k,14k,gain_R_minus_NR_beta_150ms_S10,-0.03243191725091365,-0.17355931624192536,0.022525870142479164,YDL
P04,L2,L2_14k,14k,gain_R_minus_NR_kappa_200ms_S1,5.875673528090761,3.148023520650452,8.943258766568098,YDL
P04,L2,L2_14k,14k,gain_R_minus_NR_gamma_200ms_S1,-0.4306955107060153,-0.5792070847183995,-0.23538666532903416,YDL
P04,L2,L2_14k,14k,gain_R_minus_NR_beta_200ms_S1,-0.02864718405698399,-0.15124415223204246,0.030329996199021624,YDL
P04,L2,L2_14k,14k,gain_R_minus_NR_kappa_200ms_S10,7.109394593715622,3.8430665179176327,10.77329732618594,YDL
P04,L2,L2_14k,14k,gain_R_minus_NR_gamma_200ms_S10,-0.4067786668700739,-0.5639376118533445,-0.2105984626962504,YDL
P04,L2,L2_14k,14k,gain_R_minus_NR_beta_200ms_S10,-0.020957036043546966,-0.13044559046201204,0.025182922631733252,YDL
P04,L2,L2_14k,14k,gain_R_minus_NR_kappa_250ms_S1,8.918158337754646,5.525150344411147,12.481237756645571,YDL
P04,L2,L2_14k,14k,gain_R_minus_NR_gamma_250ms_S1,-0.40394443437452454,-0.5791788060268637,-0.10784213182500688,YDL
P04,L2,L2_14k,14k,gain_R_minus_NR_beta_250ms_S1,-0.014782897783988346,-0.12054537903358883,0.0432564305657623,YDL
P04,L2,L2_14k,14k,gain_R_minus_NR_kappa_250ms_S10,10.77087609229182,6.708508340922565,15.1628714163571,YDL
P04,L2,L2_14k,14k,gain_R_minus_NR_gamma_250ms_S10,-0.38290351453909455,-0.5705759366474827,-0.09613309159352612,YDL
P04,L2,L2_14k,14k,gain_R_minus_NR_beta_250ms_S10,-0.010707980561019483,-0.10347922337879026,0.036518631639630976,YDL
P04,L2,L2_14k,14k,gain_R_minus_NR_kappa_300ms_S1,8.453943741436483,5.633749186982621,11.905324317814756,YDL
P04,L2,L2_14k,14k,gain_R_minus_NR_gamma_300ms_S1,-0.16786716242906702,-0.3327018533722739,0.02930372632550639,YDL
P04,L2,L2_14k,14k,gain_R_minus_NR_beta_300ms_S1,6.6080344229974e-5,-0.08834584843078291,0.06640025325661612,YDL
P04,L2,L2_14k,14k,gain_R_minus_NR_kappa_300ms_S10,10.278005606488012,6.615513870644282,14.819833068205982,YDL
P04,L2,L2_14k,14k,gain_R_minus_NR_gamma_300ms_S10,-0.15431174244168572,-0.31485558339587333,0.024529620586472387,YDL
P04,L2,L2_14k,14k,gain_R_minus_NR_beta_300ms_S10,4.464263546808192e-5,-0.0739929124966962,0.05552419621613669,YDL
P04,L2,L2_14k,14k,gain_R_minus_NR_kappa_350ms_S1,4.800335349901509,2.7462926025593335,7.064762134476601,YDL
P04,L2,L2_14k,14k,gain_R_minus_NR_gamma_350ms_S1,-0.25083659281214465,-0.38582956905159294,-0.09414265809896896,YDL
P04,L2,L2_14k,14k,gain_R_minus_NR_beta_350ms_S1,-0.00768056622002177,-0.0854293567696947,0.04789334986211428,YDL
P04,L2,L2_14k,14k,gain_R_minus_NR_kappa_350ms_S10,5.801781621228669,3.2693697828716624,8.81892657410195,YDL
P04,L2,L2_14k,14k,gain_R_minus_NR_gamma_350ms_S10,-0.2302574651406028,-0.36748710485623653,-0.0870164130295565,YDL
P04,L2,L2_14k,14k,gain_R_minus_NR_beta_350ms_S10,-0.005431430366424727,-0.06942072542707255,0.043317191410555435,YDL
P04,L2,L2_14k,14k,dur350_minus_50_kappa_NR_S1,-0.3999140821253473,-4.135587669658559,1.9005774217832043,YDL
P04,L2,L2_14k,14k,dur350_minus_50_gamma_NR_S1,-0.20975611662959773,-0.42561525015766627,0.07020271339646701,YDL
P04,L2,L2_14k,14k,dur350_minus_50_beta_NR_S1,-0.052684154052797236,-0.23491828311267118,0.05241710238372673,YDL
P04,L2,L2_14k,14k,dur350_minus_50_kappa_NR_S10,-0.4736963718186906,-5.170316501909875,2.2669556534665385,YDL
P04,L2,L2_14k,14k,dur350_minus_50_gamma_NR_S10,-0.21765257336917332,-0.427024995829265,0.04834749632698095,YDL
P04,L2,L2_14k,14k,dur350_minus_50_beta_NR_S10,-0.039837704323230375,-0.19772989659941512,0.041530318024434736,YDL
P04,L2,L2_14k,14k,dur350_minus_50_kappa_R_S1,-1.3979932661808308,-4.35538796636294,1.2923509366298787,YDL
P04,L2,L2_14k,14k,dur350_minus_50_gamma_R_S1,-0.056381041471932535,-0.14036231223279208,0.02104798344600514,YDL
P04,L2,L2_14k,14k,dur350_minus_50_beta_R_S1,0.0038826135156507895,-0.043796643151441855,0.05552437991626788,YDL
P04,L2,L2_14k,14k,dur350_minus_50_kappa_R_S10,-1.6929433861328507,-5.335389805892026,1.5711577485773502,YDL
P04,L2,L2_14k,14k,dur350_minus_50_gamma_R_S10,-0.0500180899651604,-0.1269891818019539,0.01871333350099382,YDL
P04,L2,L2_14k,14k,dur350_minus_50_beta_R_S10,0.0027787317796536797,-0.0339403874565992,0.05111793730180112,YDL
P04,L2,L2_14k,14k,session_S10_minus_S1_kappa_NR_50ms,0.6687907543265073,-0.21691968790649463,2.26627772303769,YDL
P04,L2,L2_14k,14k,session_S10_minus_S1_gamma_NR_50ms,-0.020224663269594823,-0.13615390494418356,0.08498938070762718,YDL
P04,L2,L2_14k,14k,session_S10_minus_S1_beta_NR_50ms,-0.01676247574855213,-0.10943085300278943,0.042977659491743585,YDL
P04,L2,L2_14k,14k,session_S10_minus_S1_kappa_NR_100ms,0.44097304608892274,-0.14627226745288774,1.2459259032478407,YDL
P04,L2,L2_14k,14k,session_S10_minus_S1_gamma_NR_100ms,-0.02683479211130607,-0.13486174055395883,0.07686271867226721,YDL
P04,L2,L2_14k,14k,session_S10_minus_S1_beta_NR_100ms,-0.013095221187711135,-0.08844807739341627,0.038784980655139994,YDL
P04,L2,L2_14k,14k,session_S10_minus_S1_kappa_NR_150ms,0.8385961818286258,-0.2586837071154928,2.6311713293695753,YDL
P04,L2,L2_14k,14k,session_S10_minus_S1_gamma_NR_150ms,-0.022805679933030343,-0.13584636463117125,0.08005886555703538,YDL
P04,L2,L2_14k,14k,session_S10_minus_S1_beta_NR_150ms,-0.013961800671702503,-0.08755112626840586,0.039797678871756205,YDL
P04,L2,L2_14k,14k,session_S10_minus_S1_kappa_NR_200ms,0.6342427025781276,-0.19695610935161423,1.9018416605014024,YDL
P04,L2,L2_14k,14k,session_S10_minus_S1_gamma_NR_200ms,-0.029086817373480983,-0.14239446669419326,0.0773410866932084,YDL
P04,L2,L2_14k,14k,session_S10_minus_S1_beta_NR_200ms,-0.010422406967976475,-0.06895470729649132,0.02900529313521571,YDL
P04,L2,L2_14k,14k,session_S10_minus_S1_kappa_NR_250ms,0.4961120614492134,-0.14552286415637886,1.7217583738244315,YDL
P04,L2,L2_14k,14k,session_S10_minus_S1_gamma_NR_250ms,-0.029413951674764433,-0.1394170528810332,0.07208856316175177,YDL
P04,L2,L2_14k,14k,session_S10_minus_S1_beta_NR_250ms,-0.00846489536334764,-0.057838336266685615,0.02504811225684264,YDL
P04,L2,L2_14k,14k,session_S10_minus_S1_kappa_NR_300ms,0.5158079514423963,-0.16202389974639786,1.518958625626541,YDL
P04,L2,L2_14k,14k,session_S10_minus_S1_gamma_NR_300ms,-0.026051012651009633,-0.11957106059474593,0.06217116191769277,YDL
P04,L2,L2_14k,14k,session_S10_minus_S1_beta_NR_300ms,-0.007320414842050531,-0.04994204960020384,0.022784331880602856,YDL
P04,L2,L2_14k,14k,session_S10_minus_S1_kappa_NR_350ms,0.6018511116648038,-0.20498660850421296,1.6038584572934238,YDL
P04,L2,L2_14k,14k,session_S10_minus_S1_gamma_NR_350ms,-0.0303711775008553,-0.1295800868099095,0.06466225557034022,YDL
P04,L2,L2_14k,14k,session_S10_minus_S1_beta_NR_350ms,-0.007155799359374809,-0.04706124138372704,0.020225541742623587,YDL
P04,L2,L2_14k,14k,session_S10_minus_S1_kappa_R_50ms,1.9396707117233785,-0.6120584342969614,4.850907580830321,YDL
P04,L2,L2_14k,14k,session_S10_minus_S1_gamma_R_50ms,-0.018124445506505465,-0.07630168124688194,0.03846571883092614,YDL
P04,L2,L2_14k,14k,session_S10_minus_S1_beta_R_50ms,-0.0050111910343420135,-0.029970140468586214,0.01224431018673514,YDL
P04,L2,L2_14k,14k,session_S10_minus_S1_kappa_R_100ms,2.2064622375873606,-0.709564414519092,5.5195783970953025,YDL
P04,L2,L2_14k,14k,session_S10_minus_S1_gamma_R_100ms,-0.013485692070280227,-0.059314792256621604,0.029906900421660505,YDL
P04,L2,L2_14k,14k,session_S10_minus_S1_beta_R_100ms,-0.0065406533069712475,-0.03656179897405496,0.016628902911392608,YDL
P04,L2,L2_14k,14k,session_S10_minus_S1_kappa_R_150ms,1.9265891795087304,-0.608379400360987,4.883561800386209,YDL
P04,L2,L2_14k,14k,session_S10_minus_S1_gamma_R_150ms,-0.0047902456196883755,-0.02448987638913598,0.012734736242226442,YDL
P04,L2,L2_14k,14k,session_S10_minus_S1_beta_R_150ms,-0.006391244965171149,-0.030707786977449778,0.01692835938768062,YDL
P04,L2,L2_14k,14k,session_S10_minus_S1_kappa_R_200ms,1.8980205458622494,-0.6200575342091919,4.787828676376008,YDL
P04,L2,L2_14k,14k,session_S10_minus_S1_gamma_R_200ms,-0.007958552292026692,-0.03880038136761032,0.01827922217835123,YDL
P04,L2,L2_14k,14k,session_S10_minus_S1_beta_R_200ms,-0.005387574077259924,-0.028072209846510883,0.014098128550649963,YDL
P04,L2,L2_14k,14k,session_S10_minus_S1_kappa_R_250ms,2.427622928640111,-0.7672921812584991,6.069243763906552,YDL
P04,L2,L2_14k,14k,session_S10_minus_S1_gamma_R_250ms,-0.010928302757365758,-0.04802256392703429,0.02489533458415167,YDL
P04,L2,L2_14k,14k,session_S10_minus_S1_beta_R_250ms,-0.0058135753683460694,-0.030764677293197654,0.01570848853533193,YDL
P04,L2,L2_14k,14k,session_S10_minus_S1_kappa_R_300ms,2.337490109509954,-0.7177640319966804,5.910743515666124,YDL
P04,L2,L2_14k,14k,session_S10_minus_S1_gamma_R_300ms,-0.015305056300977414,-0.06691385736104698,0.035150673551175605,YDL
P04,L2,L2_14k,14k,session_S10_minus_S1_beta_R_300ms,-0.008059925455262962,-0.0431501782846952,0.02058864637302854,YDL
P04,L2,L2_14k,14k,session_S10_minus_S1_kappa_R_350ms,1.6441587590991444,-0.5038847847152986,4.097270075955391,YDL
P04,L2,L2_14k,14k,session_S10_minus_S1_gamma_R_350ms,-0.011761221417994884,-0.05217729557452186,0.0271701292381627,YDL
P04,L2,L2_14k,14k,session_S10_minus_S1_beta_R_350ms,-0.005625661542106773,-0.030553969525054823,0.017261662495480522,YDL
