ID,level,model_id,kappa_struct,CueType,Duration_ms,parameter,S1,S10,delta_S10_minus_S1,delta_lo,delta_hi
P01,L0,L0_14k,14k,NR,50,kappa,1.5511084802909125,1.7864471464261467,0.23533866613523413,-0.04044556176542402,0.46596168389386317
P01,L0,L0_14k,14k,NR,100,kappa,1.7763279180982037,2.0408969374437023,0.2645690193454986,-0.0476393741430412,0.556564739012537
P01,L0,L0_14k,14k,NR,150,kappa,1.4112748319703705,1.6163043466446814,0.20502951467431085,-0.031168026087051492,0.431443698004341
P01,L0,L0_14k,14k,NR,200,kappa,1.6422755823856705,1.8938679417106878,0.25159235932501733,-0.05271944013511387,0.49101331415952565
P01,L0,L0_14k,14k,NR,250,kappa,1.597608018030387,1.829649843910314,0.23204182587992683,-0.052957617711722804,0.49561459134193453
P01,L0,L0_14k,14k,NR,300,kappa,2.0040272389511262,2.30214943966656,0.2981222007154338,-0.0634622787053769,0.5813990035665959
P01,L0,L0_14k,14k,NR,350,kappa,2.0636181899605344,2.3935496845921342,0.3299314946315999,-0.0442662444965638,0.613560318033685
P01,L0,L0_14k,14k,R,50,kappa,5.015991806069941,5.745541545961565,0.729549739891624,-0.16058804666805404,1.5110231053908993
P01,L0,L0_14k,14k,R,100,kappa,4.0140347482806655,4.625031073386352,0.6109963251056865,-0.1415661805274846,1.1860949869422366
P01,L0,L0_14k,14k,R,150,kappa,6.3077541979847105,7.245281632560999,0.937527434576289,-0.2106629465160399,1.9779659223594983
P01,L0,L0_14k,14k,R,200,kappa,7.6374345752670605,8.789824884247828,1.1523903089807677,-0.14894593610573992,2.3472938634247225
P01,L0,L0_14k,14k,R,250,kappa,10.840605475454897,12.506355022315708,1.6657495468608108,-0.6512311196035228,3.627740760767038
P01,L0,L0_14k,14k,R,300,kappa,7.040871470221459,8.091100796732384,1.0502293265109248,-0.24169888686991392,2.2362827235387943
P01,L0,L0_14k,14k,R,350,kappa,9.303268131326078,10.70005792525906,1.3967897939329816,-0.35570010567593435,2.75039980673421
P01,L0,L0_2k,2k,NR,50,kappa,1.5047632414194592,1.8941227195427521,0.38935947812329297,0.19347383313395805,0.5465544014573502
P01,L0,L0_2k,2k,NR,100,kappa,1.5047632414194592,1.8941227195427521,0.38935947812329297,0.19347383313395805,0.5465544014573502
P01,L0,L0_2k,2k,NR,150,kappa,1.5047632414194592,1.8941227195427521,0.38935947812329297,0.19347383313395805,0.5465544014573502
P01,L0,L0_2k,2k,NR,200,kappa,1.5047632414194592,1.8941227195427521,0.38935947812329297,0.19347383313395805,0.5465544014573502
P01,L0,L0_2k,2k,NR,250,kappa,1.5047632414194592,1.8941227195427521,0.38935947812329297,0.19347383313395805,0.5465544014573502
P01,L0,L0_2k,2k,NR,300,kappa,1.5047632414194592,1.8941227195427521,0.38935947812329297,0.19347383313395805,0.5465544014573502
P01,L0,L0_2k,2k,NR,350,kappa,1.5047632414194592,1.8941227195427521,0.38935947812329297,0.19347383313395805,0.5465544014573502
P01,L0,L0_2k,2k,R,50,kappa,5.886683999970748,7.398716065602698,1.5120320656319501,0.8391678565688956,2.1268333591256834
P01,L0,L0_2k,2k,R,100,kappa,5.886683999970748,7.398716065602698,1.5120320656319501,0.8391678565688956,2.1268333591256834
P01,L0,L0_2k,2k,R,150,kappa,5.886683999970748,7.398716065602698,1.5120320656319501,0.8391678565688956,2.1268333591256834
P01,L0,L0_2k,2k,R,200,kappa,5.886683999970748,7.398716065602698,1.5120320656319501,0.8391678565688956,2.1268333591256834
P01,L0,L0_2k,2k,R,250,kappa,5.886683999970748,7.398716065602698,1.5120320656319501,0.8391678565688956,2.1268333591256834
P01,L0,L0_2k,2k,R,300,kappa,5.886683999970748,7.398716065602698,1.5120320656319501,0.8391678565688956,2.1268333591256834
P01,L0,L0_2k,2k,R,350,kappa,5.886683999970748,7.398716065602698,1.5120320656319501,0.8391678565688956,2.1268333591256834
P01,L1,L1_14k,14k,NR,50,kappa,2.9177689056805995,3.779910228377048,0.8621413226964485,-0.406170244456721,1.858305739574887
P01,L1,L1_14k,14k,NR,100,kappa,3.6283657882672333,4.720775569494412,1.092409781227179,-0.13226311970437354,2.0036419901712725
P01,L1,L1_14k,14k,NR,150,kappa,4.525270254473691,5.863727049117811,1.3384567946441202,-0.7288761955874925,2.7662726192316285
P01,L1,L1_14k,14k,NR,200,kappa,4.537502270663264,5.872680319654279,1.3351780489910148,-0.46489843557600796,2.6204277748596105
P01,L1,L1_14k,14k,NR,250,kappa,5.020452157919289,6.546509522108206,1.526057364188917,-0.17407296656249738,2.774011352995314
P01,L1,L1_14k,14k,NR,300,kappa,3.984836371793099,5.175697460645161,1.1908610888520617,-0.3380694260774755,2.2554768967777465
P01,L1,L1_14k,14k,NR,350,kappa,4.500800860807094,5.859697229905872,1.3588963690987779,-0.1973145023283287,2.4848827031751766
P01,L1,L1_14k,14k,R,50,kappa,10.881750826212505,14.101821874787785,3.2200710485752797,0.6210564232751974,5.330549857842154
P01,L1,L1_14k,14k,R,100,kappa,11.181530448569344,14.508913073672378,3.3273826251030343,0.06303179662367775,5.719956627117202
P01,L1,L1_14k,14k,R,150,kappa,12.493033263304406,16.242969731939546,3.7499364686351395,0.6278261847443538,6.229482317571664
P01,L1,L1_14k,14k,R,200,kappa,15.096285952133302,19.513449785785927,4.417163833652625,0.3800887974157554,7.579297048155087
P01,L1,L1_14k,14k,R,250,kappa,17.257926583218246,22.33218965702119,5.074263073802943,1.0309596948035704,8.395670381251112
P01,L1,L1_14k,14k,R,300,kappa,12.143575328028062,15.768804508249762,3.6252291802217,0.7604274309474395,6.021736725311845
P01,L1,L1_14k,14k,R,350,kappa,12.413539227783179,16.09036537864259,3.6768261508594122,0.6431353577696708,6.079571516693816
P01,L1,L1_2k,2k,NR,50,kappa,3.929724612149217,5.289812525650995,1.3600879135017783,0.6450719288424622,1.9789074668962763
P01,L1,L1_2k,2k,NR,100,kappa,3.929724612149217,5.289812525650995,1.3600879135017783,0.6450719288424622,1.9789074668962763
P01,L1,L1_2k,2k,NR,150,kappa,3.929724612149217,5.289812525650995,1.3600879135017783,0.6450719288424622,1.9789074668962763
P01,L1,L1_2k,2k,NR,200,kappa,3.929724612149217,5.289812525650995,1.3600879135017783,0.6450719288424622,1.9789074668962763
P01,L1,L1_2k,2k,NR,250,kappa,3.929724612149217,5.289812525650995,1.3600879135017783,0.6450719288424622,1.9789074668962763
P01,L1,L1_2k,2k,NR,300,kappa,3.929724612149217,5.289812525650995,1.3600879135017783,0.6450719288424622,1.9789074668962763
P01,L1,L1_2k,2k,NR,350,kappa,3.929724612149217,5.289812525650995,1.3600879135017783,0.6450719288424622,1.9789074668962763
P01,L1,L1_2k,2k,R,50,kappa,13.08781114372281,17.5343718445774,4.44656070085459,2.4534875285079476,6.266247610966868
P01,L1,L1_2k,2k,R,100,kappa,13.08781114372281,17.5343718445774,4.44656070085459,2.4534875285079476,6.266247610966868
P01,L1,L1_2k,2k,R,150,kappa,13.08781114372281,17.5343718445774,4.44656070085459,2.4534875285079476,6.266247610966868
P01,L1,L1_2k,2k,R,200,kappa,13.08781114372281,17.5343718445774,4.44656070085459,2.4534875285079476,6.266247610966868
P01,L1,L1_2k,2k,R,250,kappa,13.08781114372281,17.5343718445774,4.44656070085459,2.4534875285079476,6.266247610966868
P01,L1,L1_2k,2k,R,300,kappa,13.08781114372281,17.5343718445774,4.44656070085459,2.4534875285079476,6.266247610966868
P01,L1,L1_2k,2k,R,350,kappa,13.08781114372281,17.5343718445774,4.44656070085459,2.4534875285079476,6.266247610966868
P01,L2,L2_14k,14k,NR,50,kappa,3.185176969562182,4.136417894862183,0.9512409253000014,-0.13756891226907175,1.7893044438453267
P01,L2,L2_14k,14k,NR,100,kappa,3.9274955215354233,5.098379530997784,1.1708840094623607,-0.10995897556769929,2.190001486606868
P01,L2,L2_14k,14k,NR,150,kappa,4.721907503569275,6.139282661983267,1.417375158413992,-0.6746928920647353,2.8439469038511644
P01,L2,L2_14k,14k,NR,200,kappa,4.7278102720449535,6.139066839945762,1.411256567900809,-0.5204993456064981,2.741089931815722
P01,L2,L2_14k,14k,NR,250,kappa,5.179065067679119,6.741741589666503,1.5626765219873846,-0.21877869931636518,2.9076376935147197
P01,L2,L2_14k,14k,NR,300,kappa,4.831798458685732,6.277755329657504,1.4459568709717718,-0.16915564610353773,2.6343774506908844
P01,L2,L2_14k,14k,NR,350,kappa,4.494769341567832,5.840036607198739,1.3452672656309073,-0.05114043541637692,2.3811684877924484
P01,L2,L2_14k,14k,R,50,kappa,10.998478569689668,14.274055948530725,3.2755773788410565,0.7385541365053516,5.346416593264502
P01,L2,L2_14k,14k,R,100,kappa,11.300667567432619,14.714156241594488,3.4134886741618686,0.2687404894046015,5.785570707283121
P01,L2,L2_14k,14k,R,150,kappa,12.47044194847379,16.20150128781546,3.7310593393416713,0.73113499735034,6.30140469875092
P01,L2,L2_14k,14k,R,200,kappa,15.770047302371601,20.513003457790152,4.74295615541855,0.6898865455137191,8.037208096706191
P01,L2,L2_14k,14k,R,250,kappa,17.681477102711305,22.999530668773637,5.318053566062332,1.037022015827862,8.788654980432398
P01,L2,L2_14k,14k,R,300,kappa,12.452872261174706,16.21298614680238,3.760113885627673,0.7399724100141079,6.174037431114673
P01,L2,L2_14k,14k,R,350,kappa,13.51677964795366,17.535466902030727,4.018687254077067,0.7460662280578525,6.663892579776451
P01,L2,L2_2k,2k,NR,50,kappa,4.187477825064611,5.52335243369054,1.3358746086259297,0.5687851909197841,1.9824446656534631
P01,L2,L2_2k,2k,NR,100,kappa,4.187477825064611,5.52335243369054,1.3358746086259297,0.5687851909197841,1.9824446656534631
P01,L2,L2_2k,2k,NR,150,kappa,4.187477825064611,5.52335243369054,1.3358746086259297,0.5687851909197841,1.9824446656534631
P01,L2,L2_2k,2k,NR,200,kappa,4.187477825064611,5.52335243369054,1.3358746086259297,0.5687851909197841,1.9824446656534631
P01,L2,L2_2k,2k,NR,250,kappa,4.187477825064611,5.52335243369054,1.3358746086259297,0.5687851909197841,1.9824446656534631
P01,L2,L2_2k,2k,NR,300,kappa,4.187477825064611,5.52335243369054,1.3358746086259297,0.5687851909197841,1.9824446656534631
P01,L2,L2_2k,2k,NR,350,kappa,4.187477825064611,5.52335243369054,1.3358746086259297,0.5687851909197841,1.9824446656534631
P01,L2,L2_2k,2k,R,50,kappa,13.554052092000985,17.86187074637084,4.307818654369855,2.163721191722164,6.144781036284739
P01,L2,L2_2k,2k,R,100,kappa,13.554052092000985,17.86187074637084,4.307818654369855,2.163721191722164,6.144781036284739
P01,L2,L2_2k,2k,R,150,kappa,13.554052092000985,17.86187074637084,4.307818654369855,2.163721191722164,6.144781036284739
P01,L2,L2_2k,2k,R,200,kappa,13.554052092000985,17.86187074637084,4.307818654369855,2.163721191722164,6.144781036284739
P01,L2,L2_2k,2k,R,250,kappa,13.554052092000985,17.86187074637084,4.307818654369855,2.163721191722164,6.144781036284739
P01,L2,L2_2k,2k,R,300,kappa,13.554052092000985,17.86187074637084,4.307818654369855,2.163721191722164,6.144781036284739
P01,L2,L2_2k,2k,R,350,kappa,13.554052092000985,17.86187074637084,4.307818654369855,2.163721191722164,6.144781036284739
P02,L0,L0_14k,14k,NR,50,kappa,1.7571694459084488,2.1992899437723947,0.4421204978639459,0.14121303557396736,0.6991568314986134
P02,L0,L0_14k,14k,NR,100,kappa,1.8618193784204053,2.3295967176267247,0.46777733920631936,0.13647559636651385,0.744579384549898
P02,L0,L0_14k,14k,NR,150,kappa,1.8013372937028673,2.252298624740127,0.45096133103725955,0.1244564066946694,0.7350531433423924
P02,L0,L0_14k,14k,NR,200,kappa,2.0597897205638143,2.57797154081424,0.5181818202504256,0.15983883082768902,0.8286180190980752
P02,L0,L0_14k,14k,NR,250,kappa,2.1868982705904045,2.729612615388725,0.5427143447983203,0.15251018798149296,0.8870114649601704
P02,L0,L0_14k,14k,NR,300,kappa,2.8551212170431493,3.5738479054759917,0.7187266884328425,0.22097739545191208,1.1544494052692729
P02,L0,L0_14k,14k,NR,350,kappa,1.8756740816599193,2.3467093144366453,0.471035232776726,0.13823565468635257,0.755154605617316
P02,L0,L0_14k,14k,R,50,kappa,3.407137002740565,4.256297326199845,0.8491603234592797,0.2594005271281561,1.376251635091319
P02,L0,L0_14k,14k,R,100,kappa,4.0539592656417245,5.069395805560417,1.0154365399186922,0.2863757270353062,1.6450315946215772
P02,L0,L0_14k,14k,R,150,kappa,6.137728055044471,7.6643854688331965,1.5266574137887252,0.44234450164211836,2.501534997127693
P02,L0,L0_14k,14k,R,200,kappa,5.334995015175108,6.6729557690567685,1.33796075388166,0.3845513438646382,2.152655546540073
P02,L0,L0_14k,14k,R,250,kappa,9.18632623892206,11.467561666771454,2.281235427849394,0.5159639863822711,3.7933461892379814
P02,L0,L0_14k,14k,R,300,kappa,4.719392341129456,5.8990457788670145,1.1796534377375583,0.2772855237819103,1.9467509975997581
P02,L0,L0_14k,14k,R,350,kappa,5.623377713507505,7.03425640380917,1.410878690301665,0.3726327569073131,2.313653794791885
P02,L0,L0_2k,2k,NR,50,kappa,1.7825819733016006,2.4993288730266654,0.7167468997250648,0.5010125760034161,0.9103463761778645
P02,L0,L0_2k,2k,NR,100,kappa,1.7825819733016006,2.4993288730266654,0.7167468997250648,0.5010125760034161,0.9103463761778645
P02,L0,L0_2k,2k,NR,150,kappa,1.7825819733016006,2.4993288730266654,0.7167468997250648,0.5010125760034161,0.9103463761778645
P02,L0,L0_2k,2k,NR,200,kappa,1.7825819733016006,2.4993288730266654,0.7167468997250648,0.5010125760034161,0.9103463761778645
P02,L0,L0_2k,2k,NR,250,kappa,1.7825819733016006,2.4993288730266654,0.7167468997250648,0.5010125760034161,0.9103463761778645
P02,L0,L0_2k,2k,NR,300,kappa,1.7825819733016006,2.4993288730266654,0.7167468997250648,0.5010125760034161,0.9103463761778645
P02,L0,L0_2k,2k,NR,350,kappa,1.7825819733016006,2.4993288730266654,0.7167468997250648,0.5010125760034161,0.9103463761778645
P02,L0,L0_2k,2k,R,50,kappa,4.550729045921864,6.378538750478949,1.827809704557085,1.29203289432147,2.291601810694609
P02,L0,L0_2k,2k,R,100,kappa,4.550729045921864,6.378538750478949,1.827809704557085,1.29203289432147,2.291601810694609
P02,L0,L0_2k,2k,R,150,kappa,4.550729045921864,6.378538750478949,1.827809704557085,1.29203289432147,2.291601810694609
P02,L0,L0_2k,2k,R,200,kappa,4.550729045921864,6.378538750478949,1.827809704557085,1.29203289432147,2.291601810694609
P02,L0,L0_2k,2k,R,250,kappa,4.550729045921864,6.378538750478949,1.827809704557085,1.29203289432147,2.291601810694609
P02,L0,L0_2k,2k,R,300,kappa,4.550729045921864,6.378538750478949,1.827809704557085,1.29203289432147,2.291601810694609
P02,L0,L0_2k,2k,R,350,kappa,4.550729045921864,6.378538750478949,1.827809704557085,1.29203289432147,2.291601810694609
P02,L1,L1_14k,14k,NR,50,kappa,3.991977834273006,3.3228960602894526,-0.6690817739835535,-2.272662856584721,0.37645757261989754
P02,L1,L1_14k,14k,NR,100,kappa,5.410174243844661,4.503865914617149,-0.906308329227512,-2.515707817256466,0.3797814588467645
P02,L1,L1_14k,14k,NR,150,kappa,4.041034204214465,3.3745611899634023,-0.6664730142510624,-2.098794321111604,0.407401636698391
P02,L1,L1_14k,14k,NR,200,kappa,4.360696316003478,3.625300189462488,-0.7353961265409903,-2.1294616365324193,0.36316116907457774
P02,L1,L1_14k,14k,NR,250,kappa,3.7026437821453912,3.100642211397319,-0.6020015707480724,-1.9419673466709169,0.3042104860713173
P02,L1,L1_14k,14k,NR,300,kappa,6.911216351955338,5.755637648163587,-1.1555787037917513,-2.924966839501648,0.3317984301359047
P02,L1,L1_14k,14k,NR,350,kappa,6.837599707362555,5.698698669127,-1.1389010382355549,-3.58530601117645,0.6939247524834835
P02,L1,L1_14k,14k,R,50,kappa,9.337762850070785,7.786537531469149,-1.5512253186016363,-3.619113105999615,0.19957242289156518
P02,L1,L1_14k,14k,R,100,kappa,11.995049824810014,9.98005873973798,-2.014991085072033,-5.474230455063859,0.7850878230419092
P02,L1,L1_14k,14k,R,150,kappa,10.665611655407501,8.901992385903142,-1.7636192695043587,-4.520083727483502,0.466248527373903
P02,L1,L1_14k,14k,R,200,kappa,10.965476638816526,9.118955983138871,-1.8465206556776543,-4.378761793956537,0.30076846087431086
P02,L1,L1_14k,14k,R,250,kappa,12.873715827236897,10.722494998938613,-2.1512208282982836,-4.9942472724937375,0.1876031617969982
P02,L1,L1_14k,14k,R,300,kappa,10.105491611627947,8.428198249812965,-1.6772933618149821,-4.290585044764233,0.23392785594451837
P02,L1,L1_14k,14k,R,350,kappa,10.772231874066598,8.963026214541655,-1.8092056595249435,-4.198219995558354,0.26873786666137534
P02,L1,L1_2k,2k,NR,50,kappa,4.931292135215083,4.197469778339412,-0.7338223568756703,-1.6642714074246907,0.02587207283032278
P02,L1,L1_2k,2k,NR,100,kappa,4.931292135215083,4.197469778339412,-0.7338223568756703,-1.6642714074246907,0.02587207283032278
P02,L1,L1_2k,2k,NR,150,kappa,4.931292135215083,4.197469778339412,-0.7338223568756703,-1.6642714074246907,0.02587207283032278
P02,L1,L1_2k,2k,NR,200,kappa,4.931292135215083,4.197469778339412,-0.7338223568756703,-1.6642714074246907,0.02587207283032278
P02,L1,L1_2k,2k,NR,250,kappa,4.931292135215083,4.197469778339412,-0.7338223568756703,-1.6642714074246907,0.02587207283032278
P02,L1,L1_2k,2k,NR,300,kappa,4.931292135215083,4.197469778339412,-0.7338223568756703,-1.6642714074246907,0.02587207283032278
P02,L1,L1_2k,2k,NR,350,kappa,4.931292135215083,4.197469778339412,-0.7338223568756703,-1.6642714074246907,0.02587207283032278
P02,L1,L1_2k,2k,R,50,kappa,10.899488919659735,9.276605633741188,-1.6228832859185474,-3.4235749185430606,-0.1568730125392861
P02,L1,L1_2k,2k,R,100,kappa,10.899488919659735,9.276605633741188,-1.6228832859185474,-3.4235749185430606,-0.1568730125392861
P02,L1,L1_2k,2k,R,150,kappa,10.899488919659735,9.276605633741188,-1.6228832859185474,-3.4235749185430606,-0.1568730125392861
P02,L1,L1_2k,2k,R,200,kappa,10.899488919659735,9.276605633741188,-1.6228832859185474,-3.4235749185430606,-0.1568730125392861
P02,L1,L1_2k,2k,R,250,kappa,10.899488919659735,9.276605633741188,-1.6228832859185474,-3.4235749185430606,-0.1568730125392861
P02,L1,L1_2k,2k,R,300,kappa,10.899488919659735,9.276605633741188,-1.6228832859185474,-3.4235749185430606,-0.1568730125392861
P02,L1,L1_2k,2k,R,350,kappa,10.899488919659735,9.276605633741188,-1.6228832859185474,-3.4235749185430606,-0.1568730125392861
P02,L2,L2_14k,14k,NR,50,kappa,4.246198449388776,3.4579553496904545,-0.7882430996983212,-2.258765386732458,0.25932425618306754
P02,L2,L2_14k,14k,NR,100,kappa,5.440301869290282,4.45284116092189,-0.987460708368392,-2.596847048442374,0.2544840043590373
P02,L2,L2_14k,14k,NR,150,kappa,4.110249579762645,3.3649980038499985,-0.7452515759126461,-2.13672030102816,0.2907977251999032
P02,L2,L2_14k,14k,NR,200,kappa,4.860879312282588,3.9620264552386555,-0.8988528570439325,-2.415434348635692,0.24295839592112056
P02,L2,L2_14k,14k,NR,250,kappa,3.9591489902289245,3.2284567607563313,-0.7306922294725933,-2.092873688136458,0.20224125749018995
P02,L2,L2_14k,14k,NR,300,kappa,7.261024248889853,5.942300725806475,-1.3187235230833778,-3.1675970639851476,0.17192885474847586
P02,L2,L2_14k,14k,NR,350,kappa,6.899660793552208,5.624276881973687,-1.2753839115785208,-3.6229453564804786,0.4907994958612516
P02,L2,L2_14k,14k,R,50,kappa,9.527764832301834,7.7783954106419095,-1.7493694216599245,-3.9182367400711744,0.049658041078688875
P02,L2,L2_14k,14k,R,100,kappa,11.691431230351402,9.527572040668256,-2.163859189683146,-5.795372490956163,0.5294972717521578
P02,L2,L2_14k,14k,R,150,kappa,10.997389209124641,8.96171707047456,-2.0356721386500816,-4.9909029055326,0.25758761447722733
P02,L2,L2_14k,14k,R,200,kappa,11.07791849073734,9.04209676066439,-2.03582173007295,-4.55447962905315,0.09313138818031597
P02,L2,L2_14k,14k,R,250,kappa,13.472766477563614,10.97923130547915,-2.4935351720844636,-5.5526764193498614,0.032735660995053095
P02,L2,L2_14k,14k,R,300,kappa,10.429456412905829,8.507215043158137,-1.9222413697476917,-4.516988475296319,0.11977452949291667
P02,L2,L2_14k,14k,R,350,kappa,11.237588217414586,9.179849498519031,-2.057738718895555,-4.670146866391978,0.10868601616412299
P02,L2,L2_2k,2k,NR,50,kappa,5.204767591590306,4.280153185683044,-0.9246144059072616,-1.8537534710119399,-0.13749414209274402
P02,L2,L2_2k,2k,NR,100,kappa,5.204767591590306,4.280153185683044,-0.9246144059072616,-1.8537534710119399,-0.13749414209274402
P02,L2,L2_2k,2k,NR,150,kappa,5.204767591590306,4.280153185683044,-0.9246144059072616,-1.8537534710119399,-0.13749414209274402
P02,L2,L2_2k,2k,NR,200,kappa,5.204767591590306,4.280153185683044,-0.9246144059072616,-1.8537534710119399,-0.13749414209274402
P02,L2,L2_2k,2k,NR,250,kappa,5.204767591590306,4.280153185683044,-0.9246144059072616,-1.8537534710119399,-0.13749414209274402
P02,L2,L2_2k,2k,NR,300,kappa,5.204767591590306,4.280153185683044,-0.9246144059072616,-1.8537534710119399,-0.13749414209274402
P02,L2,L2_2k,2k,NR,350,kappa,5.204767591590306,4.280153185683044,-0.9246144059072616,-1.8537534710119399,-0.13749414209274402
P02,L2,L2_2k,2k,R,50,kappa,11.245434229793762,9.243617700274378,-2.0018165295193846,-3.817277932573754,-0.45401054708954547
P02,L2,L2_2k,2k,R,100,kappa,11.245434229793762,9.243617700274378,-2.0018165295193846,-3.817277932573754,-0.45401054708954547
P02,L2,L2_2k,2k,R,150,kappa,11.245434229793762,9.243617700274378,-2.0018165295193846,-3.817277932573754,-0.45401054708954547
P02,L2,L2_2k,2k,R,200,kappa,11.245434229793762,9.243617700274378,-2.0018165295193846,-3.817277932573754,-0.45401054708954547
P02,L2,L2_2k,2k,R,250,kappa,11.245434229793762,9.243617700274378,-2.0018165295193846,-3.817277932573754,-0.45401054708954547
P02,L2,L2_2k,2k,R,300,kappa,11.245434229793762,9.243617700274378,-2.0018165295193846,-3.817277932573754,-0.45401054708954547
P02,L2,L2_2k,2k,R,350,kappa,11.245434229793762,9.243617700274378,-2.0018165295193846,-3.817277932573754,-0.45401054708954547
P03,L0,L0_14k,14k,NR,50,kappa,1.3159502589527843,2.289962988214197,0.9740127292614129,0.7345263219667983,1.1855454667868295
P03,L0,L0_14k,14k,NR,100,kappa,1.1360347617934736,1.9749307625297658,0.8388960007362922,0.6196374533751094,1.0341617743606348
P03,L0,L0_14k,14k,NR,150,kappa,1.1848746104731844,2.0624955156628504,0.877620905189666,0.6547745718652294,1.0732711527354417
P03,L0,L0_14k,14k,NR,200,kappa,1.1700030845139389,2.032340341337485,0.8623372568235461,0.6404864054308286,1.0604787385186194
P03,L0,L0_14k,14k,NR,250,kappa,1.2990905400939132,2.25862401533984,0.9595334752459266,0.7200970838953911,1.1676497768745029
P03,L0,L0_14k,14k,NR,300,kappa,1.3226862485273418,2.2955476558650627,0.9728614073377209,0.7254323814300891,1.1931885439424557
P03,L0,L0_14k,14k,NR,350,kappa,1.4166704998051607,2.460772487606074,1.0441019878009135,0.7784558663674308,1.2779352165984692
P03,L0,L0_14k,14k,R,50,kappa,6.315118373909929,10.97874570479479,4.663627330884861,3.4339468488289606,5.713615052977158
P03,L0,L0_14k,14k,R,100,kappa,5.6676113495922,9.854363382373904,4.186752032781705,3.107910540806481,5.101543197407115
P03,L0,L0_14k,14k,R,150,kappa,9.639206577550144,16.77950061732925,7.140294039779107,5.2762413760000655,8.740913300538747
P03,L0,L0_14k,14k,R,200,kappa,9.492122556787011,16.489323075498397,6.997200518711386,5.273552296835302,8.555205983476522
P03,L0,L0_14k,14k,R,250,kappa,10.823325243711487,18.831680321837695,8.008355078126208,5.915390976188567,9.814610480553084
P03,L0,L0_14k,14k,R,300,kappa,21.72431955924366,37.73992206923651,16.015602509992853,11.694401320218365,19.69897445930273
P03,L0,L0_14k,14k,R,350,kappa,11.631676393814532,20.18795006552009,8.55627367170556,6.329765003966235,10.528429944684436
P03,L0,L0_2k,2k,NR,50,kappa,1.0935766580739497,2.2647032300014196,1.17112657192747,1.0271429098253475,1.303464014116398
P03,L0,L0_2k,2k,NR,100,kappa,1.0935766580739497,2.2647032300014196,1.17112657192747,1.0271429098253475,1.303464014116398
P03,L0,L0_2k,2k,NR,150,kappa,1.0935766580739497,2.2647032300014196,1.17112657192747,1.0271429098253475,1.303464014116398
P03,L0,L0_2k,2k,NR,200,kappa,1.0935766580739497,2.2647032300014196,1.17112657192747,1.0271429098253475,1.303464014116398
P03,L0,L0_2k,2k,NR,250,kappa,1.0935766580739497,2.2647032300014196,1.17112657192747,1.0271429098253475,1.303464014116398
P03,L0,L0_2k,2k,NR,300,kappa,1.0935766580739497,2.2647032300014196,1.17112657192747,1.0271429098253475,1.303464014116398
P03,L0,L0_2k,2k,NR,350,kappa,1.0935766580739497,2.2647032300014196,1.17112657192747,1.0271429098253475,1.303464014116398
P03,L0,L0_2k,2k,R,50,kappa,8.367947221231312,17.346980302814124,8.979033081582813,7.962982205438701,9.87960550265429
P03,L0,L0_2k,2k,R,100,kappa,8.367947221231312,17.346980302814124,8.979033081582813,7.962982205438701,9.87960550265429
P03,L0,L0_2k,2k,R,150,kappa,8.367947221231312,17.346980302814124,8.979033081582813,7.962982205438701,9.87960550265429
P03,L0,L0_2k,2k,R,200,kappa,8.367947221231312,17.346980302814124,8.979033081582813,7.962982205438701,9.87960550265429
P03,L0,L0_2k,2k,R,250,kappa,8.367947221231312,17.346980302814124,8.979033081582813,7.962982205438701,9.87960550265429
P03,L0,L0_2k,2k,R,300,kappa,8.367947221231312,17.346980302814124,8.979033081582813,7.962982205438701,9.87960550265429
P03,L0,L0_2k,2k,R,350,kappa,8.367947221231312,17.346980302814124,8.979033081582813,7.962982205438701,9.87960550265429
P03,L1,L1_14k,14k,NR,50,kappa,4.142731695330692,5.716237701562143,1.573506006231451,-0.19179164550910421,2.7951308349165935
P03,L1,L1_14k,14k,NR,100,kappa,3.6365404359641738,5.042330217676547,1.405789781712373,0.0810063097702649,2.3541283291525463
P03,L1,L1_14k,14k,NR,150,kappa,6.12183568994721,8.469000573544719,2.3471648835975083,-0.8145091444977464,4.226882685129677
P03,L1,L1_14k,14k,NR,200,kappa,5.79620822966603,8.026702172438286,2.230493942772256,-0.2098874967429225,3.8553093091783355
P03,L1,L1_14k,14k,NR,250,kappa,10.968059873396244,15.149075480794728,4.181015607398484,-0.5448664000368364,7.501990629398661
P03,L1,L1_14k,14k,NR,300,kappa,6.873810084811937,9.470690242505675,2.5968801576937386,0.32104746353734726,4.350043579193294
P03,L1,L1_14k,14k,NR,350,kappa,5.521311651027522,7.619248213003305,2.097936561975782,-0.07679567238046658,3.738127014588195
P03,L1,L1_14k,14k,R,50,kappa,16.328869889461593,22.562722217500443,6.23385232803885,1.7495716361242515,9.671294614046278
P03,L1,L1_14k,14k,R,100,kappa,19.414758069559355,26.746967305491363,7.332209235932009,2.008814588516998,11.626956764045657
P03,L1,L1_14k,14k,R,150,kappa,19.046456999883418,26.343278603746302,7.296821603862885,2.5029211452974387,11.096216537100013
P03,L1,L1_14k,14k,R,200,kappa,27.331138328697044,37.7464452324444,10.415306903747357,3.9178997155149986,15.618207467901144
P03,L1,L1_14k,14k,R,250,kappa,25.413505637682,35.11822551116248,9.704719873480478,2.869572240535817,15.359243414711937
P03,L1,L1_14k,14k,R,300,kappa,23.05006985451356,31.794161426861024,8.744091572347465,3.271011305766926,13.312278054843851
P03,L1,L1_14k,14k,R,350,kappa,27.464638392712367,37.842702397429484,10.378064004717118,3.47189591886427,16.01120007007783
P03,L1,L1_2k,2k,NR,50,kappa,6.336607623561422,8.001056485561964,1.6644488620005422,0.3650336401126939,2.7905769878115905
P03,L1,L1_2k,2k,NR,100,kappa,6.336607623561422,8.001056485561964,1.6644488620005422,0.3650336401126939,2.7905769878115905
P03,L1,L1_2k,2k,NR,150,kappa,6.336607623561422,8.001056485561964,1.6644488620005422,0.3650336401126939,2.7905769878115905
P03,L1,L1_2k,2k,NR,200,kappa,6.336607623561422,8.001056485561964,1.6644488620005422,0.3650336401126939,2.7905769878115905
P03,L1,L1_2k,2k,NR,250,kappa,6.336607623561422,8.001056485561964,1.6644488620005422,0.3650336401126939,2.7905769878115905
P03,L1,L1_2k,2k,NR,300,kappa,6.336607623561422,8.001056485561964,1.6644488620005422,0.3650336401126939,2.7905769878115905
P03,L1,L1_2k,2k,NR,350,kappa,6.336607623561422,8.001056485561964,1.6644488620005422,0.3650336401126939,2.7905769878115905
P03,L1,L1_2k,2k,R,50,kappa,26.075053432449977,32.92893732407298,6.853883891623006,2.58750327399655,10.840942504332538
P03,L1,L1_2k,2k,R,100,kappa,26.075053432449977,32.92893732407298,6.853883891623006,2.58750327399655,10.840942504332538
P03,L1,L1_2k,2k,R,150,kappa,26.075053432449977,32.92893732407298,6.853883891623006,2.58750327399655,10.840942504332538
P03,L1,L1_2k,2k,R,200,kappa,26.075053432449977,32.92893732407298,6.853883891623006,2.58750327399655,10.840942504332538
P03,L1,L1_2k,2k,R,250,kappa,26.075053432449977,32.92893732407298,6.853883891623006,2.58750327399655,10.840942504332538
P03,L1,L1_2k,2k,R,300,kappa,26.075053432449977,32.92893732407298,6.853883891623006,2.58750327399655,10.840942504332538
P03,L1,L1_2k,2k,R,350,kappa,26.075053432449977,32.92893732407298,6.853883891623006,2.58750327399655,10.840942504332538
P03,L2,L2_14k,14k,NR,50,kappa,4.812472823354463,6.216216146115942,1.4037433227614784,-0.14334490430589586,2.556240219223417
P03,L2,L2_14k,14k,NR,100,kappa,3.7768689641670825,4.877161715635867,1.1002927514687846,-0.3041683102970154,2.070814818431513
P03,L2,L2_14k,14k,NR,150,kappa,5.15752544883023,6.670205173246133,1.5126797244159036,-0.7328131406285259,2.9464546420219184
P03,L2,L2_14k,14k,NR,200,kappa,6.492352543861263,8.3926760566036,1.9003235127423368,-0.47572194621923636,3.648250449112485
P03,L2,L2_14k,14k,NR,250,kappa,11.402784752586857,14.723295331764685,3.320510579177828,-1.4726531542423515,6.791137374973561
P03,L2,L2_14k,14k,NR,300,kappa,7.413632244441384,9.597302318493961,2.1836700740525767,-0.3279070169064884,4.074228825028981
P03,L2,L2_14k,14k,NR,350,kappa,5.567178931722246,7.188777863350419,1.6215989316281725,-0.5907171705532779,3.2486154891975416
P03,L2,L2_14k,14k,R,50,kappa,17.184095058310415,22.231984272251506,5.04788921394109,0.03361366083292694,8.765299389713642
P03,L2,L2_14k,14k,R,100,kappa,19.605409048173247,25.34350003017721,5.738090982003964,0.4540196799478906,10.140787809039312
P03,L2,L2_14k,14k,R,150,kappa,19.68485581989323,25.445230914751537,5.760375094858308,0.858241374719416,9.788660008662822
P03,L2,L2_14k,14k,R,200,kappa,28.100985589281418,36.384921344806045,8.283935755524627,1.5020558753980282,13.757561560274759
P03,L2,L2_14k,14k,R,250,kappa,26.547225731340674,34.27200074852816,7.724775017187483,1.0822082086188445,13.390963520119005
P03,L2,L2_14k,14k,R,300,kappa,24.148732639108918,31.231145806478466,7.082413167369548,1.181306049844327,11.970356288048794
P03,L2,L2_14k,14k,R,350,kappa,28.786774128605487,37.20496687197212,8.418192743366632,1.3727920617182718,14.341918018041017
P03,L2,L2_2k,2k,NR,50,kappa,6.556315281674592,7.8359289118482645,1.2796136301736727,-0.024648200000686238,2.370787920067441
P03,L2,L2_2k,2k,NR,100,kappa,6.556315281674592,7.8359289118482645,1.2796136301736727,-0.024648200000686238,2.370787920067441
P03,L2,L2_2k,2k,NR,150,kappa,6.556315281674592,7.8359289118482645,1.2796136301736727,-0.024648200000686238,2.370787920067441
P03,L2,L2_2k,2k,NR,200,kappa,6.556315281674592,7.8359289118482645,1.2796136301736727,-0.024648200000686238,2.370787920067441
P03,L2,L2_2k,2k,NR,250,kappa,6.556315281674592,7.8359289118482645,1.2796136301736727,-0.024648200000686238,2.370787920067441
P03,L2,L2_2k,2k,NR,300,kappa,6.556315281674592,7.8359289118482645,1.2796136301736727,-0.024648200000686238,2.370787920067441
P03,L2,L2_2k,2k,NR,350,kappa,6.556315281674592,7.8359289118482645,1.2796136301736727,-0.024648200000686238,2.370787920067441
P03,L2,L2_2k,2k,R,50,kappa,27.356295905014143,32.73542729633616,5.379131391322019,0.6875502417595456,9.491171069610978
P03,L2,L2_2k,2k,R,100,kappa,27.356295905014143,32.73542729633616,5.379131391322019,0.6875502417595456,9.491171069610978
P03,L2,L2_2k,2k,R,150,kappa,27.356295905014143,32.73542729633616,5.379131391322019,0.6875502417595456,9.491171069610978
P03,L2,L2_2k,2k,R,200,kappa,27.356295905014143,32.73542729633616,5.379131391322019,0.6875502417595456,9.491171069610978
P03,L2,L2_2k,2k,R,250,kappa,27.356295905014143,32.73542729633616,5.379131391322019,0.6875502417595456,9.491171069610978
P03,L2,L2_2k,2k,R,300,kappa,27.356295905014143,32.73542729633616,5.379131391322019,0.6875502417595456,9.491171069610978
P03,L2,L2_2k,2k,R,350,kappa,27.356295905014143,32.73542729633616,5.379131391322019,0.6875502417595456,9.491171069610978
P04,L0,L0_14k,14k,NR,50,kappa,0.7360769604792152,0.7089336040864015,-0.027143356392813733,-0.22300705798464793,0.15390700494101484
P04,L0,L0_14k,14k,NR,100,kappa,0.8740780415242855,0.8421797623735989,-0.03189827915068655,-0.24257805311530967,0.16062277266410274
P04,L0,L0_14k,14k,NR,150,kappa,0.7418344863569621,0.7136218506320864,-0.028212635724875756,-0.22201678736870067,0.1494668282452345
P04,L0,L0_14k,14k,NR,200,kappa,0.932026977877056,0.8969392014098372,-0.035087776467218834,-0.2586208267482617,0.16487638003586147
P04,L0,L0_14k,14k,NR,250,kappa,0.9060500234682995,0.8728132909641179,-0.03323673250418169,-0.24384205546227944,0.1633841140578759
P04,L0,L0_14k,14k,NR,300,kappa,1.377436516571263,1.324635781194658,-0.0528007353766049,-0.3144878989141271,0.19378820890422022
P04,L0,L0_14k,14k,NR,350,kappa,1.2859079568086855,1.239563223610509,-0.04634473319817656,-0.3047826863285028,0.18180293725993657
P04,L0,L0_14k,14k,R,50,kappa,3.0477336536292152,2.9365925688063466,-0.11114108482286866,-0.6394319200912357,0.353274214799733
P04,L0,L0_14k,14k,R,100,kappa,3.744694356959659,3.6120632904363728,-0.13263106652328638,-0.8183517252628434,0.43582982469745346
P04,L0,L0_14k,14k,R,150,kappa,5.95216786499735,5.739135891005174,-0.21303197399217666,-1.329709791628642,0.7482309086262706
P04,L0,L0_14k,14k,R,200,kappa,4.861139862720499,4.68518399956813,-0.17595586315236922,-1.0254138778915083,0.5587425440155718
P04,L0,L0_14k,14k,R,250,kappa,4.421502188556346,4.258922616680639,-0.16257957187570682,-0.9746846307140675,0.5418084049158316
P04,L0,L0_14k,14k,R,300,kappa,3.4546677927798832,3.3251361911311803,-0.12953160164870292,-0.7286332838830938,0.40184482256155807
P04,L0,L0_14k,14k,R,350,kappa,3.914855033397779,3.770482828577406,-0.14437220482037283,-0.8444521222066488,0.48429385222489296
P04,L0,L0_2k,2k,NR,50,kappa,0.754452249800649,0.8970460538929579,0.14259380409230893,0.03514131515249863,0.24382234205587816
P04,L0,L0_2k,2k,NR,100,kappa,0.754452249800649,0.8970460538929579,0.14259380409230893,0.03514131515249863,0.24382234205587816
P04,L0,L0_2k,2k,NR,150,kappa,0.754452249800649,0.8970460538929579,0.14259380409230893,0.03514131515249863,0.24382234205587816
P04,L0,L0_2k,2k,NR,200,kappa,0.754452249800649,0.8970460538929579,0.14259380409230893,0.03514131515249863,0.24382234205587816
P04,L0,L0_2k,2k,NR,250,kappa,0.754452249800649,0.8970460538929579,0.14259380409230893,0.03514131515249863,0.24382234205587816
P04,L0,L0_2k,2k,NR,300,kappa,0.754452249800649,0.8970460538929579,0.14259380409230893,0.03514131515249863,0.24382234205587816
P04,L0,L0_2k,2k,NR,350,kappa,0.754452249800649,0.8970460538929579,0.14259380409230893,0.03514131515249863,0.24382234205587816
P04,L0,L0_2k,2k,R,50,kappa,3.3717456262455796,4.006959943908991,0.6352143176634115,0.2098387830238968,1.0197545932320047
P04,L0,L0_2k,2k,R,100,kappa,3.3717456262455796,4.006959943908991,0.6352143176634115,0.2098387830238968,1.0197545932320047
P04,L0,L0_2k,2k,R,150,kappa,3.3717456262455796,4.006959943908991,0.6352143176634115,0.2098387830238968,1.0197545932320047
P04,L0,L0_2k,2k,R,200,kappa,3.3717456262455796,4.006959943908991,0.6352143176634115,0.2098387830238968,1.0197545932320047
P04,L0,L0_2k,2k,R,250,kappa,3.3717456262455796,4.006959943908991,0.6352143176634115,0.2098387830238968,1.0197545932320047
P04,L0,L0_2k,2k,R,300,kappa,3.3717456262455796,4.006959943908991,0.6352143176634115,0.2098387830238968,1.0197545932320047
P04,L0,L0_2k,2k,R,350,kappa,3.3717456262455796,4.006959943908991,0.6352143176634115,0.2098387830238968,1.0197545932320047
P04,L1,L1_14k,14k,NR,50,kappa,3.022006456464135,3.8472503509734906,0.8252438945093554,-2.84165477384992,2.5633757549768097
P04,L1,L1_14k,14k,NR,100,kappa,1.9780797779104233,2.5307282801458166,0.5526485022353933,-0.5583571893284875,1.3419150852242991
P04,L1,L1_14k,14k,NR,150,kappa,4.1406391103554485,5.330520325255947,1.189881214900499,-2.0283027959692683,3.203930196460651
P04,L1,L1_14k,14k,NR,200,kappa,2.915748030708065,3.753662262130897,0.8379142314228316,-1.1257465744255803,2.0658994785808975
P04,L1,L1_14k,14k,NR,250,kappa,2.26920677038711,2.9230222256590572,0.6538154552719471,-1.7657605483657282,1.9997053361012709
P04,L1,L1_14k,14k,NR,300,kappa,2.2971239660116924,2.9378537308493726,0.6407297648376802,-0.7095213301759591,1.5623464544327492
P04,L1,L1_14k,14k,NR,350,kappa,2.6705073823157903,3.4139697201130446,0.7434623377972542,-0.8041648383999886,1.7859393492536668
P04,L1,L1_14k,14k,R,50,kappa,8.604264909156301,11.073903009997885,2.4696381008415837,-0.6391149277079613,4.62174331386618
P04,L1,L1_14k,14k,R,100,kappa,10.031863727689336,12.870533458025545,2.8386697303362087,-0.2752785045159012,5.120989708385935
P04,L1,L1_14k,14k,R,150,kappa,8.439915954349747,10.796658845119392,2.3567428907696453,-0.06876576520954458,4.244036149895415
P04,L1,L1_14k,14k,R,200,kappa,8.517766002489779,10.912224068214943,2.394458065725164,-0.18212842952729424,4.308284963385519
P04,L1,L1_14k,14k,R,250,kappa,10.837087741962296,13.88856389374892,3.0514761517866233,-0.1333812796834657,5.462809474686248
P04,L1,L1_14k,14k,R,300,kappa,10.485926767192737,13.453212439173994,2.967285671981257,-0.2025760594020216,5.436380863344979
P04,L1,L1_14k,14k,R,350,kappa,7.188048384681601,9.21789824031374,2.02984985563214,-0.18072228452775008,3.6778026657439105
P04,L1,L1_2k,2k,NR,50,kappa,1.3947897403200962,1.9899893467784335,0.5951996064583374,0.037558363924124594,0.988366034864967
P04,L1,L1_2k,2k,NR,100,kappa,1.3947897403200962,1.9899893467784335,0.5951996064583374,0.037558363924124594,0.988366034864967
P04,L1,L1_2k,2k,NR,150,kappa,1.3947897403200962,1.9899893467784335,0.5951996064583374,0.037558363924124594,0.988366034864967
P04,L1,L1_2k,2k,NR,200,kappa,1.3947897403200962,1.9899893467784335,0.5951996064583374,0.037558363924124594,0.988366034864967
P04,L1,L1_2k,2k,NR,250,kappa,1.3947897403200962,1.9899893467784335,0.5951996064583374,0.037558363924124594,0.988366034864967
P04,L1,L1_2k,2k,NR,300,kappa,1.3947897403200962,1.9899893467784335,0.5951996064583374,0.037558363924124594,0.988366034864967
P04,L1,L1_2k,2k,NR,350,kappa,1.3947897403200962,1.9899893467784335,0.5951996064583374,0.037558363924124594,0.988366034864967
P04,L1,L1_2k,2k,R,50,kappa,8.204511206931164,11.628188520509248,3.423677313578084,1.778406992884209,4.756994247401554
P04,L1,L1_2k,2k,R,100,kappa,8.204511206931164,11.628188520509248,3.423677313578084,1.778406992884209,4.756994247401554
P04,L1,L1_2k,2k,R,150,kappa,8.204511206931164,11.628188520509248,3.423677313578084,1.778406992884209,4.756994247401554
P04,L1,L1_2k,2k,R,200,kappa,8.204511206931164,11.628188520509248,3.423677313578084,1.778406992884209,4.756994247401554
P04,L1,L1_2k,2k,R,250,kappa,8.204511206931164,11.628188520509248,3.423677313578084,1.778406992884209,4.756994247401554
P04,L1,L1_2k,2k,R,300,kappa,8.204511206931164,11.628188520509248,3.423677313578084,1.778406992884209,4.756994247401554
P04,L1,L1_2k,2k,R,350,kappa,8.204511206931164,11.628188520509248,3.423677313578084,1.778406992884209,4.756994247401554
P04,L2,L2_14k,14k,NR,50,kappa,3.3170563565521043,3.9979822490900747,0.6809258925379704,-3.110397602858422,2.4475387745015977
P04,L2,L2_14k,14k,NR,100,kappa,2.1542743162212097,2.6041766760887097,0.44990235986750005,-0.7344087855346273,1.2715903366851102
P04,L2,L2_14k,14k,NR,150,kappa,4.13705921214113,5.014880962316904,0.8778217501757739,-2.258645951974959,2.809836570066287
P04,L2,L2_14k,14k,NR,200,kappa,3.0590655699201412,3.6983262336200253,0.6392606636998841,-1.5661418672533296,1.939382414123362
P04,L2,L2_14k,14k,NR,250,kappa,2.40628080734022,2.9273770773906205,0.5210962700504003,-1.9154033027370994,1.7649450005083545
P04,L2,L2_14k,14k,NR,300,kappa,2.507667202197781,3.046909330079065,0.539242127881284,-0.9423100416521555,1.4978588649690263
P04,L2,L2_14k,14k,NR,350,kappa,2.902789729499039,3.5146635948364677,0.6118738653374289,-0.9213585875285215,1.6549766866300066
P04,L2,L2_14k,14k,R,50,kappa,9.150627443533281,11.090239088106733,1.9396116445734517,-0.9966441233469201,4.126445596995301
P04,L2,L2_14k,14k,R,100,kappa,10.530210855307217,12.7631884238655,2.232977568558283,-0.8299201256531159,4.610706305333855
P04,L2,L2_14k,14k,R,150,kappa,9.120208357321307,11.027525104309259,1.9073167469879522,-0.6045571862759829,3.9163954205366904
P04,L2,L2_14k,14k,R,200,kappa,8.982794271471125,10.895840600407595,1.9130463289364705,-0.8147147587430172,3.9290310100253265
P04,L2,L2_14k,14k,R,250,kappa,11.385466800972662,13.812254219702721,2.4267874187300595,-0.7698129242913314,4.916564164000281
P04,L2,L2_14k,14k,R,300,kappa,11.023655350210792,13.365491699549821,2.3418363493390295,-1.0360999616434956,4.889719172899303
P04,L2,L2_14k,14k,R,350,kappa,7.743772717182027,9.386879493237874,1.6431067760558467,-0.6477814343609936,3.3869983623804014
P04,L2,L2_2k,2k,NR,50,kappa,1.6981767491870152,2.2521825058127627,0.5540057566257475,-0.04272075070295811,0.9999117395882029
P04,L2,L2_2k,2k,NR,100,kappa,1.6981767491870152,2.2521825058127627,0.5540057566257475,-0.04272075070295811,0.9999117395882029
P04,L2,L2_2k,2k,NR,150,kappa,1.6981767491870152,2.2521825058127627,0.5540057566257475,-0.04272075070295811,0.9999117395882029
P04,L2,L2_2k,2k,NR,200,kappa,1.6981767491870152,2.2521825058127627,0.5540057566257475,-0.04272075070295811,0.9999117395882029
P04,L2,L2_2k,2k,NR,250,kappa,1.6981767491870152,2.2521825058127627,0.5540057566257475,-0.04272075070295811,0.9999117395882029
P04,L2,L2_2k,2k,NR,300,kappa,1.6981767491870152,2.2521825058127627,0.5540057566257475,-0.04272075070295811,0.9999117395882029
P04,L2,L2_2k,2k,NR,350,kappa,1.6981767491870152,2.2521825058127627,0.5540057566257475,-0.04272075070295811,0.9999117395882029
P04,L2,L2_2k,2k,R,50,kappa,8.889971556262903,11.78229699145159,2.8923254351886865,1.1522772916588195,4.364379880185011
P04,L2,L2_2k,2k,R,100,kappa,8.889971556262903,11.78229699145159,2.8923254351886865,1.1522772916588195,4.364379880185011
P04,L2,L2_2k,2k,R,150,kappa,8.889971556262903,11.78229699145159,2.8923254351886865,1.1522772916588195,4.364379880185011
P04,L2,L2_2k,2k,R,200,kappa,8.889971556262903,11.78229699145159,2.8923254351886865,1.1522772916588195,4.364379880185011
P04,L2,L2_2k,2k,R,250,kappa,8.889971556262903,11.78229699145159,2.8923254351886865,1.1522772916588195,4.364379880185011
P04,L2,L2_2k,2k,R,300,kappa,8.889971556262903,11.78229699145159,2.8923254351886865,1.1522772916588195,4.364379880185011
P04,L2,L2_2k,2k,R,350,kappa,8.889971556262903,11.78229699145159,2.8923254351886865,1.1522772916588195,4.364379880185011
P01,L0,L0_14k,14k,NR,50,gamma,NA,NA,NA,NA,NA
P01,L0,L0_14k,14k,NR,100,gamma,NA,NA,NA,NA,NA
P01,L0,L0_14k,14k,NR,150,gamma,NA,NA,NA,NA,NA
P01,L0,L0_14k,14k,NR,200,gamma,NA,NA,NA,NA,NA
P01,L0,L0_14k,14k,NR,250,gamma,NA,NA,NA,NA,NA
P01,L0,L0_14k,14k,NR,300,gamma,NA,NA,NA,NA,NA
P01,L0,L0_14k,14k,NR,350,gamma,NA,NA,NA,NA,NA
P01,L0,L0_14k,14k,R,50,gamma,NA,NA,NA,NA,NA
P01,L0,L0_14k,14k,R,100,gamma,NA,NA,NA,NA,NA
P01,L0,L0_14k,14k,R,150,gamma,NA,NA,NA,NA,NA
P01,L0,L0_14k,14k,R,200,gamma,NA,NA,NA,NA,NA
P01,L0,L0_14k,14k,R,250,gamma,NA,NA,NA,NA,NA
P01,L0,L0_14k,14k,R,300,gamma,NA,NA,NA,NA,NA
P01,L0,L0_14k,14k,R,350,gamma,NA,NA,NA,NA,NA
P01,L0,L0_2k,2k,NR,50,gamma,NA,NA,NA,NA,NA
P01,L0,L0_2k,2k,NR,100,gamma,NA,NA,NA,NA,NA
P01,L0,L0_2k,2k,NR,150,gamma,NA,NA,NA,NA,NA
P01,L0,L0_2k,2k,NR,200,gamma,NA,NA,NA,NA,NA
P01,L0,L0_2k,2k,NR,250,gamma,NA,NA,NA,NA,NA
P01,L0,L0_2k,2k,NR,300,gamma,NA,NA,NA,NA,NA
P01,L0,L0_2k,2k,NR,350,gamma,NA,NA,NA,NA,NA
P01,L0,L0_2k,2k,R,50,gamma,NA,NA,NA,NA,NA
P01,L0,L0_2k,2k,R,100,gamma,NA,NA,NA,NA,NA
P01,L0,L0_2k,2k,R,150,gamma,NA,NA,NA,NA,NA
P01,L0,L0_2k,2k,R,200,gamma,NA,NA,NA,NA,NA
P01,L0,L0_2k,2k,R,250,gamma,NA,NA,NA,NA,NA
P01,L0,L0_2k,2k,R,300,gamma,NA,NA,NA,NA,NA
P01,L0,L0_2k,2k,R,350,gamma,NA,NA,NA,NA,NA
P01,L1,L1_14k,14k,NR,50,gamma,0.23121151300421117,0.2319494794915951,7.379664873839453e-4,-0.10758845376453102,0.11767004948613025
P01,L1,L1_14k,14k,NR,100,gamma,0.1931008734081715,0.19391455042947198,8.13677021300474e-4,-0.08573273818018573,0.07504449229521885
P01,L1,L1_14k,14k,NR,150,gamma,0.32811654172320465,0.33059697000542626,0.002480428282221614,-0.10003685498285098,0.09789506526824068
P01,L1,L1_14k,14k,NR,200,gamma,0.2617354729332249,0.26355905288749837,0.0018235799542734576,-0.09380540902126816,0.08540679099151866
P01,L1,L1_14k,14k,NR,250,gamma,0.2734379397513902,0.2754367024007228,0.0019987626493326305,-0.08903235524721648,0.08010308462143839
P01,L1,L1_14k,14k,NR,300,gamma,0.17594705581942488,0.1768381034456188,8.910476261939082e-4,-0.08541512500237086,0.07350664551341829
P01,L1,L1_14k,14k,NR,350,gamma,0.17448301314554016,0.17631634369387844,0.0018333305483382856,-0.07940992457831764,0.06785817636809825
P01,L1,L1_14k,14k,R,50,gamma,0.05492055013611222,0.05532538628942679,4.04836153314575e-4,-0.039366242583597805,0.025988477588571472
P01,L1,L1_14k,14k,R,100,gamma,0.08252978573408024,0.0833156810199038,7.858952858235679e-4,-0.04917570319888004,0.035692584711982
P01,L1,L1_14k,14k,R,150,gamma,0.05381182383941642,0.054134688667077824,3.228648276614038e-4,-0.03780642922920882,0.025889460431670473
P01,L1,L1_14k,14k,R,200,gamma,0.04799094810715859,0.04826099501288819,2.7004690572959844e-4,-0.03819311287957716,0.025138139939474037
P01,L1,L1_14k,14k,R,250,gamma,0.027356272817421347,0.027604089565187746,2.478167477663988e-4,-0.026945096208110555,0.016003788581494212
P01,L1,L1_14k,14k,R,300,gamma,0.033518194919762434,0.03406236611140259,5.441711916401581e-4,-0.030165849830846456,0.0194190643208398
P01,L1,L1_14k,14k,R,350,gamma,0.02512106273736124,0.025437245878772444,3.161831414112033e-4,-0.028334585444713335,0.015624964601965078
P01,L1,L1_2k,2k,NR,50,gamma,0.28622998840703556,0.30614365007793987,0.019913661670904304,-0.07301907540702518,0.09896601793524448
P01,L1,L1_2k,2k,NR,100,gamma,0.20271275418203566,0.21850234740300742,0.01578959322097176,-0.06134404539185437,0.08050324105284462
P01,L1,L1_2k,2k,NR,150,gamma,0.3056162127752627,0.3259462072845786,0.02032999450931594,-0.07035281754346484,0.10040918746857824
P01,L1,L1_2k,2k,NR,200,gamma,0.23982000133212,0.25750351522257253,0.01768351389045253,-0.06777916971780318,0.08893819335161399
P01,L1,L1_2k,2k,NR,250,gamma,0.24308126223757884,0.26152518279050896,0.01844392055293012,-0.06241308025517989,0.08725623756764384
P01,L1,L1_2k,2k,NR,300,gamma,0.1727930174755592,0.18680699383297325,0.014013976357414054,-0.06030844791095952,0.07266463961481802
P01,L1,L1_2k,2k,NR,350,gamma,0.1571899314632862,0.1704432401396036,0.01325330867631741,-0.05607913253529043,0.06849017396657547
P01,L1,L1_2k,2k,R,50,gamma,0.06248879206903046,0.06840609389344006,0.005917301824409596,-0.03673620004213066,0.034489903990060695
P01,L1,L1_2k,2k,R,100,gamma,0.09320369733178979,0.10108939076546103,0.007885693433671237,-0.043042239837180585,0.04517811981261602
P01,L1,L1_2k,2k,R,150,gamma,0.05513504099556247,0.06015944442654486,0.005024403430982392,-0.03122993498791035,0.0301910970446093
P01,L1,L1_2k,2k,R,200,gamma,0.04211310832488213,0.046015760206818114,0.0039026518819359826,-0.02908699687596302,0.025287130820489247
P01,L1,L1_2k,2k,R,250,gamma,0.022475172179601023,0.024406053573967953,0.0019308813943669303,-0.020664671478546198,0.01526410035849579
P01,L1,L1_2k,2k,R,300,gamma,0.03569999693019796,0.039030697034912465,0.003330700104714507,-0.0265449317464706,0.02220910404467687
P01,L1,L1_2k,2k,R,350,gamma,0.026931623859836475,0.029473293026910607,0.002541669167074132,-0.02652403229085649,0.01901738811262075
P01,L2,L2_14k,14k,NR,50,gamma,0.09619541283705696,0.06732478477830556,-0.028870628058751402,-0.18866186510040622,0.04713976979522318
P01,L2,L2_14k,14k,NR,100,gamma,0.15313212955019806,0.10698931603125947,-0.04614281351893859,-0.16086414806306756,0.05002810383240255
P01,L2,L2_14k,14k,NR,150,gamma,0.23282852354916214,0.17101335458579003,-0.06181516896337211,-0.21944578725361163,0.08092947918820731
P01,L2,L2_14k,14k,NR,200,gamma,0.2398261090632533,0.17472603504665707,-0.06510007401659623,-0.19589289330547754,0.06571071721639564
P01,L2,L2_14k,14k,NR,250,gamma,0.27269917598542776,0.20223064174624789,-0.07046853423917987,-0.18677682626246622,0.05180128540956547
P01,L2,L2_14k,14k,NR,300,gamma,0.05389920098655297,0.036806955282366216,-0.017092245704186756,-0.10911218384548046,0.023714861829656514
P01,L2,L2_14k,14k,NR,350,gamma,0.10816179749047383,0.0747111704768671,-0.03345062701360674,-0.14583079782361227,0.04297685446487455
P01,L2,L2_14k,14k,R,50,gamma,0.043132678792684745,0.029460478098024656,-0.013672200694660089,-0.06256722091391297,0.014682318241028645
P01,L2,L2_14k,14k,R,100,gamma,0.05767986433075054,0.03920093131679604,-0.0184789330139545,-0.08046150656448234,0.020492420409307266
P01,L2,L2_14k,14k,R,150,gamma,0.05165185729812805,0.03514840806803401,-0.016503449230094044,-0.06577244004381905,0.014671603380706461
P01,L2,L2_14k,14k,R,200,gamma,0.04543513338438396,0.030977234456700593,-0.014457898927683364,-0.061995526225641105,0.01449772236316551
P01,L2,L2_14k,14k,R,250,gamma,0.034548011559590426,0.023176484010913875,-0.011371527548676551,-0.046330610949320825,0.010060545181137566
P01,L2,L2_14k,14k,R,300,gamma,0.03641038385566979,0.024957509553683394,-0.011452874301986396,-0.05139816413261908,0.011311891253705204
P01,L2,L2_14k,14k,R,350,gamma,0.021310214115044208,0.014327526872215411,-0.006982687242828797,-0.03989935512404961,0.008313648417797399
P01,L2,L2_2k,2k,NR,50,gamma,0.1447261068218815,0.110642728227669,-0.034083378594212496,-0.20261630998566382,0.07328847459696311
P01,L2,L2_2k,2k,NR,100,gamma,0.16313763130531997,0.12458708519301985,-0.03855054611230012,-0.14903644200469018,0.054961289147260214
P01,L2,L2_2k,2k,NR,150,gamma,0.2089011765116865,0.16342274778416677,-0.045478428727519726,-0.1952156862275563,0.07940531268939953
P01,L2,L2_2k,2k,NR,200,gamma,0.2142347620944262,0.1656913278597851,-0.04854343423464111,-0.16818826512355947,0.06638162974533328
P01,L2,L2_2k,2k,NR,250,gamma,0.236029462367163,0.18379712502428078,-0.05223233734288221,-0.16785732049503874,0.06647374372674565
P01,L2,L2_2k,2k,NR,300,gamma,0.049842778974290895,0.036495403507813606,-0.013347375466477289,-0.10708482971481986,0.02465895321521397
P01,L2,L2_2k,2k,NR,350,gamma,0.09827757435168727,0.07347351590287028,-0.024804058448816987,-0.12492891508674926,0.043143609452743675
P01,L2,L2_2k,2k,R,50,gamma,0.054126395353582,0.039596005454775596,-0.014530389898806402,-0.06680045923292802,0.018486707675362125
P01,L2,L2_2k,2k,R,100,gamma,0.07282563240018174,0.05373169359403923,-0.019093938806142505,-0.08403761799758011,0.024804275023032507
P01,L2,L2_2k,2k,R,150,gamma,0.05553382234348386,0.041002916021149666,-0.014530906322334197,-0.06416100353654088,0.017765222382880967
P01,L2,L2_2k,2k,R,200,gamma,0.039474106341502946,0.02907308879238358,-0.010401017549119367,-0.052913238355505314,0.014457016421970757
P01,L2,L2_2k,2k,R,250,gamma,0.02730149592131563,0.01963054312832485,-0.007670952792990779,-0.039203875230821736,0.010001245976574034
P01,L2,L2_2k,2k,R,300,gamma,0.03952298583492811,0.029055445689221547,-0.010467540145706562,-0.05027233588754696,0.013575716076647447
P01,L2,L2_2k,2k,R,350,gamma,0.02108140995785214,0.015265985492415611,-0.005815424465436529,-0.037856195100504066,0.009263737879019407
P02,L0,L0_14k,14k,NR,50,gamma,NA,NA,NA,NA,NA
P02,L0,L0_14k,14k,NR,100,gamma,NA,NA,NA,NA,NA
P02,L0,L0_14k,14k,NR,150,gamma,NA,NA,NA,NA,NA
P02,L0,L0_14k,14k,NR,200,gamma,NA,NA,NA,NA,NA
P02,L0,L0_14k,14k,NR,250,gamma,NA,NA,NA,NA,NA
P02,L0,L0_14k,14k,NR,300,gamma,NA,NA,NA,NA,NA
P02,L0,L0_14k,14k,NR,350,gamma,NA,NA,NA,NA,NA
P02,L0,L0_14k,14k,R,50,gamma,NA,NA,NA,NA,NA
P02,L0,L0_14k,14k,R,100,gamma,NA,NA,NA,NA,NA
P02,L0,L0_14k,14k,R,150,gamma,NA,NA,NA,NA,NA
P02,L0,L0_14k,14k,R,200,gamma,NA,NA,NA,NA,NA
P02,L0,L0_14k,14k,R,250,gamma,NA,NA,NA,NA,NA
P02,L0,L0_14k,14k,R,300,gamma,NA,NA,NA,NA,NA
P02,L0,L0_14k,14k,R,350,gamma,NA,NA,NA,NA,NA
P02,L0,L0_2k,2k,NR,50,gamma,NA,NA,NA,NA,NA
P02,L0,L0_2k,2k,NR,100,gamma,NA,NA,NA,NA,NA
P02,L0,L0_2k,2k,NR,150,gamma,NA,NA,NA,NA,NA
P02,L0,L0_2k,2k,NR,200,gamma,NA,NA,NA,NA,NA
P02,L0,L0_2k,2k,NR,250,gamma,NA,NA,NA,NA,NA
P02,L0,L0_2k,2k,NR,300,gamma,NA,NA,NA,NA,NA
P02,L0,L0_2k,2k,NR,350,gamma,NA,NA,NA,NA,NA
P02,L0,L0_2k,2k,R,50,gamma,NA,NA,NA,NA,NA
P02,L0,L0_2k,2k,R,100,gamma,NA,NA,NA,NA,NA
P02,L0,L0_2k,2k,R,150,gamma,NA,NA,NA,NA,NA
P02,L0,L0_2k,2k,R,200,gamma,NA,NA,NA,NA,NA
P02,L0,L0_2k,2k,R,250,gamma,NA,NA,NA,NA,NA
P02,L0,L0_2k,2k,R,300,gamma,NA,NA,NA,NA,NA
P02,L0,L0_2k,2k,R,350,gamma,NA,NA,NA,NA,NA
P02,L1,L1_14k,14k,NR,50,gamma,0.19363397814650485,0.1490549308841309,-0.04457904726237394,-0.1441347690813744,0.038979817790610605
P02,L1,L1_14k,14k,NR,100,gamma,0.19847602059665723,0.15411455613006436,-0.044361464466592865,-0.1270811525727245,0.023590367910095583
P02,L1,L1_14k,14k,NR,150,gamma,0.18574011784031974,0.14216438702661557,-0.04357573081370417,-0.13975963826583712,0.04055266734620923
P02,L1,L1_14k,14k,NR,200,gamma,0.14490727660989527,0.10993984247849868,-0.034967434131396594,-0.12041614663279009,0.03389236529117298
P02,L1,L1_14k,14k,NR,250,gamma,0.0877139552445502,0.06428410808903492,-0.02342984715551527,-0.10689494049781667,0.04190239123494194
P02,L1,L1_14k,14k,NR,300,gamma,0.10848151326692815,0.08181105771907815,-0.026670455547849997,-0.08526036886278646,0.018252082046617393
P02,L1,L1_14k,14k,NR,350,gamma,0.23142636141926204,0.1809931273161698,-0.05043323410309225,-0.13849929827821833,0.024630693741203746
P02,L1,L1_14k,14k,R,50,gamma,0.07913638757385627,0.05901530656357952,-0.02012108101027675,-0.06936280915890751,0.013154837777411617
P02,L1,L1_14k,14k,R,100,gamma,0.09519121728760604,0.07163009216951532,-0.02356112511809072,-0.08343008257613613,0.017358160715137287
P02,L1,L1_14k,14k,R,150,gamma,0.0432247362844545,0.03180475103077464,-0.011419985253679862,-0.05296124737671268,0.013656058829137837
P02,L1,L1_14k,14k,R,200,gamma,0.04359124968053105,0.03174881287367383,-0.011842436806857218,-0.04800150806837829,0.01150060303174769
P02,L1,L1_14k,14k,R,250,gamma,0.014913611111581317,0.010906196185868567,-0.00400741492571275,-0.026520106878651393,0.006431341473001886
P02,L1,L1_14k,14k,R,300,gamma,0.05262558133171889,0.0389635920807057,-0.013661989251013196,-0.05858940806550218,0.013972280206547075
P02,L1,L1_14k,14k,R,350,gamma,0.037623528662975234,0.027663314786924156,-0.009960213876051078,-0.043482200410581096,0.01041559035612663
P02,L1,L1_2k,2k,NR,50,gamma,0.23456760603975824,0.18265246402223503,-0.0519151420175232,-0.14127100608967488,0.02066892742642598
P02,L1,L1_2k,2k,NR,100,gamma,0.18813724226132553,0.14454508639005836,-0.04359215587126716,-0.12041172224717522,0.01899380079477686
P02,L1,L1_2k,2k,NR,150,gamma,0.21907703208833004,0.17017397137081045,-0.0489030607175196,-0.1368816576582033,0.019522693231559363
P02,L1,L1_2k,2k,NR,200,gamma,0.16635869519201268,0.12693506003720895,-0.03942363515480374,-0.11645053612845493,0.02104137363132637
P02,L1,L1_2k,2k,NR,250,gamma,0.1417851734161328,0.10717550958463015,-0.03460966383150266,-0.10843035718585534,0.022581803022622
P02,L1,L1_2k,2k,NR,300,gamma,0.08558258088083068,0.06376619878710824,-0.021816382093722442,-0.07619671353826887,0.01750142973141467
P02,L1,L1_2k,2k,NR,350,gamma,0.19115630446879286,0.1460719364269888,-0.045084368041804074,-0.12201343515236801,0.016721831866390535
P02,L1,L1_2k,2k,R,50,gamma,0.08361489673350986,0.06254583196362064,-0.02106906476988922,-0.07041928995878256,0.012904904918036801
P02,L1,L1_2k,2k,R,100,gamma,0.08808795824813676,0.0655863199872907,-0.022501638260846057,-0.07437822498394839,0.015068549437321818
P02,L1,L1_2k,2k,R,150,gamma,0.044683408046097106,0.03257690509510967,-0.012106502950987433,-0.05037251604456264,0.012087457446804211
P02,L1,L1_2k,2k,R,200,gamma,0.042892677890107825,0.03158669935261863,-0.011305978537489193,-0.048218934042432555,0.011482177086640764
P02,L1,L1_2k,2k,R,250,gamma,0.012707381372757284,0.009215716713374681,-0.0034916646593826026,-0.02336755101899966,0.005341026598339757
P02,L1,L1_2k,2k,R,300,gamma,0.0569104377156282,0.04176265035606002,-0.015147787359568177,-0.05775433116386735,0.01427707130029696
P02,L1,L1_2k,2k,R,350,gamma,0.03770303874795072,0.027845668679421554,-0.00985737006852917,-0.043150362724499014,0.010390625845309115
P02,L2,L2_14k,14k,NR,50,gamma,0.0983969415946572,0.06903888330000552,-0.029358058294651684,-0.16960546126460338,0.046072718639179694
P02,L2,L2_14k,14k,NR,100,gamma,0.1554225395708972,0.10853807495052323,-0.04688446462037396,-0.16192314396360682,0.0498825975462262
P02,L2,L2_14k,14k,NR,150,gamma,0.15860832799750768,0.10903561290460705,-0.049572715092900635,-0.1772757386013945,0.06290773251818821
P02,L2,L2_14k,14k,NR,200,gamma,0.06036515611012465,0.04191129631397342,-0.01845385979615123,-0.12408772674437368,0.027690115434110013
P02,L2,L2_14k,14k,NR,250,gamma,0.09645449737206008,0.06393930859780902,-0.03251518877425105,-0.133000380390874,0.03774113251879356
P02,L2,L2_14k,14k,NR,300,gamma,0.05812744303406364,0.03892423962070449,-0.019203203413359154,-0.09193870316379665,0.02108984581750037
P02,L2,L2_14k,14k,NR,350,gamma,0.11716028122525157,0.08271178370040724,-0.03444849752484433,-0.15416856062210774,0.04313759556560936
P02,L2,L2_14k,14k,R,50,gamma,0.05097410691368813,0.033528131158963886,-0.017445975754724244,-0.07858453414289576,0.015604576845294288
P02,L2,L2_14k,14k,R,100,gamma,0.08770235275326049,0.05783449742680661,-0.029867855326453883,-0.1083863206480486,0.028587443174488622
P02,L2,L2_14k,14k,R,150,gamma,0.04868330930385636,0.03160108328188253,-0.017082226021973825,-0.06965771085225168,0.014666410640764634
P02,L2,L2_14k,14k,R,200,gamma,0.039556940592452454,0.025547617784070584,-0.01400932280838187,-0.0612304047536278,0.013279121494925489
P02,L2,L2_14k,14k,R,250,gamma,0.02223706699725897,0.01434395069910488,-0.00789311629815409,-0.03853905539781408,0.007179440489782277
P02,L2,L2_14k,14k,R,300,gamma,0.04797325100950213,0.031359704651556124,-0.016613546357946006,-0.0729798094467475,0.01561256875600774
P02,L2,L2_14k,14k,R,350,gamma,0.03590207075360398,0.023101717194723613,-0.012800353558880366,-0.05511500604925917,0.011274478754227895
P02,L2,L2_2k,2k,NR,50,gamma,0.13325681444240953,0.09552415904208336,-0.037732655400326165,-0.17498772871203458,0.05938428276463802
P02,L2,L2_2k,2k,NR,100,gamma,0.14768627536878437,0.10355887218570273,-0.04412740318308164,-0.1557450982109481,0.048197366066256964
P02,L2,L2_2k,2k,NR,150,gamma,0.21174453350157874,0.14954862564038107,-0.062195907861197663,-0.17518676367967873,0.05107094992543419
P02,L2,L2_2k,2k,NR,200,gamma,0.06259975396296538,0.04373181034479596,-0.018867943618169424,-0.12433232353834459,0.02893958431690518
P02,L2,L2_2k,2k,NR,250,gamma,0.1557107471991317,0.10763667157030668,-0.048074075628825014,-0.13709621415509893,0.027450247365948352
P02,L2,L2_2k,2k,NR,300,gamma,0.047463448581386,0.031971906367823134,-0.015491542213562866,-0.08221757404485935,0.018949352135241508
P02,L2,L2_2k,2k,NR,350,gamma,0.08413759809215085,0.05842890720324085,-0.02570869088891,-0.12959964446303401,0.034470863151535996
P02,L2,L2_2k,2k,R,50,gamma,0.05554867917308348,0.03706246715115655,-0.018486212021926934,-0.07800402718816674,0.01651441947317052
P02,L2,L2_2k,2k,R,100,gamma,0.08056019146144065,0.053291599884334684,-0.02726859157710597,-0.0952196825256047,0.0237363665726832
P02,L2,L2_2k,2k,R,150,gamma,0.048958323534811075,0.032087154986941056,-0.01687116854787002,-0.06709017076964516,0.013567158536482615
P02,L2,L2_2k,2k,R,200,gamma,0.03906937386217066,0.025434208652858004,-0.013635165209312655,-0.059715670163542706,0.013322119620971322
P02,L2,L2_2k,2k,R,250,gamma,0.019952894450541617,0.012790011579898036,-0.00716288287064358,-0.03525186120364567,0.006278966109652289
P02,L2,L2_2k,2k,R,300,gamma,0.051028501678218964,0.03353935322272493,-0.017489148455494034,-0.07320471893898542,0.016699424671851194
P02,L2,L2_2k,2k,R,350,gamma,0.03493079248505462,0.02258860795423593,-0.012342184530818687,-0.05475780156475201,0.0112460328951696
P03,L0,L0_14k,14k,NR,50,gamma,NA,NA,NA,NA,NA
P03,L0,L0_14k,14k,NR,100,gamma,NA,NA,NA,NA,NA
P03,L0,L0_14k,14k,NR,150,gamma,NA,NA,NA,NA,NA
P03,L0,L0_14k,14k,NR,200,gamma,NA,NA,NA,NA,NA
P03,L0,L0_14k,14k,NR,250,gamma,NA,NA,NA,NA,NA
P03,L0,L0_14k,14k,NR,300,gamma,NA,NA,NA,NA,NA
P03,L0,L0_14k,14k,NR,350,gamma,NA,NA,NA,NA,NA
P03,L0,L0_14k,14k,R,50,gamma,NA,NA,NA,NA,NA
P03,L0,L0_14k,14k,R,100,gamma,NA,NA,NA,NA,NA
P03,L0,L0_14k,14k,R,150,gamma,NA,NA,NA,NA,NA
P03,L0,L0_14k,14k,R,200,gamma,NA,NA,NA,NA,NA
P03,L0,L0_14k,14k,R,250,gamma,NA,NA,NA,NA,NA
P03,L0,L0_14k,14k,R,300,gamma,NA,NA,NA,NA,NA
P03,L0,L0_14k,14k,R,350,gamma,NA,NA,NA,NA,NA
P03,L0,L0_2k,2k,NR,50,gamma,NA,NA,NA,NA,NA
P03,L0,L0_2k,2k,NR,100,gamma,NA,NA,NA,NA,NA
P03,L0,L0_2k,2k,NR,150,gamma,NA,NA,NA,NA,NA
P03,L0,L0_2k,2k,NR,200,gamma,NA,NA,NA,NA,NA
P03,L0,L0_2k,2k,NR,250,gamma,NA,NA,NA,NA,NA
P03,L0,L0_2k,2k,NR,300,gamma,NA,NA,NA,NA,NA
P03,L0,L0_2k,2k,NR,350,gamma,NA,NA,NA,NA,NA
P03,L0,L0_2k,2k,R,50,gamma,NA,NA,NA,NA,NA
P03,L0,L0_2k,2k,R,100,gamma,NA,NA,NA,NA,NA
P03,L0,L0_2k,2k,R,150,gamma,NA,NA,NA,NA,NA
P03,L0,L0_2k,2k,R,200,gamma,NA,NA,NA,NA,NA
P03,L0,L0_2k,2k,R,250,gamma,NA,NA,NA,NA,NA
P03,L0,L0_2k,2k,R,300,gamma,NA,NA,NA,NA,NA
P03,L0,L0_2k,2k,R,350,gamma,NA,NA,NA,NA,NA
P03,L1,L1_14k,14k,NR,50,gamma,0.2950491357401229,0.22602887243142045,-0.06902026330870248,-0.16192294123146989,0.02011458368735894
P03,L1,L1_14k,14k,NR,100,gamma,0.31930310498583214,0.24648805909378024,-0.0728150458920519,-0.16514282061359947,0.014548688414488892
P03,L1,L1_14k,14k,NR,150,gamma,0.3736543401818312,0.2947983077982883,-0.07885603238354288,-0.17515943181785903,0.011874473135784935
P03,L1,L1_14k,14k,NR,200,gamma,0.3363049242286449,0.26234455765351405,-0.07396036657513083,-0.16933105966574208,0.012139366718588396
P03,L1,L1_14k,14k,NR,250,gamma,0.38619509835074806,0.3047964963934355,-0.08139860195731258,-0.16895524463249811,0.003975552422566031
P03,L1,L1_14k,14k,NR,300,gamma,0.29971685161542905,0.2309718347108085,-0.06874501690462054,-0.15180610991549903,0.006472237938984465
P03,L1,L1_14k,14k,NR,350,gamma,0.307068521170743,0.23645894618806615,-0.07060957498267686,-0.1602579324980851,0.012760533733796653
P03,L1,L1_14k,14k,R,50,gamma,0.06662660564832606,0.04721318783554342,-0.019413417812782642,-0.06279120084187415,0.010316668479723012
P03,L1,L1_14k,14k,R,100,gamma,0.07347327210387493,0.05246355562381847,-0.021009716480056458,-0.06394961638117017,0.010171714718858499
P03,L1,L1_14k,14k,R,150,gamma,0.037916763527379244,0.026603199507694957,-0.011313564019684287,-0.04263774939717984,0.008859811753419548
P03,L1,L1_14k,14k,R,200,gamma,0.05338635212833473,0.03774060518976585,-0.015645746938568877,-0.05148480467583319,0.009031529931633028
P03,L1,L1_14k,14k,R,250,gamma,0.04762158855853543,0.03377078893039007,-0.013850799628145366,-0.049046208191226154,0.009393851762400797
P03,L1,L1_14k,14k,R,300,gamma,0.011720420762039704,0.008243001367531646,-0.003477419394508059,-0.022279600077757387,0.005023238673906746
P03,L1,L1_14k,14k,R,350,gamma,0.037366880450461507,0.0263458275169786,-0.011021052933482905,-0.041572110895162925,0.008045999975926706
P03,L1,L1_2k,2k,NR,50,gamma,0.34106659912429954,0.2788522962598532,-0.06221430286444635,-0.1499342086756661,0.018101690488564803
P03,L1,L1_2k,2k,NR,100,gamma,0.3850288593846898,0.31863242448242657,-0.06639643490226321,-0.15510911447444287,0.017871540657496632
P03,L1,L1_2k,2k,NR,150,gamma,0.3684798815663983,0.30420095734319463,-0.06427892422320369,-0.15209917463813039,0.019245547033350408
P03,L1,L1_2k,2k,NR,200,gamma,0.33505344271566695,0.274630682183244,-0.06042276053242296,-0.14820739873645017,0.019040666798163908
P03,L1,L1_2k,2k,NR,250,gamma,0.3335403911488069,0.2727760357448756,-0.060764355403931325,-0.14374449165389835,0.015421155523512864
P03,L1,L1_2k,2k,NR,300,gamma,0.28387397283945426,0.2286527128496335,-0.05522125998982075,-0.1350946616633954,0.015657005583422395
P03,L1,L1_2k,2k,NR,350,gamma,0.3121763145522347,0.25392572246820655,-0.05825059208402816,-0.14274039984758435,0.01575873593081964
P03,L1,L1_2k,2k,R,50,gamma,0.09047189126552871,0.06966235162815888,-0.020809539637369825,-0.06960741874303535,0.014286359190649918
P03,L1,L1_2k,2k,R,100,gamma,0.08263837121371564,0.06320040390814505,-0.019437967305570597,-0.0642438875294015,0.012585789338768152
P03,L1,L1_2k,2k,R,150,gamma,0.04373387184801024,0.03294324117326823,-0.010790630674742008,-0.043723961060801064,0.011182577892457447
P03,L1,L1_2k,2k,R,200,gamma,0.05158708850609131,0.0390303925019522,-0.012556696004139112,-0.04687320072363864,0.010459654370854568
P03,L1,L1_2k,2k,R,250,gamma,0.04518298881368396,0.03432941879703755,-0.010853570016646413,-0.044373090105367025,0.010869633432807575
P03,L1,L1_2k,2k,R,300,gamma,0.011865930845026313,0.008882466292047482,-0.002983464552978831,-0.022010919582793782,0.005371814926625726
P03,L1,L1_2k,2k,R,350,gamma,0.03409229109548603,0.025687067081388792,-0.00840522401409724,-0.03696430391321204,0.010083766079258377
P03,L2,L2_14k,14k,NR,50,gamma,0.0438993268809551,0.027913230122568605,-0.015986096758386498,-0.1034411106178744,0.018180948010232387
P03,L2,L2_14k,14k,NR,100,gamma,0.2467356164142446,0.16031082617257658,-0.08642479024166802,-0.22264565161887628,0.042336571364597286
P03,L2,L2_14k,14k,NR,150,gamma,0.17399464851491686,0.11522499637549191,-0.05876965213942495,-0.22785326088929578,0.05791403929844992
P03,L2,L2_14k,14k,NR,200,gamma,0.13653388818459006,0.09076490045756913,-0.04576898772702093,-0.16766698140154934,0.03670561392768997
P03,L2,L2_14k,14k,NR,250,gamma,0.3122138359827986,0.21408769899224206,-0.09812613699055656,-0.2172240406759855,0.012257399920711898
P03,L2,L2_14k,14k,NR,300,gamma,0.18385355368196105,0.11910528059427414,-0.06474827308768691,-0.17470402986052744,0.02362595488173548
P03,L2,L2_14k,14k,NR,350,gamma,0.19109265018004964,0.12418679234541957,-0.06690585783463007,-0.19738952749527883,0.03731303091919125
P03,L2,L2_14k,14k,R,50,gamma,0.06983397628993687,0.03981654342305872,-0.03001743286687815,-0.08305284015001621,0.005889193442753168
P03,L2,L2_14k,14k,R,100,gamma,0.06629624508562026,0.03793607334970012,-0.028360171735920148,-0.08041899733799844,0.008042352387719585
P03,L2,L2_14k,14k,R,150,gamma,0.038787634840234966,0.02175135586609642,-0.017036278974138546,-0.054919310308538194,0.005652064841730614
P03,L2,L2_14k,14k,R,200,gamma,0.0537023181583693,0.030392054063869953,-0.02331026409449935,-0.06647723674635729,0.0037354838419023685
P03,L2,L2_14k,14k,R,250,gamma,0.0417162247273702,0.02360431028213242,-0.01811191444523778,-0.0594620670599368,0.007065013820363744
P03,L2,L2_14k,14k,R,300,gamma,0.018237737039039324,0.010012357120527903,-0.008225379918511421,-0.033532458714178634,0.004208818939616278
P03,L2,L2_14k,14k,R,350,gamma,0.033400996072709924,0.018845916225737603,-0.01455507984697232,-0.04865085090205867,0.005425636341244792
P03,L2,L2_2k,2k,NR,50,gamma,0.05871431672622611,0.04193543000748983,-0.01677888671873628,-0.11743361660060722,0.02870712910505141
P03,L2,L2_2k,2k,NR,100,gamma,0.3158207707909544,0.23352117226123176,-0.08229959852972263,-0.20841198505856878,0.03370569544259078
P03,L2,L2_2k,2k,NR,150,gamma,0.21150415708410658,0.15647865851600634,-0.05502549856810024,-0.20126273390368765,0.05797778961388514
P03,L2,L2_2k,2k,NR,200,gamma,0.1272801498734203,0.09309740634015565,-0.03418274353326464,-0.14924456944273107,0.042415067318174654
P03,L2,L2_2k,2k,NR,250,gamma,0.23053967877627318,0.1667887384221614,-0.06375094035411177,-0.19278514272460756,0.04125063555440603
P03,L2,L2_2k,2k,NR,300,gamma,0.15657659612764763,0.11092817323987314,-0.04564842288777449,-0.15820047392644004,0.040437964285578804
P03,L2,L2_2k,2k,NR,350,gamma,0.20549350805883343,0.1473984290690517,-0.05809507898978172,-0.1842299766275326,0.04190599701905323
P03,L2,L2_2k,2k,R,50,gamma,0.09392154211906537,0.06035387942440765,-0.03356766269465772,-0.09185455244859664,0.007492627475940615
P03,L2,L2_2k,2k,R,100,gamma,0.07961310286842514,0.050594092877593734,-0.02901900999083141,-0.0823059316360541,0.010266155009801492
P03,L2,L2_2k,2k,R,150,gamma,0.04706181941798636,0.029538657058708,-0.01752316235927836,-0.058297484183191424,0.008159692751006746
P03,L2,L2_2k,2k,R,200,gamma,0.05154537554791222,0.032265001203645734,-0.019280374344266486,-0.06057653688883626,0.007515427369901521
P03,L2,L2_2k,2k,R,250,gamma,0.0396120376496423,0.024755118981181577,-0.014856918668460724,-0.05417784043693101,0.00863101109942327
P03,L2,L2_2k,2k,R,300,gamma,0.01850844518432805,0.011393501599402774,-0.007114943584925277,-0.032389414339139194,0.005189239592371995
P03,L2,L2_2k,2k,R,350,gamma,0.03059891980456244,0.019151034790633258,-0.011447885013929182,-0.044832961889791655,0.00726557729908346
P04,L0,L0_14k,14k,NR,50,gamma,NA,NA,NA,NA,NA
P04,L0,L0_14k,14k,NR,100,gamma,NA,NA,NA,NA,NA
P04,L0,L0_14k,14k,NR,150,gamma,NA,NA,NA,NA,NA
P04,L0,L0_14k,14k,NR,200,gamma,NA,NA,NA,NA,NA
P04,L0,L0_14k,14k,NR,250,gamma,NA,NA,NA,NA,NA
P04,L0,L0_14k,14k,NR,300,gamma,NA,NA,NA,NA,NA
P04,L0,L0_14k,14k,NR,350,gamma,NA,NA,NA,NA,NA
P04,L0,L0_14k,14k,R,50,gamma,NA,NA,NA,NA,NA
P04,L0,L0_14k,14k,R,100,gamma,NA,NA,NA,NA,NA
P04,L0,L0_14k,14k,R,150,gamma,NA,NA,NA,NA,NA
P04,L0,L0_14k,14k,R,200,gamma,NA,NA,NA,NA,NA
P04,L0,L0_14k,14k,R,250,gamma,NA,NA,NA,NA,NA
P04,L0,L0_14k,14k,R,300,gamma,NA,NA,NA,NA,NA
P04,L0,L0_14k,14k,R,350,gamma,NA,NA,NA,NA,NA
P04,L0,L0_2k,2k,NR,50,gamma,NA,NA,NA,NA,NA
P04,L0,L0_2k,2k,NR,100,gamma,NA,NA,NA,NA,NA
P04,L0,L0_2k,2k,NR,150,gamma,NA,NA,NA,NA,NA
P04,L0,L0_2k,2k,NR,200,gamma,NA,NA,NA,NA,NA
P04,L0,L0_2k,2k,NR,250,gamma,NA,NA,NA,NA,NA
P04,L0,L0_2k,2k,NR,300,gamma,NA,NA,NA,NA,NA
P04,L0,L0_2k,2k,NR,350,gamma,NA,NA,NA,NA,NA
P04,L0,L0_2k,2k,R,50,gamma,NA,NA,NA,NA,NA
P04,L0,L0_2k,2k,R,100,gamma,NA,NA,NA,NA,NA
P04,L0,L0_2k,2k,R,150,gamma,NA,NA,NA,NA,NA
P04,L0,L0_2k,2k,R,200,gamma,NA,NA,NA,NA,NA
P04,L0,L0_2k,2k,R,250,gamma,NA,NA,NA,NA,NA
P04,L0,L0_2k,2k,R,300,gamma,NA,NA,NA,NA,NA
P04,L0,L0_2k,2k,R,350,gamma,NA,NA,NA,NA,NA
P04,L1,L1_14k,14k,NR,50,gamma,0.6103292418882577,0.6322737078467322,0.021944465958474546,-0.11060804930970003,0.24871787559944813
P04,L1,L1_14k,14k,NR,100,gamma,0.44238132604905667,0.46720505803427226,0.02482373198521559,-0.12268349230477726,0.2069666753919805
P04,L1,L1_14k,14k,NR,150,gamma,0.6280948192456632,0.6524313286740815,0.02433650942841825,-0.08880654789732523,0.1565446474618999
P04,L1,L1_14k,14k,NR,200,gamma,0.49978651432061555,0.5261509219020599,0.02636440758144437,-0.10701256934516634,0.18504973106568073
P04,L1,L1_14k,14k,NR,250,gamma,0.4869293143700122,0.5140231449202544,0.02709383055024217,-0.13791262064696874,0.39076491637606064
P04,L1,L1_14k,14k,NR,300,gamma,0.28331093217110564,0.3052238995455142,0.021912967374408565,-0.12297423424452464,0.2056649804377787
P04,L1,L1_14k,14k,NR,350,gamma,0.32787054119899506,0.3489717559912895,0.02110121479229443,-0.10725576730556008,0.16523931414758022
P04,L1,L1_14k,14k,R,50,gamma,0.14494903858681712,0.15883709131390256,0.013888052727085431,-0.05355803011172511,0.06397513384581595
P04,L1,L1_14k,14k,R,100,gamma,0.1165316302992419,0.127911126239858,0.011379495940616102,-0.043575734617014916,0.05376793937876444
P04,L1,L1_14k,14k,R,150,gamma,0.045487158321348,0.050437116669921817,0.00494995834857382,-0.03454712735259628,0.029481816164516214
P04,L1,L1_14k,14k,R,200,gamma,0.0657690664280215,0.0725595856923589,0.006790519264337408,-0.03714954780806204,0.03712011732472816
P04,L1,L1_14k,14k,R,250,gamma,0.09186779379813294,0.10096169234437927,0.009093898546246329,-0.03959780459060236,0.04474185176095611
P04,L1,L1_14k,14k,R,300,gamma,0.13899079973369527,0.15315695763327716,0.014166157899581894,-0.04769458889742348,0.06062403363181504
P04,L1,L1_14k,14k,R,350,gamma,0.09408084528485332,0.1037284593267069,0.009647614041853589,-0.04651843854086102,0.04861425257658608
P04,L1,L1_2k,2k,NR,50,gamma,0.4580781947279794,0.5061249523496816,0.048046757621702185,-0.10270737386825379,0.21129695126573783
P04,L1,L1_2k,2k,NR,100,gamma,0.365529842223865,0.4131129998075562,0.04758315758369125,-0.10320572014719998,0.20055346956049558
P04,L1,L1_2k,2k,NR,150,gamma,0.4480931629043108,0.49780617035187014,0.049713007447559354,-0.09590006728949885,0.22148096689565022
P04,L1,L1_2k,2k,NR,200,gamma,0.34650926805935256,0.39383962935050926,0.0473303612911567,-0.10102285305681297,0.208489558312057
P04,L1,L1_2k,2k,NR,250,gamma,0.37016449620549996,0.41727197989844794,0.04710748369294798,-0.11128629000500806,0.21896383520349344
P04,L1,L1_2k,2k,NR,300,gamma,0.149144871797539,0.17739319432321965,0.028248322525680658,-0.1244371933594679,0.154305574274538
P04,L1,L1_2k,2k,NR,350,gamma,0.1688651837329317,0.19939727542226646,0.030532091689334767,-0.10737779440894804,0.16222098317031192
P04,L1,L1_2k,2k,R,50,gamma,0.14328390184705087,0.16804584892662278,0.02476194707957191,-0.03702468581212459,0.07305271319575658
P04,L1,L1_2k,2k,R,100,gamma,0.10551927793030927,0.12491942897622732,0.01940015104591805,-0.03093431201903679,0.056533183797958644
P04,L1,L1_2k,2k,R,150,gamma,0.04451686742507005,0.05327625628715868,0.00875938886208863,-0.027596840913734585,0.03153562830120657
P04,L1,L1_2k,2k,R,200,gamma,0.06745601585936997,0.08009714960175258,0.012641133742382613,-0.03095930538338179,0.04119231058838126
P04,L1,L1_2k,2k,R,250,gamma,0.07951807949809189,0.09485049997216516,0.015332420474073266,-0.02773219993775547,0.046696864446181825
P04,L1,L1_2k,2k,R,300,gamma,0.12516570410927294,0.14772530633463804,0.0225596022253651,-0.03359275632890335,0.06523907677980433
P04,L1,L1_2k,2k,R,350,gamma,0.10713079427561659,0.12676429627489472,0.01963350199927813,-0.03563794377981638,0.060219291909318184
P04,L2,L2_14k,14k,NR,50,gamma,0.5622678578870293,0.5382528944097658,-0.024014963477263507,-0.18803486749092724,0.23276558111669227
P04,L2,L2_14k,14k,NR,100,gamma,0.4292577428556868,0.3980779055747691,-0.03117983728091772,-0.19663383297036685,0.1923912185211174
P04,L2,L2_14k,14k,NR,150,gamma,0.5845736187994774,0.5601912587535486,-0.024382360045928864,-0.16263129271618393,0.18195295129961825
P04,L2,L2_14k,14k,NR,200,gamma,0.49741409597898506,0.4651984934186878,-0.03221560256029726,-0.18162016289332483,0.16332797028400253
P04,L2,L2_14k,14k,NR,250,gamma,0.49520947460681564,0.46298230362018855,-0.032227170986627085,-0.2019322790346173,0.25929810452798413
P04,L2,L2_14k,14k,NR,300,gamma,0.30349252292907813,0.27286824442403523,-0.0306242785050429,-0.1867795552223242,0.16010054016852776
P04,L2,L2_14k,14k,NR,350,gamma,0.35172798425829427,0.31837434816454613,-0.03335363609374814,-0.1645127768461216,0.11948615364751985
P04,L2,L2_14k,14k,R,50,gamma,0.15552153720806727,0.13666141410367352,-0.01886012310439375,-0.09498455055187852,0.04064128274304886
P04,L2,L2_14k,14k,R,100,gamma,0.11460688512280603,0.09999087757222244,-0.014616007550583593,-0.08069011100042325,0.03935779017781558
P04,L2,L2_14k,14k,R,150,gamma,0.039949550455544935,0.03419383164331499,-0.005755718812229943,-0.0486444943170503,0.02015498942632706
P04,L2,L2_14k,14k,R,200,gamma,0.06505172236066971,0.056185336482809045,-0.008866385877860664,-0.06243512519225834,0.028765864656794662
P04,L2,L2_14k,14k,R,250,gamma,0.0905662919268898,0.07824489667037934,-0.01232139525651045,-0.07113421666455724,0.031567960671629515
P04,L2,L2_14k,14k,R,300,gamma,0.13385872725150946,0.11749474274050542,-0.016363984511004043,-0.08735634064623377,0.04105998577227912
P04,L2,L2_14k,14k,R,350,gamma,0.0984966263249149,0.08577551762146332,-0.012721108703451584,-0.07737230485811761,0.036844835188923813
P04,L2,L2_2k,2k,NR,50,gamma,0.4349603359505065,0.4173292535130321,-0.01763108243747441,-0.20014631752079848,0.23888907158559478
P04,L2,L2_2k,2k,NR,100,gamma,0.3789214901494771,0.3569623665824031,-0.021959123567074024,-0.1864906408241933,0.18831963116195838
P04,L2,L2_2k,2k,NR,150,gamma,0.42032741036982935,0.4023741892221646,-0.017953221147664733,-0.20323557305288253,0.24341828287716216
P04,L2,L2_2k,2k,NR,200,gamma,0.3775979947421386,0.356758934050988,-0.0208390606911506,-0.17687178437094886,0.1621745829434888
P04,L2,L2_2k,2k,NR,250,gamma,0.42869932131539323,0.40401628424319913,-0.024683037072194103,-0.17864559888020493,0.1500757088990931
P04,L2,L2_2k,2k,NR,300,gamma,0.20162656283151342,0.1834838178049511,-0.018142745026562324,-0.16570513428030342,0.12650665377915504
P04,L2,L2_2k,2k,NR,350,gamma,0.22601288910763892,0.20545990730015679,-0.020552981807482135,-0.1651291416409607,0.12230422357129701
P04,L2,L2_2k,2k,R,50,gamma,0.15944675320112384,0.14422465717113175,-0.015222096029992083,-0.08527929589676142,0.04130726536217834
P04,L2,L2_2k,2k,R,100,gamma,0.1097396237055493,0.09853538776655135,-0.011204235938997942,-0.07488858468872936,0.03691987971294815
P04,L2,L2_2k,2k,R,150,gamma,0.039264708198735385,0.034823206405725775,-0.00444150179300961,-0.046107236471920575,0.020649421038373188
P04,L2,L2_2k,2k,R,200,gamma,0.06988476351508922,0.06249282090648474,-0.007391942608604485,-0.05868739856252225,0.027833069361778512
P04,L2,L2_2k,2k,R,250,gamma,0.08127786392477321,0.07253847874716811,-0.0087393851776051,-0.06338322442396892,0.0304635258470174
P04,L2,L2_2k,2k,R,300,gamma,0.1214160943849432,0.1099303945812046,-0.011485699803738605,-0.0780629764152092,0.04299566084000307
P04,L2,L2_2k,2k,R,350,gamma,0.12010296245554113,0.1080767070073353,-0.012026255448205833,-0.07674686555663962,0.03815807493453437
P01,L0,L0_14k,14k,NR,50,beta,NA,NA,NA,NA,NA
P01,L0,L0_14k,14k,NR,100,beta,NA,NA,NA,NA,NA
P01,L0,L0_14k,14k,NR,150,beta,NA,NA,NA,NA,NA
P01,L0,L0_14k,14k,NR,200,beta,NA,NA,NA,NA,NA
P01,L0,L0_14k,14k,NR,250,beta,NA,NA,NA,NA,NA
P01,L0,L0_14k,14k,NR,300,beta,NA,NA,NA,NA,NA
P01,L0,L0_14k,14k,NR,350,beta,NA,NA,NA,NA,NA
P01,L0,L0_14k,14k,R,50,beta,NA,NA,NA,NA,NA
P01,L0,L0_14k,14k,R,100,beta,NA,NA,NA,NA,NA
P01,L0,L0_14k,14k,R,150,beta,NA,NA,NA,NA,NA
P01,L0,L0_14k,14k,R,200,beta,NA,NA,NA,NA,NA
P01,L0,L0_14k,14k,R,250,beta,NA,NA,NA,NA,NA
P01,L0,L0_14k,14k,R,300,beta,NA,NA,NA,NA,NA
P01,L0,L0_14k,14k,R,350,beta,NA,NA,NA,NA,NA
P01,L0,L0_2k,2k,NR,50,beta,NA,NA,NA,NA,NA
P01,L0,L0_2k,2k,NR,100,beta,NA,NA,NA,NA,NA
P01,L0,L0_2k,2k,NR,150,beta,NA,NA,NA,NA,NA
P01,L0,L0_2k,2k,NR,200,beta,NA,NA,NA,NA,NA
P01,L0,L0_2k,2k,NR,250,beta,NA,NA,NA,NA,NA
P01,L0,L0_2k,2k,NR,300,beta,NA,NA,NA,NA,NA
P01,L0,L0_2k,2k,NR,350,beta,NA,NA,NA,NA,NA
P01,L0,L0_2k,2k,R,50,beta,NA,NA,NA,NA,NA
P01,L0,L0_2k,2k,R,100,beta,NA,NA,NA,NA,NA
P01,L0,L0_2k,2k,R,150,beta,NA,NA,NA,NA,NA
P01,L0,L0_2k,2k,R,200,beta,NA,NA,NA,NA,NA
P01,L0,L0_2k,2k,R,250,beta,NA,NA,NA,NA,NA
P01,L0,L0_2k,2k,R,300,beta,NA,NA,NA,NA,NA
P01,L0,L0_2k,2k,R,350,beta,NA,NA,NA,NA,NA
P01,L1,L1_14k,14k,NR,50,beta,NA,NA,NA,NA,NA
P01,L1,L1_14k,14k,NR,100,beta,NA,NA,NA,NA,NA
P01,L1,L1_14k,14k,NR,150,beta,NA,NA,NA,NA,NA
P01,L1,L1_14k,14k,NR,200,beta,NA,NA,NA,NA,NA
P01,L1,L1_14k,14k,NR,250,beta,NA,NA,NA,NA,NA
P01,L1,L1_14k,14k,NR,300,beta,NA,NA,NA,NA,NA
P01,L1,L1_14k,14k,NR,350,beta,NA,NA,NA,NA,NA
P01,L1,L1_14k,14k,R,50,beta,NA,NA,NA,NA,NA
P01,L1,L1_14k,14k,R,100,beta,NA,NA,NA,NA,NA
P01,L1,L1_14k,14k,R,150,beta,NA,NA,NA,NA,NA
P01,L1,L1_14k,14k,R,200,beta,NA,NA,NA,NA,NA
P01,L1,L1_14k,14k,R,250,beta,NA,NA,NA,NA,NA
P01,L1,L1_14k,14k,R,300,beta,NA,NA,NA,NA,NA
P01,L1,L1_14k,14k,R,350,beta,NA,NA,NA,NA,NA
P01,L1,L1_2k,2k,NR,50,beta,NA,NA,NA,NA,NA
P01,L1,L1_2k,2k,NR,100,beta,NA,NA,NA,NA,NA
P01,L1,L1_2k,2k,NR,150,beta,NA,NA,NA,NA,NA
P01,L1,L1_2k,2k,NR,200,beta,NA,NA,NA,NA,NA
P01,L1,L1_2k,2k,NR,250,beta,NA,NA,NA,NA,NA
P01,L1,L1_2k,2k,NR,300,beta,NA,NA,NA,NA,NA
P01,L1,L1_2k,2k,NR,350,beta,NA,NA,NA,NA,NA
P01,L1,L1_2k,2k,R,50,beta,NA,NA,NA,NA,NA
P01,L1,L1_2k,2k,R,100,beta,NA,NA,NA,NA,NA
P01,L1,L1_2k,2k,R,150,beta,NA,NA,NA,NA,NA
P01,L1,L1_2k,2k,R,200,beta,NA,NA,NA,NA,NA
P01,L1,L1_2k,2k,R,250,beta,NA,NA,NA,NA,NA
P01,L1,L1_2k,2k,R,300,beta,NA,NA,NA,NA,NA
P01,L1,L1_2k,2k,R,350,beta,NA,NA,NA,NA,NA
P01,L2,L2_14k,14k,NR,50,beta,0.16822759597954912,0.15778089473826434,-0.010446701241284773,-0.11896944903334311,0.09810300127403322
P01,L2,L2_14k,14k,NR,100,beta,0.09159501612811924,0.08430338886904183,-0.007291627259077407,-0.09720313913559726,0.05929592225058039
P01,L2,L2_14k,14k,NR,150,beta,0.13998180499217627,0.13035733982746533,-0.009624465164710938,-0.12337608603186112,0.08787479677617735
P01,L2,L2_14k,14k,NR,200,beta,0.0743637296889203,0.06909021698405285,-0.00527351270486745,-0.10280440507970448,0.05080995798503929
P01,L2,L2_14k,14k,NR,250,beta,0.056934248228734254,0.05254751859340408,-0.004386729635330176,-0.0906857715562641,0.03954825756226064
P01,L2,L2_14k,14k,NR,300,beta,0.178222464478889,0.16890801496352775,-0.009314449515361256,-0.09719371318887554,0.07045720969742779
P01,L2,L2_14k,14k,NR,350,beta,0.09205711291693823,0.0855049145208327,-0.0065521983961055325,-0.08767406047991255,0.05526808103117622
P01,L2,L2_14k,14k,R,50,beta,0.031897502575764264,0.029636693741751083,-0.002260808834013181,-0.03981909028114017,0.019129025427739504
P01,L2,L2_14k,14k,R,100,beta,0.04626672671213729,0.042995578320293354,-0.003271148391843934,-0.04926790742152247,0.026704543047104238
P01,L2,L2_14k,14k,R,150,beta,0.021617700420586486,0.020051210185969,-0.0015664902346174854,-0.02943027926068224,0.013546854627227831
P01,L2,L2_14k,14k,R,200,beta,0.027096881784061066,0.02501726166298804,-0.0020796201210730274,-0.034963335893063524,0.016930688149697684
P01,L2,L2_14k,14k,R,250,beta,0.01387495844002676,0.01286079990595999,-0.0010141585340667694,-0.023431854230084186,0.009059965198360748
P01,L2,L2_14k,14k,R,300,beta,0.018384294637270662,0.017064988821162738,-0.001319305816107924,-0.028031872585287637,0.0117164529476365
P01,L2,L2_14k,14k,R,350,beta,0.0291952570929928,0.027032106025258764,-0.0021631510677340357,-0.03594010430824074,0.017037955994063977
P01,L2,L2_2k,2k,NR,50,beta,0.16937924710614238,0.16177750051388295,-0.0076017465922594285,-0.12183004008062093,0.10317530094672632
P01,L2,L2_2k,2k,NR,100,beta,0.08980769821273069,0.08397557664736105,-0.005832121565369636,-0.09600514161181628,0.05770751432023558
P01,L2,L2_2k,2k,NR,150,beta,0.14173683705862963,0.13295593926378207,-0.008780897794847559,-0.12510451619388574,0.09110824531253456
P01,L2,L2_2k,2k,NR,200,beta,0.07788570857171712,0.07289536392806134,-0.004990344643655775,-0.10567906932102478,0.054441587159881705
P01,L2,L2_2k,2k,NR,250,beta,0.06268593856336876,0.05901577983902789,-0.0036701587243408718,-0.09888239911079189,0.045720432841834135
P01,L2,L2_2k,2k,NR,300,beta,0.1625253710951008,0.1551809157484898,-0.00734445534661099,-0.0884257971193485,0.07175577516825879
P01,L2,L2_2k,2k,NR,350,beta,0.0921900997280107,0.0855146094714799,-0.006675490256530803,-0.08484365475449723,0.056305944918722865
P01,L2,L2_2k,2k,R,50,beta,0.03155588280559672,0.02925231070134303,-0.0023035721042536927,-0.03943786297117376,0.019539219167393238
P01,L2,L2_2k,2k,R,100,beta,0.04478303153165698,0.041931385189447716,-0.002851646342209267,-0.05091509730776409,0.027879713753575647
P01,L2,L2_2k,2k,R,150,beta,0.021367705219783824,0.019903509752742965,-0.0014641954670408588,-0.029062249357435364,0.013178127845785672
P01,L2,L2_2k,2k,R,200,beta,0.025328436982264838,0.023764669894873684,-0.001563767087391154,-0.0336899321834938,0.01628115791307546
P01,L2,L2_2k,2k,R,250,beta,0.014119993444714624,0.013092329009028764,-0.00102766443568586,-0.02279957065353285,0.008982655421314285
P01,L2,L2_2k,2k,R,300,beta,0.0185316361057392,0.017243112977235985,-0.0012885231285032148,-0.027684720523520293,0.011585383317984126
P01,L2,L2_2k,2k,R,350,beta,0.029155150229729282,0.027111538134118783,-0.002043612095610499,-0.0359381794734698,0.017295380677999843
P02,L0,L0_14k,14k,NR,50,beta,NA,NA,NA,NA,NA
P02,L0,L0_14k,14k,NR,100,beta,NA,NA,NA,NA,NA
P02,L0,L0_14k,14k,NR,150,beta,NA,NA,NA,NA,NA
P02,L0,L0_14k,14k,NR,200,beta,NA,NA,NA,NA,NA
P02,L0,L0_14k,14k,NR,250,beta,NA,NA,NA,NA,NA
P02,L0,L0_14k,14k,NR,300,beta,NA,NA,NA,NA,NA
P02,L0,L0_14k,14k,NR,350,beta,NA,NA,NA,NA,NA
P02,L0,L0_14k,14k,R,50,beta,NA,NA,NA,NA,NA
P02,L0,L0_14k,14k,R,100,beta,NA,NA,NA,NA,NA
P02,L0,L0_14k,14k,R,150,beta,NA,NA,NA,NA,NA
P02,L0,L0_14k,14k,R,200,beta,NA,NA,NA,NA,NA
P02,L0,L0_14k,14k,R,250,beta,NA,NA,NA,NA,NA
P02,L0,L0_14k,14k,R,300,beta,NA,NA,NA,NA,NA
P02,L0,L0_14k,14k,R,350,beta,NA,NA,NA,NA,NA
P02,L0,L0_2k,2k,NR,50,beta,NA,NA,NA,NA,NA
P02,L0,L0_2k,2k,NR,100,beta,NA,NA,NA,NA,NA
P02,L0,L0_2k,2k,NR,150,beta,NA,NA,NA,NA,NA
P02,L0,L0_2k,2k,NR,200,beta,NA,NA,NA,NA,NA
P02,L0,L0_2k,2k,NR,250,beta,NA,NA,NA,NA,NA
P02,L0,L0_2k,2k,NR,300,beta,NA,NA,NA,NA,NA
P02,L0,L0_2k,2k,NR,350,beta,NA,NA,NA,NA,NA
P02,L0,L0_2k,2k,R,50,beta,NA,NA,NA,NA,NA
P02,L0,L0_2k,2k,R,100,beta,NA,NA,NA,NA,NA
P02,L0,L0_2k,2k,R,150,beta,NA,NA,NA,NA,NA
P02,L0,L0_2k,2k,R,200,beta,NA,NA,NA,NA,NA
P02,L0,L0_2k,2k,R,250,beta,NA,NA,NA,NA,NA
P02,L0,L0_2k,2k,R,300,beta,NA,NA,NA,NA,NA
P02,L0,L0_2k,2k,R,350,beta,NA,NA,NA,NA,NA
P02,L1,L1_14k,14k,NR,50,beta,NA,NA,NA,NA,NA
P02,L1,L1_14k,14k,NR,100,beta,NA,NA,NA,NA,NA
P02,L1,L1_14k,14k,NR,150,beta,NA,NA,NA,NA,NA
P02,L1,L1_14k,14k,NR,200,beta,NA,NA,NA,NA,NA
P02,L1,L1_14k,14k,NR,250,beta,NA,NA,NA,NA,NA
P02,L1,L1_14k,14k,NR,300,beta,NA,NA,NA,NA,NA
P02,L1,L1_14k,14k,NR,350,beta,NA,NA,NA,NA,NA
P02,L1,L1_14k,14k,R,50,beta,NA,NA,NA,NA,NA
P02,L1,L1_14k,14k,R,100,beta,NA,NA,NA,NA,NA
P02,L1,L1_14k,14k,R,150,beta,NA,NA,NA,NA,NA
P02,L1,L1_14k,14k,R,200,beta,NA,NA,NA,NA,NA
P02,L1,L1_14k,14k,R,250,beta,NA,NA,NA,NA,NA
P02,L1,L1_14k,14k,R,300,beta,NA,NA,NA,NA,NA
P02,L1,L1_14k,14k,R,350,beta,NA,NA,NA,NA,NA
P02,L1,L1_2k,2k,NR,50,beta,NA,NA,NA,NA,NA
P02,L1,L1_2k,2k,NR,100,beta,NA,NA,NA,NA,NA
P02,L1,L1_2k,2k,NR,150,beta,NA,NA,NA,NA,NA
P02,L1,L1_2k,2k,NR,200,beta,NA,NA,NA,NA,NA
P02,L1,L1_2k,2k,NR,250,beta,NA,NA,NA,NA,NA
P02,L1,L1_2k,2k,NR,300,beta,NA,NA,NA,NA,NA
P02,L1,L1_2k,2k,NR,350,beta,NA,NA,NA,NA,NA
P02,L1,L1_2k,2k,R,50,beta,NA,NA,NA,NA,NA
P02,L1,L1_2k,2k,R,100,beta,NA,NA,NA,NA,NA
P02,L1,L1_2k,2k,R,150,beta,NA,NA,NA,NA,NA
P02,L1,L1_2k,2k,R,200,beta,NA,NA,NA,NA,NA
P02,L1,L1_2k,2k,R,250,beta,NA,NA,NA,NA,NA
P02,L1,L1_2k,2k,R,300,beta,NA,NA,NA,NA,NA
P02,L1,L1_2k,2k,R,350,beta,NA,NA,NA,NA,NA
P02,L2,L2_14k,14k,NR,50,beta,0.12530570024133336,0.06934850396896652,-0.05595719627236684,-0.15126403313930947,0.0298826918543849
P02,L2,L2_14k,14k,NR,100,beta,0.07516702294548619,0.04099758680953263,-0.03416943613595356,-0.1164721909055518,0.022328552989377224
P02,L2,L2_14k,14k,NR,150,beta,0.05804245124448683,0.031175002112023155,-0.026867449132463674,-0.10979403826336381,0.01825379982640661
P02,L2,L2_14k,14k,NR,200,beta,0.12721467589513802,0.07126265322701644,-0.055952022668121576,-0.14411538430563967,0.021978948794544304
P02,L2,L2_14k,14k,NR,250,beta,0.030949375075522482,0.01665252066887523,-0.014296854406647252,-0.0649139362714361,0.008720599590730852
P02,L2,L2_14k,14k,NR,300,beta,0.07817982102943602,0.04270354953091432,-0.0354762714985217,-0.09962964735645133,0.01406424783447226
P02,L2,L2_14k,14k,NR,350,beta,0.13318337052301504,0.0747122059685851,-0.05847116455442994,-0.13963017045128853,0.015156970746535457
P02,L2,L2_14k,14k,R,50,beta,0.04915238933922063,0.026353879466799002,-0.022798509872421626,-0.068500159700153,0.008726904341445116
P02,L2,L2_14k,14k,R,100,beta,0.03185006793248066,0.016985998664550434,-0.014864069267930224,-0.060094959090837716,0.008867099292209274
P02,L2,L2_14k,14k,R,150,beta,0.018264399386167876,0.009618923821155593,-0.008645475565012283,-0.037342666482027526,0.004525980370205108
P02,L2,L2_14k,14k,R,200,beta,0.02271408377622777,0.012128765750978187,-0.010585318025249582,-0.0428365373104687,0.005461595453401979
P02,L2,L2_14k,14k,R,250,beta,0.013385323091046935,0.007048199604868916,-0.006337123486178019,-0.02785409109411168,0.0031683695127888924
P02,L2,L2_14k,14k,R,300,beta,0.027899403150038124,0.01488411506945105,-0.013015288080587073,-0.049641937557744216,0.006579880775144454
P02,L2,L2_14k,14k,R,350,beta,0.025380160538786466,0.01325843270563773,-0.012121727833148736,-0.04470150467897811,0.0056822710106198115
P02,L2,L2_2k,2k,NR,50,beta,0.13224893221221945,0.07035971383998958,-0.06188921837222987,-0.1639881321665953,0.02719267938925611
P02,L2,L2_2k,2k,NR,100,beta,0.07579362577904203,0.03903113404693701,-0.03676249173210502,-0.1253527756299515,0.02088213136405387
P02,L2,L2_2k,2k,NR,150,beta,0.05196804272220379,0.02688541313961325,-0.02508262958259054,-0.10808813437484034,0.015526229879705214
P02,L2,L2_2k,2k,NR,200,beta,0.13713691816975643,0.07404677936780377,-0.06309013880195266,-0.14799319216392165,0.019397172120125497
P02,L2,L2_2k,2k,NR,250,beta,0.030881973628090302,0.015885005810744347,-0.014996967817345955,-0.0651820366384406,0.00857738366543416
P02,L2,L2_2k,2k,NR,300,beta,0.06701613167471361,0.03455524228122239,-0.03246088939349122,-0.09383402898639928,0.013384402327931224
P02,L2,L2_2k,2k,NR,350,beta,0.12974787210815902,0.07024841121120251,-0.05949946089695651,-0.14037772105302307,0.012470363880222941
P02,L2,L2_2k,2k,R,50,beta,0.050017980837621434,0.025730617065693066,-0.024287363771928368,-0.07069441123505088,0.0074779075931546354
P02,L2,L2_2k,2k,R,100,beta,0.033642095376505934,0.01710555162348059,-0.016536543753025344,-0.06303439110507442,0.008132670644897743
P02,L2,L2_2k,2k,R,150,beta,0.018755994750022847,0.00946595668854099,-0.009290038061481858,-0.03693180561221342,0.004116124028693537
P02,L2,L2_2k,2k,R,200,beta,0.023393273855639017,0.011908610434359986,-0.011484663421279032,-0.045188427222983274,0.005553506062728302
P02,L2,L2_2k,2k,R,250,beta,0.012459790691346992,0.006249722515587152,-0.00621006817575984,-0.0263114860722934,0.002733321810697552
P02,L2,L2_2k,2k,R,300,beta,0.028243949189542417,0.014462748877945037,-0.01378120031159738,-0.051698248907790414,0.006391430456760645
P02,L2,L2_2k,2k,R,350,beta,0.025594799488235058,0.013060200164902142,-0.012534599323332916,-0.04692783334991106,0.004809879983584236
P03,L0,L0_14k,14k,NR,50,beta,NA,NA,NA,NA,NA
P03,L0,L0_14k,14k,NR,100,beta,NA,NA,NA,NA,NA
P03,L0,L0_14k,14k,NR,150,beta,NA,NA,NA,NA,NA
P03,L0,L0_14k,14k,NR,200,beta,NA,NA,NA,NA,NA
P03,L0,L0_14k,14k,NR,250,beta,NA,NA,NA,NA,NA
P03,L0,L0_14k,14k,NR,300,beta,NA,NA,NA,NA,NA
P03,L0,L0_14k,14k,NR,350,beta,NA,NA,NA,NA,NA
P03,L0,L0_14k,14k,R,50,beta,NA,NA,NA,NA,NA
P03,L0,L0_14k,14k,R,100,beta,NA,NA,NA,NA,NA
P03,L0,L0_14k,14k,R,150,beta,NA,NA,NA,NA,NA
P03,L0,L0_14k,14k,R,200,beta,NA,NA,NA,NA,NA
P03,L0,L0_14k,14k,R,250,beta,NA,NA,NA,NA,NA
P03,L0,L0_14k,14k,R,300,beta,NA,NA,NA,NA,NA
P03,L0,L0_14k,14k,R,350,beta,NA,NA,NA,NA,NA
P03,L0,L0_2k,2k,NR,50,beta,NA,NA,NA,NA,NA
P03,L0,L0_2k,2k,NR,100,beta,NA,NA,NA,NA,NA
P03,L0,L0_2k,2k,NR,150,beta,NA,NA,NA,NA,NA
P03,L0,L0_2k,2k,NR,200,beta,NA,NA,NA,NA,NA
P03,L0,L0_2k,2k,NR,250,beta,NA,NA,NA,NA,NA
P03,L0,L0_2k,2k,NR,300,beta,NA,NA,NA,NA,NA
P03,L0,L0_2k,2k,NR,350,beta,NA,NA,NA,NA,NA
P03,L0,L0_2k,2k,R,50,beta,NA,NA,NA,NA,NA
P03,L0,L0_2k,2k,R,100,beta,NA,NA,NA,NA,NA
P03,L0,L0_2k,2k,R,150,beta,NA,NA,NA,NA,NA
P03,L0,L0_2k,2k,R,200,beta,NA,NA,NA,NA,NA
P03,L0,L0_2k,2k,R,250,beta,NA,NA,NA,NA,NA
P03,L0,L0_2k,2k,R,300,beta,NA,NA,NA,NA,NA
P03,L0,L0_2k,2k,R,350,beta,NA,NA,NA,NA,NA
P03,L1,L1_14k,14k,NR,50,beta,NA,NA,NA,NA,NA
P03,L1,L1_14k,14k,NR,100,beta,NA,NA,NA,NA,NA
P03,L1,L1_14k,14k,NR,150,beta,NA,NA,NA,NA,NA
P03,L1,L1_14k,14k,NR,200,beta,NA,NA,NA,NA,NA
P03,L1,L1_14k,14k,NR,250,beta,NA,NA,NA,NA,NA
P03,L1,L1_14k,14k,NR,300,beta,NA,NA,NA,NA,NA
P03,L1,L1_14k,14k,NR,350,beta,NA,NA,NA,NA,NA
P03,L1,L1_14k,14k,R,50,beta,NA,NA,NA,NA,NA
P03,L1,L1_14k,14k,R,100,beta,NA,NA,NA,NA,NA
P03,L1,L1_14k,14k,R,150,beta,NA,NA,NA,NA,NA
P03,L1,L1_14k,14k,R,200,beta,NA,NA,NA,NA,NA
P03,L1,L1_14k,14k,R,250,beta,NA,NA,NA,NA,NA
P03,L1,L1_14k,14k,R,300,beta,NA,NA,NA,NA,NA
P03,L1,L1_14k,14k,R,350,beta,NA,NA,NA,NA,NA
P03,L1,L1_2k,2k,NR,50,beta,NA,NA,NA,NA,NA
P03,L1,L1_2k,2k,NR,100,beta,NA,NA,NA,NA,NA
P03,L1,L1_2k,2k,NR,150,beta,NA,NA,NA,NA,NA
P03,L1,L1_2k,2k,NR,200,beta,NA,NA,NA,NA,NA
P03,L1,L1_2k,2k,NR,250,beta,NA,NA,NA,NA,NA
P03,L1,L1_2k,2k,NR,300,beta,NA,NA,NA,NA,NA
P03,L1,L1_2k,2k,NR,350,beta,NA,NA,NA,NA,NA
P03,L1,L1_2k,2k,R,50,beta,NA,NA,NA,NA,NA
P03,L1,L1_2k,2k,R,100,beta,NA,NA,NA,NA,NA
P03,L1,L1_2k,2k,R,150,beta,NA,NA,NA,NA,NA
P03,L1,L1_2k,2k,R,200,beta,NA,NA,NA,NA,NA
P03,L1,L1_2k,2k,R,250,beta,NA,NA,NA,NA,NA
P03,L1,L1_2k,2k,R,300,beta,NA,NA,NA,NA,NA
P03,L1,L1_2k,2k,R,350,beta,NA,NA,NA,NA,NA
P03,L2,L2_14k,14k,NR,50,beta,0.28846762147410415,0.18749794931074226,-0.10096967216336189,-0.19716317781154613,-0.007152052802121944
P03,L2,L2_14k,14k,NR,100,beta,0.11003829914105503,0.06514813083877574,-0.04489016830227929,-0.15740618548497898,0.038666881037924226
P03,L2,L2_14k,14k,NR,150,beta,0.20136331010413258,0.12478758455848432,-0.07657572554564826,-0.19190369880119829,0.03985151881836095
P03,L2,L2_14k,14k,NR,200,beta,0.2434750851660137,0.15427892721056194,-0.08919615795545177,-0.19376585606564697,0.011779224326615045
P03,L2,L2_14k,14k,NR,250,beta,0.11495384970365752,0.06875832820433775,-0.04619552149931977,-0.13556632294263748,0.026819046003144616
P03,L2,L2_14k,14k,NR,300,beta,0.1563285054821303,0.09511117623215373,-0.061217329249976554,-0.1543482871599667,0.023248170531369933
P03,L2,L2_14k,14k,NR,350,beta,0.14522304047491738,0.0879592822799187,-0.05726375819499868,-0.15509658033148135,0.02855115290553701
P03,L2,L2_14k,14k,R,50,beta,0.0214471810026355,0.0122581239861832,-0.009189057016452298,-0.04083586810168939,0.0062244005126915235
P03,L2,L2_14k,14k,R,100,beta,0.02620947704124188,0.015140529208918977,-0.011068947832322902,-0.04639705792961338,0.007464234670781177
P03,L2,L2_14k,14k,R,150,beta,0.017122627163221313,0.009809844639278614,-0.0073127825239426986,-0.031498811173977084,0.004731223522804242
P03,L2,L2_14k,14k,R,200,beta,0.0190833194631073,0.010943586814348157,-0.008139732648759144,-0.03413463161484698,0.005083901872758488
P03,L2,L2_14k,14k,R,250,beta,0.024588723778709458,0.014032609445568405,-0.010556114333141053,-0.039975855195539804,0.005947994165672174
P03,L2,L2_14k,14k,R,300,beta,0.010245529402071962,0.005884102759990204,-0.004361426642081758,-0.02177833833274036,0.0028052870235030797
P03,L2,L2_14k,14k,R,350,beta,0.022606278151132607,0.01290900690847981,-0.009697271242652798,-0.037097056017165675,0.0051633593624450976
P03,L2,L2_2k,2k,NR,50,beta,0.2978558573592476,0.19461661548213785,-0.10323924187710973,-0.20190018373192845,-0.007075302816474477
P03,L2,L2_2k,2k,NR,100,beta,0.10630292253469086,0.06187968343818105,-0.0444232390965098,-0.14593489610838456,0.03421381600892492
P03,L2,L2_2k,2k,NR,150,beta,0.18247336140398562,0.11316804281426904,-0.06930531858971659,-0.18224527814450533,0.040235428137794266
P03,L2,L2_2k,2k,NR,200,beta,0.2441208079136351,0.15469129388756758,-0.08942951402606752,-0.19752502588083182,0.011970822711471596
P03,L2,L2_2k,2k,NR,250,beta,0.1368758948442646,0.08192697081255368,-0.05494892403171092,-0.15677865179050596,0.03283428919999825
P03,L2,L2_2k,2k,NR,300,beta,0.1591791593129786,0.09657963357490812,-0.06259952573807048,-0.15879328331238596,0.025277753233155176
P03,L2,L2_2k,2k,NR,350,beta,0.1416525372491269,0.08507933947350943,-0.05657319777561748,-0.15276751264985355,0.03242026455193402
P03,L2,L2_2k,2k,R,50,beta,0.023843434329281515,0.01378665673676982,-0.010056777592511695,-0.04321822753587123,0.007007740687998988
P03,L2,L2_2k,2k,R,100,beta,0.025535727654504296,0.014489389014078407,-0.011046338640425889,-0.04445076018015036,0.0074451513244934535
P03,L2,L2_2k,2k,R,150,beta,0.016958212762147686,0.009651106431782495,-0.007307106330365191,-0.03219754540915784,0.0045667108812241855
P03,L2,L2_2k,2k,R,200,beta,0.019611758493693364,0.011258314657832332,-0.008353443835861032,-0.03389222690284299,0.005232542763668809
P03,L2,L2_2k,2k,R,250,beta,0.025206051802373106,0.014236166267732782,-0.010969885534640324,-0.041511739181527646,0.006165505129334113
P03,L2,L2_2k,2k,R,300,beta,0.010290699976395756,0.005832961352973356,-0.004457738623422401,-0.02058033186828585,0.0028457106792240585
P03,L2,L2_2k,2k,R,350,beta,0.021806217691096613,0.012434418688069715,-0.009371799003026898,-0.03569182990248226,0.004990921352149644
P04,L0,L0_14k,14k,NR,50,beta,NA,NA,NA,NA,NA
P04,L0,L0_14k,14k,NR,100,beta,NA,NA,NA,NA,NA
P04,L0,L0_14k,14k,NR,150,beta,NA,NA,NA,NA,NA
P04,L0,L0_14k,14k,NR,200,beta,NA,NA,NA,NA,NA
P04,L0,L0_14k,14k,NR,250,beta,NA,NA,NA,NA,NA
P04,L0,L0_14k,14k,NR,300,beta,NA,NA,NA,NA,NA
P04,L0,L0_14k,14k,NR,350,beta,NA,NA,NA,NA,NA
P04,L0,L0_14k,14k,R,50,beta,NA,NA,NA,NA,NA
P04,L0,L0_14k,14k,R,100,beta,NA,NA,NA,NA,NA
P04,L0,L0_14k,14k,R,150,beta,NA,NA,NA,NA,NA
P04,L0,L0_14k,14k,R,200,beta,NA,NA,NA,NA,NA
P04,L0,L0_14k,14k,R,250,beta,NA,NA,NA,NA,NA
P04,L0,L0_14k,14k,R,300,beta,NA,NA,NA,NA,NA
P04,L0,L0_14k,14k,R,350,beta,NA,NA,NA,NA,NA
P04,L0,L0_2k,2k,NR,50,beta,NA,NA,NA,NA,NA
P04,L0,L0_2k,2k,NR,100,beta,NA,NA,NA,NA,NA
P04,L0,L0_2k,2k,NR,150,beta,NA,NA,NA,NA,NA
P04,L0,L0_2k,2k,NR,200,beta,NA,NA,NA,NA,NA
P04,L0,L0_2k,2k,NR,250,beta,NA,NA,NA,NA,NA
P04,L0,L0_2k,2k,NR,300,beta,NA,NA,NA,NA,NA
P04,L0,L0_2k,2k,NR,350,beta,NA,NA,NA,NA,NA
P04,L0,L0_2k,2k,R,50,beta,NA,NA,NA,NA,NA
P04,L0,L0_2k,2k,R,100,beta,NA,NA,NA,NA,NA
P04,L0,L0_2k,2k,R,150,beta,NA,NA,NA,NA,NA
P04,L0,L0_2k,2k,R,200,beta,NA,NA,NA,NA,NA
P04,L0,L0_2k,2k,R,250,beta,NA,NA,NA,NA,NA
P04,L0,L0_2k,2k,R,300,beta,NA,NA,NA,NA,NA
P04,L0,L0_2k,2k,R,350,beta,NA,NA,NA,NA,NA
P04,L1,L1_14k,14k,NR,50,beta,NA,NA,NA,NA,NA
P04,L1,L1_14k,14k,NR,100,beta,NA,NA,NA,NA,NA
P04,L1,L1_14k,14k,NR,150,beta,NA,NA,NA,NA,NA
P04,L1,L1_14k,14k,NR,200,beta,NA,NA,NA,NA,NA
P04,L1,L1_14k,14k,NR,250,beta,NA,NA,NA,NA,NA
P04,L1,L1_14k,14k,NR,300,beta,NA,NA,NA,NA,NA
P04,L1,L1_14k,14k,NR,350,beta,NA,NA,NA,NA,NA
P04,L1,L1_14k,14k,R,50,beta,NA,NA,NA,NA,NA
P04,L1,L1_14k,14k,R,100,beta,NA,NA,NA,NA,NA
P04,L1,L1_14k,14k,R,150,beta,NA,NA,NA,NA,NA
P04,L1,L1_14k,14k,R,200,beta,NA,NA,NA,NA,NA
P04,L1,L1_14k,14k,R,250,beta,NA,NA,NA,NA,NA
P04,L1,L1_14k,14k,R,300,beta,NA,NA,NA,NA,NA
P04,L1,L1_14k,14k,R,350,beta,NA,NA,NA,NA,NA
P04,L1,L1_2k,2k,NR,50,beta,NA,NA,NA,NA,NA
P04,L1,L1_2k,2k,NR,100,beta,NA,NA,NA,NA,NA
P04,L1,L1_2k,2k,NR,150,beta,NA,NA,NA,NA,NA
P04,L1,L1_2k,2k,NR,200,beta,NA,NA,NA,NA,NA
P04,L1,L1_2k,2k,NR,250,beta,NA,NA,NA,NA,NA
P04,L1,L1_2k,2k,NR,300,beta,NA,NA,NA,NA,NA
P04,L1,L1_2k,2k,NR,350,beta,NA,NA,NA,NA,NA
P04,L1,L1_2k,2k,R,50,beta,NA,NA,NA,NA,NA
P04,L1,L1_2k,2k,R,100,beta,NA,NA,NA,NA,NA
P04,L1,L1_2k,2k,R,150,beta,NA,NA,NA,NA,NA
P04,L1,L1_2k,2k,R,200,beta,NA,NA,NA,NA,NA
P04,L1,L1_2k,2k,R,250,beta,NA,NA,NA,NA,NA
P04,L1,L1_2k,2k,R,300,beta,NA,NA,NA,NA,NA
P04,L1,L1_2k,2k,R,350,beta,NA,NA,NA,NA,NA
P04,L2,L2_14k,14k,NR,50,beta,0.09417266388982895,0.07084529078464369,-0.023327373105185262,-0.2018899234694232,0.053835656136325606
P04,L2,L2_14k,14k,NR,100,beta,0.07492522546152341,0.05605374931528613,-0.018871476146237284,-0.17439783566954825,0.0423043009511129
P04,L2,L2_14k,14k,NR,150,beta,0.07697247279869777,0.05841636734692236,-0.018556105451775412,-0.1695221497216708,0.04332971401539311
P04,L2,L2_14k,14k,NR,200,beta,0.0559967330918682,0.042134951678417944,-0.013861781413450257,-0.13307515744541065,0.030546863419128874
P04,L2,L2_14k,14k,NR,250,beta,0.0451692141728401,0.03346819926436623,-0.011701014908473875,-0.11649380886218261,0.023826397566940674
P04,L2,L2_14k,14k,NR,300,beta,0.04023176803897463,0.029968224900123075,-0.010263543138851555,-0.09676122422810882,0.02189172603943352
P04,L2,L2_14k,14k,NR,350,beta,0.036874082304086786,0.0275749363573976,-0.009299145946689187,-0.08773377784187764,0.019298700887998184
P04,L2,L2_14k,14k,R,50,beta,0.02500057517312601,0.018290777168324168,-0.006709798004801842,-0.04916290527306057,0.011887451171991375
P04,L2,L2_14k,14k,R,100,beta,0.033148695588545635,0.02458861476143103,-0.008560080827114604,-0.06019356412808707,0.0163427723329578
P04,L2,L2_14k,14k,R,150,beta,0.03139111232064394,0.02325644452093894,-0.008134667799705002,-0.04906899395690396,0.014026605667153287
P04,L2,L2_14k,14k,R,200,beta,0.02641894799824182,0.019652176797373733,-0.006766771200868087,-0.04540871372223211,0.012408531354399748
P04,L2,L2_14k,14k,R,250,beta,0.029770857597250986,0.02237912715523115,-0.0073917304420198365,-0.051638079156850855,0.015137914867701562
P04,L2,L2_14k,14k,R,300,beta,0.04092777985790989,0.030211347298754406,-0.010716432559155487,-0.06887704454058632,0.0202431636141703
P04,L2,L2_14k,14k,R,350,beta,0.028950164635355064,0.021488796007202465,-0.007461368628152599,-0.05569527407513969,0.014556322793391273
P04,L2,L2_2k,2k,NR,50,beta,0.11852577651854534,0.09034627767285296,-0.02817949884569239,-0.2551063848896329,0.07017933795464854
P04,L2,L2_2k,2k,NR,100,beta,0.08569908488321729,0.06535309861967432,-0.02034598626354296,-0.19134418566579936,0.050387173145130096
P04,L2,L2_2k,2k,NR,150,beta,0.11558735830891309,0.0888722138410321,-0.026715144467880994,-0.2510137378075523,0.0691967278243544
P04,L2,L2_2k,2k,NR,200,beta,0.07083396386534344,0.0530157285304446,-0.017818235334898833,-0.164453383637438,0.04008654604593092
P04,L2,L2_2k,2k,NR,250,beta,0.04745572582976003,0.035660766390393964,-0.011794959439366065,-0.11969517560398775,0.025704812915548714
P04,L2,L2_2k,2k,NR,300,beta,0.04505289877307285,0.03412697505834324,-0.010925923714729613,-0.10783359009640499,0.024018648340550112
P04,L2,L2_2k,2k,NR,350,beta,0.04541961986835778,0.0345593963957839,-0.010860223472573885,-0.11052914223224158,0.025295761376858857
P04,L2,L2_2k,2k,R,50,beta,0.024764699432243353,0.018560916237355875,-0.006203783194887479,-0.045506487896622115,0.011918184460314549
P04,L2,L2_2k,2k,R,100,beta,0.029966648713559772,0.02261948655959044,-0.007347162153969331,-0.055843671282029814,0.014713238588586898
P04,L2,L2_2k,2k,R,150,beta,0.03189040740123716,0.024285774019416628,-0.00760463338182053,-0.04941673294445137,0.015124808212380618
P04,L2,L2_2k,2k,R,200,beta,0.026321262283435155,0.01965859050502796,-0.006662671778407195,-0.04439586574088949,0.012272908870932278
P04,L2,L2_2k,2k,R,250,beta,0.029193579054817176,0.02198560850429742,-0.007207970550519756,-0.050229644988100265,0.01408483498204368
P04,L2,L2_2k,2k,R,300,beta,0.04282983489071816,0.0323207031479875,-0.01050913174273066,-0.06860395183912826,0.020922227381376297
P04,L2,L2_2k,2k,R,350,beta,0.025278160335735864,0.019018663367166438,-0.006259496968569426,-0.05052324907721922,0.012401010895407228
